1C2H2O2Ti3-1-2--1_0_0_-1-Iz--0.33_-0.67.vasp,0.0,0.0
1C2H2O2Ti3-1-2--1_0_0_-1-Iz--0.67_-0.33.vasp,0.0,0.0
1C2H2O2Ti3-1-2-1_0_0_1--0.67_-0.33.vasp,0.0,0.0
1C2F2Y3-1-2--1_0_0_-1-Iz-0.5_0.vasp,0.0,0.0
1C2O2Nb3-1-2--1_0_0_-1-Iz--0.33_-0.67.vasp,0.0,0.0
1C2O2Nb3-1-2--1_0_0_-1-Iz--0.67_-0.33.vasp,0.0,0.0
1C2O2Nb3-1-2-1_0_0_1--0.67_-0.33.vasp,0.0,0.0
1C2O2Ta3-1-2--1_0_0_-1-Iz--0.33_-0.67.vasp,0.0,0.0
1C2O2Ta3-1-2--1_0_0_-1-Iz--0.67_-0.33.vasp,0.0,0.0
1C2O2Ta3-1-2-1_0_0_1--0.67_-0.33.vasp,0.0,0.0
1C2O2Ti3-1-2--1_0_0_-1-Iz--0.33_-0.67.vasp,0.0,0.0
1C2O2Ti3-1-2--1_0_0_-1-Iz--0.67_-0.33.vasp,0.0,0.0
1C2O2Ti3-1-2-1_0_0_1--0.67_-0.33.vasp,0.0,0.0
1F2N2Y3-1-2--1_0_0_-1-Iz--0.33_-0.67.vasp,0.0,0.0
1F2N2Y3-1-2-1_0_0_1--0.67_-0.33.vasp,0.0,0.0
1N2O2Hf3-1-2--1_0_0_-1-Iz--0.33_-0.67.vasp,0.208,0.319780037
1N2O2Hf3-1-2--1_0_0_-1-Iz--0.67_-0.33.vasp,0.285,0.319780037
1N2O2Hf3-1-2-1_0_0_1--0.67_-0.33.vasp,0.209,0.319780037
1N2O2Ti3-1-2--1_0_0_-1-Iz--0.33_-0.67.vasp,0.0,0.0
1N2O2Ti3-1-2--1_0_0_-1-Iz--0.67_-0.33.vasp,0.0,0.0
1N2O2Ti3-1-2-1_0_0_1--0.67_-0.33.vasp,0.0,0.0
1N2O2Ti3-1-2-1_0_0_1-0_0.vasp,0.0,0.0
1N2O2V3-1-2--1_0_0_-1-Iz--0.33_-0.67.vasp,0.0,0.0
1N2O2V3-1-2--1_0_0_-1-Iz--0.67_-0.33.vasp,0.0,0.0
1N2O2V3-1-2-1_0_0_1--0.67_-0.33.vasp,0.0,0.0
1Al2Mg2Se5-1-2--1_0_0_-1--0.33_-0.67.vasp,1.0,1.113907419
1Al2Mg2Se5-1-2--1_0_0_-1-0_0.vasp,1.015,1.113907419
1Al2Mg2Se5-1-2-1_0_0_1--0.33_-0.67.vasp,0.988,1.113907419
1Al2Mg2Se5-1-2-1_0_0_1--0.67_-0.33.vasp,1.017,1.113907419
1Al2Mg2Se5-1-2-1_0_0_1-0_0.vasp,1.019,1.113907419
1Ga2Mn2S5-1-2--1_0_0_-1-0_-1.0.vasp,0.17,0.0
1Ga2Mn2S5-1-2-1_0_0_1--0.67_-0.33.vasp,0.159,0.0
1Ga2Mn2S5-1-2-1_0_0_1--1.0_0.vasp,0.184,0.0
1Bi2S3-1-2--1_0_0_-1--0.32_0.78.vasp,0.192,0.469992577
1Bi2S3-1-2--1_0_0_-1--0.65_0.12.vasp,0.321,0.469992577
1Bi2S3-1-2--1_0_0_-1-0.29_0.58.vasp,0.218,0.469992577
1Bi2S3-1-2--1_0_0_-1-0.5_0.vasp,0.311,0.469992577
1Bi2S3-1-2--1_0_0_-1-Iz-0.5_0.vasp,0.242,0.469992577
1Bi2S3-1-2-0_1_1_0-Iz-0.29_0.58.vasp,0.216,0.469992577
1Bi2S3-1-2-1_0_0_1--0.33_0.33.vasp,0.319,0.469992577
1Bi2S3-1-2-1_0_0_1-0.33_0.67.vasp,0.183,0.469992577
1Bi2S3-1-2-1_0_0_1-0.5_0.vasp,0.289,0.469992577
1Bi2S3-1-2-1_0_0_1-0.79_0.58.vasp,0.309,0.469992577
1Bi2S3-1-2-1_0_0_1-0_0.vasp,0.242,0.469992577
1C2Y3-1-2--1_0_0_-1-Iz--0.33_-0.67.vasp,0.0,0.0
1C2Y3-1-2--1_0_0_-1-Iz--0.67_-0.33.vasp,0.0,0.0
1C2Y3-1-2--1_0_0_-1-Iz-0_0.vasp,0.0,0.0
1C2Y3-1-2-1_0_0_1--0.67_-0.33.vasp,0.0,0.0
1C2Y3-1-2-1_0_0_1-0_0.vasp,0.0,0.0
1Sb2Se3-1-2--1_0_0_-1--0.33_0.72.vasp,0.221,0.421131925
1Sb2Se3-1-2--1_0_0_-1--0.66_0.06.vasp,0.269,0.421131925
1Sb2Se3-1-2--1_0_0_-1-0.29_0.58.vasp,0.208,0.421131925
1Sb2Se3-1-2--1_0_0_-1-0.5_0.vasp,0.26,0.421131925
1Sb2Se3-1-2--1_0_0_-1-Iz-0.5_0.vasp,0.242,0.421131925
1Sb2Se3-1-2-0_1_1_0-Iz-0.29_0.58.vasp,0.214,0.421131925
1Sb2Se3-1-2-1_0_0_1--0.33_0.33.vasp,0.27,0.421131925
1Sb2Se3-1-2-1_0_0_1-0.33_0.67.vasp,0.195,0.421131925
1Sb2Se3-1-2-1_0_0_1-0.5_0.vasp,0.242,0.421131925
1Sb2Se3-1-2-1_0_0_1-0.79_0.58.vasp,0.26,0.421131925
1Sb2Se3-1-2-1_0_0_1-0_0.vasp,0.262,0.421131925
1Sb2Se3-1-2-1_0_0_1-Iz-0.79_0.58.vasp,0.218,0.421131925
1Sb2Te3-1-2--1_0_0_-1--0.03_-0.36.vasp,0.185,0.337208884
1Sb2Te3-1-2--1_0_0_-1-0.5_0.vasp,0.104,0.337208884
1Sb2Te3-1-2--1_0_0_-1-0.64_-0.03.vasp,0.119,0.337208884
1Sb2Te3-1-2--1_0_0_-1-0.79_0.58.vasp,0.171,0.337208884
1Sb2Te3-1-2--1_0_0_-1-Iz-0.29_0.58.vasp,0.148,0.337208884
1Sb2Te3-1-2--1_0_0_-1-Iz-0.79_0.58.vasp,0.163,0.337208884
1Sb2Te3-1-2--1_1_0_1-Iz-0.5_0.vasp,0.12,0.337208884
1Sb2Te3-1-2-1_0_0_1-0.33_-0.33.vasp,0.181,0.337208884
1Sb2Te3-1-2-1_0_0_1-0.5_0.vasp,0.139,0.337208884
1Sb2Te3-1-2-1_0_0_1-0.67_0.33.vasp,0.053,0.337208884
1Sb2Te3-1-2-1_0_0_1-0.79_0.58.vasp,0.082,0.337208884
1Sb2Te3-1-2-1_0_0_1-0_0.vasp,0.167,0.337208884
1Sb2Te3-1-2-1_0_0_1-Iz-0.5_0.vasp,0.095,0.337208884
2As2O3-1-2--1_0_0_-1-Iz--0.09_-0.69.vasp,4.016,4.256006969
2As2O3-1-2--1_0_0_-1-Iz--0.11_-0.39.vasp,3.987,4.256006969
2As2O3-1-2--1_0_0_-1-Iz--0.46_0.4.vasp,4.053,4.256006969
2As2O3-1-2--1_0_0_-1-Iz--0.49_-0.29.vasp,3.943,4.256006969
2As2O3-1-2--1_0_0_-1-Iz--0.49_-0.48.vasp,4.024,4.256006969
2As2O3-1-2--1_0_0_-1-Iz--0.59_-0.19.vasp,4.089,4.256006969
2As2O3-1-2--1_0_0_-1-Iz--0.61_-0.89.vasp,4.141,4.256006969
2As2O3-1-2--1_0_0_-1-Iz--0.96_-0.1.vasp,4.033,4.256006969
2As2O3-1-2--1_0_0_-1-Iz--0.99_-0.98.vasp,4.055,4.256006969
2As2O3-1-2--1_0_0_-1-Iz-0.27_-0.29.vasp,4.001,4.256006969
2As2O3-1-2--1_0_0_-1-Iz-0.29_0.41.vasp,4.066,4.256006969
2As2O3-1-2--1_0_0_-1-Iz-0.47_0.36.vasp,4.054,4.256006969
2As2O3-1-2--1_0_0_-1-Iz-0.77_0.21.vasp,4.012,4.256006969
2As2O3-1-2--1_0_0_-1-Iz-0.79_-0.09.vasp,4.04,4.256006969
2As2O3-1-2-1_0_0_1--0.03_-0.88.vasp,4.001,4.256006969
2As2O3-1-2-1_0_0_1--0.35_-0.04.vasp,4.065,4.256006969
2As2O3-1-2-1_0_0_1--0.35_0.79.vasp,4.012,4.256006969
2As2O3-1-2-1_0_0_1--0.36_-0.05.vasp,4.07,4.256006969
2As2O3-1-2-1_0_0_1--0.38_-0.09.vasp,4.068,4.256006969
2As2O3-1-2-1_0_0_1--0.4_-0.79.vasp,4.014,4.256006969
2As2O3-1-2-1_0_0_1--0.5_-0.5.vasp,4.007,4.256006969
2As2O3-1-2-1_0_0_1--0.88_-0.59.vasp,4.062,4.256006969
2As2O3-1-2-1_0_0_1-0.04_0.5.vasp,4.108,4.256006969
2As2O3-1-2-1_0_0_1-0_0.5.vasp,4.114,4.256006969
2As2O3-1-2-1_0_0_1-0_0.vasp,3.988,4.256006969
2Ta2Te3-1-2--1_0_0_-1--0.13_0.74.vasp,0.0,0.0
2Ta2Te3-1-2--1_0_0_-1--0.17_-0.33.vasp,0.0,0.0
2Ta2Te3-1-2--1_0_0_-1--0.21_0.59.vasp,0.0,0.0
2Ta2Te3-1-2--1_0_0_-1--0.2_0.59.vasp,0.0,0.0
2Ta2Te3-1-2--1_0_0_-1--0.32_-0.64.vasp,0.0,0.0
2Ta2Te3-1-2--1_0_0_-1--0.36_0.28.vasp,0.0,0.0
2Ta2Te3-1-2--1_0_0_-1--0.54_-0.09.vasp,0.0,0.0
2Ta2Te3-1-2--1_0_0_-1-0.12_0.24.vasp,0.0,0.0
2Ta2Te3-1-2--1_0_0_-1-0.5_0.vasp,0.0,0.0
2Ta2Te3-1-2--1_0_0_-1-0.75_0.51.vasp,0.0,0.0
2Ta2Te3-1-2--1_0_0_-1-Iz-0.75_0.51.vasp,0.0,0.0
2Ta2Te3-1-2-1_0_0_1--0.08_-0.15.vasp,0.0,0.0
2Ta2Te3-1-2-1_0_0_1--0.15_0.71.vasp,0.0,0.0
2Ta2Te3-1-2-1_0_0_1--0.19_-0.37.vasp,0.0,0.0
2Ta2Te3-1-2-1_0_0_1--0.22_0.55.vasp,0.0,0.0
2Ta2Te3-1-2-1_0_0_1--0.38_0.24.vasp,0.0,0.0
2Ta2Te3-1-2-1_0_0_1--0.48_0.04.vasp,0.0,0.0
2Ta2Te3-1-2-1_0_0_1--0.81_-0.63.vasp,0.0,0.0
2Ta2Te3-1-2-1_0_0_1-0.15_-0.71.vasp,0.0,0.0
2Ta2Te3-1-2-1_0_0_1-0.1_0.2.vasp,0.0,0.0
2Ta2Te3-1-2-1_0_0_1-0.38_-0.24.vasp,0.0,0.0
2Ta2Te3-1-2-1_0_0_1-0.42_0.83.vasp,0.0,0.0
2Ta2Te3-1-2-1_0_0_1-0.43_0.85.vasp,0.0,0.0
2Ta2Te3-1-2-1_0_0_1-0.43_0.86.vasp,0.0,0.0
2Ta2Te3-1-2-1_0_0_1-0.46_-0.09.vasp,0.0,0.0
2Ta2Te3-1-2-1_0_0_1-0.53_0.06.vasp,0.0,0.0
2Ta2Te3-1-2-1_0_0_1-0.56_0.13.vasp,0.0,0.0
2Ta2Te3-1-2-1_0_0_1-0.66_0.32.vasp,0.0,0.0
2Ta2Te3-1-2-1_0_0_1-0_0.vasp,0.0,0.0
1F2C3Hf4-1-2-1_-1_1_0--0.33_0.33.vasp,0.0,0.0
1F2C3Hf4-1-2-1_0_0_1--0.33_0.33.vasp,0.0,0.0
1F2C3Hf4-1-2-1_0_0_1-0_0.vasp,0.0,0.0
1F2C3Ti4-1-2-1_-1_1_0--0.33_0.33.vasp,0.0,0.0
1F2C3Ti4-1-2-1_-1_1_0-0_0.vasp,0.0,0.0
1F2C3Ti4-1-2-1_0_0_1--0.33_0.33.vasp,0.0,0.0
1F2C3Ti4-1-2-1_0_0_1-0.33_0.67.vasp,0.0,0.0
1F2C3Ti4-1-2-1_0_0_1-0_0.vasp,0.0,0.0
1F2C3Y4-1-2-1_0_0_1--0.33_0.33.vasp,0.0,0.0
1F2C3Zr4-1-2-1_-1_1_0--0.33_0.33.vasp,0.0,0.0
1F2C3Zr4-1-2-1_0_0_1--0.33_0.33.vasp,0.0,0.0
1F2C3Zr4-1-2-1_0_0_1-0_0.vasp,0.0,0.0
1F2N3Sc4-1-2-1_-1_1_0--0.33_0.33.vasp,0.0,0.0
1F2N3Sc4-1-2-1_0_0_1--0.33_0.33.vasp,0.0,0.0
1F2N3Sc4-1-2-1_0_0_1-0_0.vasp,0.0,0.0
1F2N3Y4-1-2-1_-1_1_0--0.33_0.33.vasp,0.0,0.0
1F2N3Y4-1-2-1_0_0_1--0.33_0.33.vasp,0.0,0.0
1O2C3Hf4-1-2-1_-1_1_0--0.33_0.33.vasp,0.0,0.0
1O2C3Hf4-1-2-1_0_0_1--0.33_0.33.vasp,0.0,0.0
1O2C3Nb4-1-2-1_-1_1_0--0.33_0.33.vasp,0.0,0.0
1O2C3Nb4-1-2-1_0_0_1--0.33_0.33.vasp,0.0,0.0
1O2C3Nb4-1-2-1_0_0_1-0_0.vasp,0.0,0.0
1O2C3Ti4-1-2-1_-1_1_0--0.33_0.33.vasp,0.0,0.0
1O2C3Ti4-1-2-1_0_0_1--0.33_0.33.vasp,0.0,0.0
1O2C3Ti4-1-2-1_0_0_1-0_0.vasp,0.0,0.0
1O2C3Zr4-1-2-1_0_0_1--0.33_0.33.vasp,0.0,0.0
1O2N3Hf4-1-2-1_-1_1_0--0.33_0.33.vasp,0.0,0.0
1O2N3Hf4-1-2-1_0_0_1--0.33_0.33.vasp,0.0,0.0
1O2N3Hf4-1-2-1_0_0_1-0_0.vasp,0.0,0.0
1O2N3Ti4-1-2-1_-1_1_0--0.33_0.33.vasp,0.0,0.0
1O2N3Ti4-1-2-1_0_0_1--0.33_0.33.vasp,0.0,0.0
1O2N3Ti4-1-2-1_0_0_1-0_0.vasp,0.0,0.0
1In2Te5-1-2--1_0_0_-1--0.04_-0.14.vasp,0.915,1.080264839
1In2Te5-1-2--1_0_0_-1--0.35_0.24.vasp,0.867,1.080264839
1In2Te5-1-2--1_0_0_-1-0.19_0.32.vasp,0.788,1.080264839
1In2Te5-1-2--1_0_0_-1-0.26_-0.54.vasp,0.856,1.080264839
1In2Te5-1-2--1_0_0_-1-0.27_-0.53.vasp,0.861,1.080264839
1In2Te5-1-2--1_0_0_-1-0.42_-0.22.vasp,0.977,1.080264839
1In2Te5-1-2--1_0_0_-1-0.5_-0.07.vasp,0.862,1.080264839
1In2Te5-1-2--1_0_0_-1-0.73_0.39.vasp,0.857,1.080264839
1In2Te5-1-2--1_0_0_-1-Iz-0.26_0.52.vasp,0.898,1.080264839
1In2Te5-1-2--1_0_0_-1-Iz-0.5_0.vasp,0.888,1.080264839
1In2Te5-1-2--1_0_0_-1-Iz-0.73_0.39.vasp,0.933,1.080264839
1In2Te5-1-2-1_0_0_1--0.23_-0.46.vasp,0.865,1.080264839
1In2Te5-1-2-1_0_0_1--0.31_0.38.vasp,0.854,1.080264839
1In2Te5-1-2-1_0_0_1--0.31_0.39.vasp,0.85,1.080264839
1In2Te5-1-2-1_0_0_1--0.54_-0.08.vasp,0.902,1.080264839
1In2Te5-1-2-1_0_0_1--0.55_-0.11.vasp,0.897,1.080264839
1In2Te5-1-2-1_0_0_1--0.6_-0.2.vasp,0.858,1.080264839
1In2Te5-1-2-1_0_0_1--0.83_-0.66.vasp,0.864,1.080264839
1In2Te5-1-2-1_0_0_1-0.23_0.46.vasp,0.89,1.080264839
1In2Te5-1-2-1_0_0_1-0.23_0.47.vasp,0.885,1.080264839
1In2Te5-1-2-1_0_0_1-0.29_0.59.vasp,0.861,1.080264839
1In2Te5-1-2-1_0_0_1-0.54_0.08.vasp,0.9,1.080264839
1In2Te5-1-2-1_0_0_1-0.5_0.vasp,0.895,1.080264839
1In2Te5-1-2-1_0_0_1-0.6_0.2.vasp,0.908,1.080264839
1In2Te5-1-2-1_0_0_1-0.83_0.66.vasp,0.908,1.080264839
1In2Te5-1-2-1_0_0_1-0_0.vasp,0.859,1.080264839
1In2Te5-1-2-1_0_0_1-Iz-0.5_0.vasp,0.776,1.080264839
1C3Sc4-1-2-1_-1_1_0--0.33_0.33.vasp,0.0,0.0
1C3Sc4-1-2-1_0_0_1-0.33_0.67.vasp,0.0,0.0
1C3Y4-1-2-1_-1_1_0--0.33_0.33.vasp,0.0,0.0
1C3Y4-1-2-1_0_0_1--0.33_0.33.vasp,0.0,0.0
1C3Y4-1-2-1_0_0_1-0.33_0.67.vasp,0.0,0.0
1C3Y4-1-2-1_0_0_1-0_0.vasp,0.0,0.0
1Cr3Te4-1-2--1_0_0_-1--0.33_-0.66.vasp,0.0,0.0
1Cr3Te4-1-2-1_0_0_1-0_0.vasp,0.0,0.0
1N3Y4-1-2-1_-1_1_0--0.33_0.33.vasp,0.0,0.0
1N3Y4-1-2-1_-1_1_0-0_0.vasp,0.0,0.0
1N3Y4-1-2-1_0_0_1-0.33_0.67.vasp,0.0,0.0
1N3Y4-1-2-1_0_0_1-0_0.vasp,0.0,0.0
1BN-1-2--1_0_0_-1-Iz--0.33_0.33.vasp,4.232,4.666851528
1BN-1-2--1_0_0_-1-Iz-0.33_-0.33.vasp,4.271,4.666851528
1BN-1-2--1_0_0_-1-Iz-0_0.vasp,4.511,4.666851528
1BN-1-2-1_0_0_1--0.33_0.33.vasp,4.534,4.666851528
1BN-1-2-1_0_0_1-0_0.vasp,4.234,4.666851528
1GeTe-1-2--1_0_0_-1-Iz--0.33_0.33.vasp,0.369,1.473578449
1HgSe-1-2--1_0_0_-1-Iz-0_0.vasp,0.111,0.117087272
1HgSe-1-2--1_1_-1_0-Iz-0.33_-0.33.vasp,0.038,0.117087272
1HgSe-1-2-1_-1_1_0-0_0.vasp,0.053,0.117087272
1HgSe-1-2-1_0_0_1--0.33_0.33.vasp,0.111,0.117087272
1HgSe-1-2-1_0_0_1-0.33_-0.33.vasp,0.023,0.117087272
1HgTe-1-2--1_0_0_-1-Iz-0_0.vasp,0.13,0.153168519
1HgTe-1-2--1_1_-1_0-Iz-0.33_-0.33.vasp,0.004,0.153168519
1HgTe-1-2-1_-1_1_0-0_0.vasp,0.045,0.153168519
1HgTe-1-2-1_0_0_1--0.33_0.33.vasp,0.211,0.153168519
1HgTe-1-2-1_0_0_1-0.33_-0.33.vasp,0.028,0.153168519
1PbTe-1-2--1_0_0_-1-Iz--0.33_0.33.vasp,0.438,0.929851621
1PbTe-1-2--1_0_0_-1-Iz-0.33_-0.33.vasp,0.527,0.929851621
1PbTe-1-2--1_0_0_-1-Iz-0_0.vasp,0.464,0.929851621
1PbTe-1-2--1_1_-1_0-Iz-0.33_-0.33.vasp,0.398,0.929851621
1PbTe-1-2--1_1_-1_0-Iz-0_0.vasp,0.488,0.929851621
1PbTe-1-2-1_-1_1_0--0.33_0.33.vasp,0.0,0.929851621
1PbTe-1-2-1_-1_1_0-0.33_-0.33.vasp,0.008,0.929851621
1PbTe-1-2-1_0_0_1--0.33_0.33.vasp,0.0,0.929851621
1PbTe-1-2-1_0_0_1-0_0.vasp,0.021,0.929851621
1SeSn-1-2--1_0_0_-1-Iz--0.33_0.33.vasp,0.701,2.176639795
1SeSn-1-2--1_0_0_-1-Iz-0_0.vasp,0.423,2.176639795
1SeSn-1-2--1_1_-1_0-Iz-0.33_-0.33.vasp,0.515,2.176639795
1SeSn-1-2-1_-1_1_0--0.33_0.33.vasp,0.913,2.176639795
1SeSn-1-2-1_-1_1_0-0.33_-0.33.vasp,0.905,2.176639795
1SeSn-1-2-1_0_0_1--0.33_0.33.vasp,0.902,2.176639795
1SeSn-1-2-1_0_0_1-0_0.vasp,0.956,2.176639795
1SnTe-1-2--1_0_0_-1-Iz--0.33_0.33.vasp,0.418,1.582301202
1SnTe-1-2--1_0_0_-1-Iz-0_0.vasp,0.339,1.582301202
1SnTe-1-2--1_1_-1_0-Iz-0.33_-0.33.vasp,0.328,1.582301202
2AgCl-1-2--1_0_0_-1--1.0_-1.0.vasp,1.086,1.568728877
2AgCl-1-2--1_0_0_-1-0.5_0.vasp,1.258,1.568728877
2AgCl-1-2--1_0_0_-1-0.79_0.58.vasp,1.221,1.568728877
2AgCl-1-2-1_-1_0_-1-Iz-0.5_0.vasp,1.324,1.568728877
2AgCl-1-2-1_0_0_1--0.33_-0.67.vasp,1.198,1.568728877
2AgCl-1-2-1_0_0_1-0.5_0.vasp,1.279,1.568728877
2AgCl-1-2-1_0_0_1-0.79_0.58.vasp,1.254,1.568728877
2AgCl-1-2-1_0_0_1-0_0.vasp,1.329,1.568728877
2AgO-1-2--1_0_0_-1--0.5_-0.5.vasp,0.24,0.16386872
2AgO-1-2--1_0_0_-1-0_-0.69.vasp,0.063,0.16386872
2AgO-1-2--1_0_0_-1-0_0.5.vasp,0.217,0.16386872
2AgO-1-2-1_0_0_1--0.5_-0.19.vasp,0.158,0.16386872
2AgO-1-2-1_0_0_1-0.5_0.17.vasp,0.05,0.16386872
2AgO-1-2-1_0_0_1-0.5_0.19.vasp,0.039,0.16386872
2AgO-1-2-1_0_0_1-0.5_0.vasp,0.164,0.16386872
2AgO-1-2-1_0_0_1-0_-0.69.vasp,0.0,0.16386872
2AgO-1-2-1_0_0_1-0_-1.0.vasp,0.161,0.16386872
2AlS-2-2--1_0_0_-1-Iz--0.33_0.33.vasp,1.878,2.085252661
2AlS-2-2--1_0_0_-1-Iz-0.33_-0.33.vasp,1.877,2.085252661
2AlS-2-2--1_0_0_-1-Iz-0_0.vasp,1.803,2.085252661
2AlS-2-2-1_0_0_1-0.33_-0.33.vasp,1.838,2.085252661
2AlS-2-2-1_0_0_1-0_0.vasp,1.868,2.085252661
2AlSe-1-2--1_0_0_-1-Iz--0.33_0.33.vasp,1.731,1.997465295
2AlSe-1-2--1_0_0_-1-Iz-0.33_-0.33.vasp,1.697,1.997465295
2AlSe-1-2--1_0_0_-1-Iz-0_0.vasp,1.613,1.997465295
2AlSe-1-2-1_0_0_1-0.33_-0.33.vasp,1.647,1.997465295
2AlSe-1-2-1_0_0_1-0_0.vasp,1.721,1.997465295
2AlTe-1-2--1_0_0_-1--0.33_0.33.vasp,1.674,1.955444505
2AlTe-1-2--1_0_0_-1-0.5_0.vasp,1.608,1.955444505
2AlTe-1-2--1_0_0_-1-0_0.vasp,1.48,1.955444505
2AlTe-1-2--1_0_0_-1-Iz-0.79_0.58.vasp,1.564,1.955444505
2AlTe-1-2-1_0_0_1--0.33_0.33.vasp,1.471,1.955444505
2AlTe-1-2-1_0_0_1--0.67_-0.33.vasp,1.686,1.955444505
2AlTe-1-2-1_0_0_1-0.5_0.vasp,1.61,1.955444505
2AlTe-1-2-1_0_0_1-0.79_0.58.vasp,1.501,1.955444505
2AlTe-1-2-1_0_0_1-0_0.vasp,1.493,1.955444505
2AlTe-1-2-1_0_0_1-Iz-0.5_0.vasp,1.524,1.955444505
2AlTe-2-2--1_0_0_-1-Iz--0.33_0.33.vasp,1.475,1.74798174
2AlTe-2-2--1_0_0_-1-Iz-0.33_-0.33.vasp,1.334,1.74798174
2AlTe-2-2--1_0_0_-1-Iz-0_0.vasp,1.318,1.74798174
2AlTe-2-2-1_0_0_1-0.33_-0.33.vasp,1.318,1.74798174
2AlTe-2-2-1_0_0_1-0_0.vasp,1.472,1.74798174
2AuBr-1-2-1_0_0_1--0.25_0.25.vasp,1.735,1.985337885
2AuBr-1-2-1_0_0_1-0.5_-0.01.vasp,1.74,1.985337885
2AuBr-1-2-1_0_0_1-0.5_0.5.vasp,1.723,1.985337885
2AuBr-1-2-1_0_0_1-0_0.vasp,1.63,1.985337885
2AuO-1-2--1_0_0_-1--0.5_-0.19.vasp,0.069,0.173520448
2AuO-1-2--1_0_0_-1--0.5_-0.5.vasp,0.211,0.173520448
2AuO-1-2--1_0_0_-1-0_-0.69.vasp,0.119,0.173520448
2AuO-1-2--1_0_0_-1-0_0.5.vasp,0.199,0.173520448
2AuO-1-2-1_0_0_1--0.5_-0.19.vasp,0.138,0.173520448
2AuO-1-2-1_0_0_1--0.5_-0.5.vasp,0.086,0.173520448
2AuO-1-2-1_0_0_1-0.5_0.19.vasp,0.157,0.173520448
2AuO-1-2-1_0_0_1-0.5_0.vasp,0.213,0.173520448
2AuO-1-2-1_0_0_1-0_-0.69.vasp,0.023,0.173520448
2AuO-1-2-1_0_0_1-0_-1.0.vasp,0.192,0.173520448
2AuS-1-2--1_0_0_-1--0.5_-0.5.vasp,1.069,1.216339228
2AuS-1-2--1_0_0_-1-0_0.5.vasp,1.041,1.216339228
2AuS-1-2-1_0_0_1-0.5_0.16.vasp,0.995,1.216339228
2AuS-1-2-1_0_0_1-0.5_0.18.vasp,0.976,1.216339228
2AuSe-1-2--1_0_0_-1--0.5_-0.5.vasp,0.751,0.955887504
2AuSe-1-2-1_0_0_1-0.5_0.17.vasp,0.615,0.955887504
2AuTe-1-2--1_0_0_-1--0.5_-0.5.vasp,0.438,0.6181339
2AuTe-1-2-1_0_0_1-0.5_0.17.vasp,0.232,0.6181339
2AuTe-1-2-1_0_0_1-0.5_0.19.vasp,0.185,0.6181339
2BrCs-1-2-1_0_0_1--0.5_0.vasp,4.007,4.080418573
2BrCu-1-2--1_0_0_-1-0_-1.0.vasp,1.826,1.522054166
2BrCu-1-2-1_0_0_1--0.33_-0.67.vasp,1.823,1.522054166
2BrCu-1-2-1_0_0_1--1.0_0.vasp,1.829,1.522054166
2BrCu-2-2-1_0_0_1-0_0.vasp,1.76,1.496000284
2BrHf-1-2--1_0_0_-1--0.67_-0.33.vasp,0.0,0.0
2BrHf-1-2--1_0_0_-1--1.0_-1.0.vasp,0.0,0.0
2BrHf-1-2--1_0_0_-1-0.5_0.vasp,0.0,0.0
2BrHf-1-2--1_0_0_-1-0.79_0.58.vasp,0.0,0.0
2BrHf-1-2--1_0_0_-1-Iz-0.5_0.vasp,0.0,0.0
2BrHf-1-2-1_0_0_1--0.33_-0.67.vasp,0.0,0.0
2BrHf-1-2-1_0_0_1-0.33_0.67.vasp,0.0,0.0
2BrHf-1-2-1_0_0_1-0.5_0.vasp,0.0,0.0
2BrHf-1-2-1_0_0_1-0.79_0.58.vasp,0.0,0.0
2BrHf-1-2-1_0_0_1-0_0.vasp,0.0,0.0
2BrK-1-2-1_0_0_1--0.5_0.vasp,4.095,4.374141645
2BrK-1-2-1_0_0_1-0_0.vasp,3.933,4.374141645
2BrRb-1-2-1_0_0_1--0.5_0.vasp,3.99,4.180139978
2BrTl-1-2--1_0_0_-1--0.67_-0.33.vasp,2.781,3.059580194
2BrTl-1-2--1_0_0_-1--0.99_-0.98.vasp,2.598,3.059580194
2BrTl-1-2--1_0_0_-1-0.5_0.vasp,2.808,3.059580194
2BrTl-1-2--1_0_0_-1-0.78_0.57.vasp,2.693,3.059580194
2BrTl-1-2--1_0_0_-1-Iz-0.5_0.vasp,2.801,3.059580194
2BrTl-1-2-1_0_0_1--0.02_-0.03.vasp,2.87,3.059580194
2BrTl-1-2-1_0_0_1--0.32_-0.64.vasp,2.838,3.059580194
2BrTl-1-2-1_0_0_1-0.32_0.64.vasp,2.863,3.059580194
2BrTl-1-2-1_0_0_1-0.5_0.vasp,2.844,3.059580194
2BrTl-1-2-1_0_0_1-0.78_0.57.vasp,2.811,3.059580194
2BrTl-1-2-1_0_0_1-0_0.vasp,2.863,3.059580194
2BrZr-2-2--1_0_0_-1--0.67_-0.33.vasp,0.0,0.0
2BrZr-2-2--1_0_0_-1-0_0.vasp,0.0,0.0
2BrZr-2-2-1_0_0_1--0.33_-0.67.vasp,0.0,0.0
2BrZr-2-2-1_0_0_1--0.67_-0.33.vasp,0.0,0.0
2BrZr-2-2-1_0_0_1--1.0_-1.0.vasp,0.0,0.0
2CaCl-1-2-1_0_0_1--0.5_-0.5.vasp,0.0,0.0
2CaCl-1-2-1_0_0_1-0.5_0.vasp,0.0,0.0
2CaCl-1-2-1_0_0_1-0_0.vasp,0.0,0.0
2CdS-1-2--1_0_0_-1--1.0_-1.0.vasp,1.319,1.785819904
2CdS-1-2--1_0_0_-1-0.79_0.58.vasp,1.387,1.785819904
2CdS-1-2-1_0_0_1--0.33_-0.67.vasp,1.298,1.785819904
2CdS-1-2-1_0_0_1-0.79_0.58.vasp,1.349,1.785819904
2CdS-1-2-1_0_0_1-0_0.vasp,1.531,1.785819904
2CdSe-1-2--1_0_0_-1--0.67_-0.33.vasp,1.125,1.402387609
2CdSe-1-2--1_0_0_-1--1.0_-1.0.vasp,1.054,1.402387609
2CdSe-1-2--1_0_0_-1-0.5_0.vasp,1.054,1.402387609
2CdSe-1-2--1_0_0_-1-0.79_0.58.vasp,1.07,1.402387609
2CdSe-1-2--1_0_0_-1-Iz-0.5_0.vasp,1.073,1.402387609
2CdSe-1-2-1_0_0_1--0.33_-0.67.vasp,0.951,1.402387609
2CdSe-1-2-1_0_0_1-0.33_0.67.vasp,1.138,1.402387609
2CdSe-1-2-1_0_0_1-0.5_0.vasp,1.048,1.402387609
2CdSe-1-2-1_0_0_1-0.79_0.58.vasp,1.029,1.402387609
2CdSe-1-2-1_0_0_1-0_0.vasp,1.14,1.402387609
2CdTe-1-2--1_0_0_-1--0.67_-0.33.vasp,0.563,0.632554623
2CdTe-1-2--1_0_0_-1--1.0_-1.0.vasp,0.547,0.632554623
2CdTe-1-2--1_0_0_-1-0.5_0.vasp,0.605,0.632554623
2CdTe-1-2--1_0_0_-1-0.79_0.58.vasp,0.556,0.632554623
2CdTe-1-2--1_0_0_-1-Iz-0.5_0.vasp,0.615,0.632554623
2CdTe-1-2-1_0_0_1--0.33_-0.67.vasp,0.545,0.632554623
2CdTe-1-2-1_0_0_1-0.33_0.67.vasp,0.566,0.632554623
2CdTe-1-2-1_0_0_1-0.5_0.vasp,0.598,0.632554623
2CdTe-1-2-1_0_0_1-0.79_0.58.vasp,0.563,0.632554623
2CdTe-1-2-1_0_0_1-0_0.vasp,0.531,0.632554623
2ClCs-1-2-1_0_0_1--0.5_0.vasp,4.477,4.459816516
2ClHf-1-2--1_0_0_-1--0.67_-0.33.vasp,0.0,0.0
2ClHf-1-2--1_0_0_-1-0.5_0.vasp,0.0,0.0
2ClHf-1-2--1_0_0_-1-0.79_0.58.vasp,0.0,0.0
2ClHf-1-2--1_0_0_-1-0_0.vasp,0.0,0.0
2ClHf-1-2--1_0_0_-1-Iz-0.5_0.vasp,0.0,0.0
2ClHf-1-2-1_0_0_1--0.34_-0.67.vasp,0.0,0.0
2ClHf-1-2-1_0_0_1--0.66_-0.33.vasp,0.0,0.0
2ClHf-1-2-1_0_0_1--1.0_-1.0.vasp,0.0,0.0
2ClHf-1-2-1_0_0_1-0.5_0.vasp,0.0,0.0
2ClHf-1-2-1_0_0_1-0.79_0.58.vasp,0.0,0.0
2ClK-1-2-1_0_0_1--0.5_0.vasp,4.778,4.881867863
2ClPt-1-2--1_0_0_-1--0.67_-0.33.vasp,1.177,1.307933334
2ClPt-1-2--1_0_0_-1--1.33_-0.67.vasp,1.154,1.307933334
2ClPt-1-2--1_0_0_-1-0.5_0.vasp,1.169,1.307933334
2ClPt-1-2--1_0_0_-1-0.79_0.58.vasp,1.158,1.307933334
2ClPt-1-2-1_0_0_1--0.33_0.33.vasp,1.162,1.307933334
2ClPt-1-2-1_0_0_1--0.67_-0.33.vasp,1.171,1.307933334
2ClPt-1-2-1_0_0_1--1.0_0.vasp,1.202,1.307933334
2ClPt-1-2-1_0_0_1-0.5_0.vasp,1.171,1.307933334
2ClPt-1-2-1_0_0_1-0.79_0.58.vasp,1.178,1.307933334
2ClRb-1-2-1_0_0_1--0.5_0.vasp,4.595,4.65104144
2ClSc-1-2--1_0_0_-1--1.0_-1.0.vasp,0.0,0.0
2ClSc-1-2-1_0_0_1--0.33_-0.67.vasp,0.0,0.0
2ClSc-1-2-1_0_0_1-0_0.vasp,0.0,0.0
2ClTl-1-2--1_0_0_-1--0.67_-0.33.vasp,3.221,3.629144392
2ClTl-1-2--1_0_0_-1--1.0_-0.99.vasp,3.095,3.629144392
2ClTl-1-2--1_0_0_-1-0.5_0.vasp,3.228,3.629144392
2ClTl-1-2--1_0_0_-1-0.79_0.57.vasp,3.195,3.629144392
2ClTl-1-2--1_0_0_-1-Iz-0.5_0.vasp,3.285,3.629144392
2ClTl-1-2-1_0_0_1--0.01_-0.02.vasp,3.326,3.629144392
2ClTl-1-2-1_0_0_1--0.33_-0.66.vasp,3.241,3.629144392
2ClTl-1-2-1_0_0_1-0.33_0.66.vasp,3.36,3.629144392
2ClTl-1-2-1_0_0_1-0.5_0.vasp,3.225,3.629144392
2ClTl-1-2-1_0_0_1-0.79_0.57.vasp,3.217,3.629144392
2ClTl-1-2-1_0_0_1-0_0.vasp,3.34,3.629144392
2ClZr-1-2--1_0_0_-1-0.33_-0.33.vasp,0.0,0.0
2ClZr-1-2--1_0_0_-1-0.67_0.33.vasp,0.0,0.0
2ClZr-1-2-1_0_0_1--0.33_-0.67.vasp,0.0,0.0
2ClZr-1-2-1_0_0_1-0.33_-0.33.vasp,0.0,0.0
2ClZr-1-2-1_0_0_1-0_0.vasp,0.0,0.0
2ClZr-2-2--1_0_0_-1--0.67_-0.33.vasp,0.0,0.0
2ClZr-2-2--1_0_0_-1--1.0_-1.0.vasp,0.0,0.0
2ClZr-2-2-1_0_0_1--0.33_-0.67.vasp,0.0,0.0
2ClZr-2-2-1_0_0_1-0.33_0.67.vasp,0.0,0.0
2ClZr-2-2-1_0_0_1-0_0.vasp,0.0,0.0
2CoF-1-2--1_0_0_-1--1.0_-1.0.vasp,0.0,0.0
2CoF-1-2-1_0_0_1--0.33_-0.67.vasp,0.0,0.0
2CoF-1-2-1_0_0_1-0_0.vasp,0.0,0.0
2CoS-2-2--1_0_0_-1--1.0_-1.0.vasp,0.0,0.0
2CoS-2-2-1_0_0_1--0.33_-0.67.vasp,0.0,0.0
2CoS-2-2-1_0_0_1-0.33_0.67.vasp,0.0,0.0
2CoS-2-2-1_0_0_1-0_0.vasp,0.0,0.0
2CoSe-1-2--1_0_0_-1--1.0_-1.0.vasp,0.0,0.0
2CoSe-1-2-1_0_0_1--0.33_-0.67.vasp,0.0,0.0
2CoSe-1-2-1_0_0_1-0_0.vasp,0.0,0.0
2CoTe-1-2--1_0_0_-1--1.0_-1.0.vasp,0.0,0.0
2CoTe-1-2-1_0_0_1--0.33_-0.67.vasp,0.0,0.0
2CoTe-1-2-1_0_0_1-0_0.vasp,0.0,0.0
2CoTe-2-2-1_0_0_1-0_0.vasp,0.0,0.0
2CrSe-1-2-1_0_0_1-0_0.vasp,0.0,0.0
2CuI-1-2-1_-1_1_0-0_0.vasp,1.937,1.786890781
2CuI-1-2-1_0_0_1--0.33_-0.67.vasp,1.938,1.786890781
2CuI-1-2-1_0_0_1-0_0.vasp,1.937,1.786890781
2CuS-1-2--1_0_0_-1--0.67_-0.33.vasp,0.0,0.0
2CuS-1-2-1_0_0_1-0.33_0.67.vasp,0.0,0.0
2CuS-2-2--1_0_0_-1--0.5_-0.5.vasp,0.536,0.623529304
2CuS-2-2-1_0_0_1-0.5_0.19.vasp,0.165,0.623529304
2CuSe-1-2--1_0_0_-1--0.5_-0.5.vasp,0.288,0.447110842
2CuSe-2-2-1_0_0_1--0.33_-0.67.vasp,0.0,0.0
2FGe-1-2-1_-1_1_0--0.67_-0.33.vasp,0.119,0.118225457
2FGe-1-2-1_-1_1_0-0_0.vasp,0.072,0.118225457
2FGe-1-2-1_0_0_1--0.33_-0.67.vasp,0.079,0.118225457
2FGe-1-2-1_0_0_1-0.33_0.67.vasp,0.119,0.118225457
2FGe-1-2-1_0_0_1-0_0.vasp,0.128,0.118225457
2FHf-1-2--1_0_0_-1--0.67_-0.33.vasp,0.0,0.0
2FHf-1-2--1_0_0_-1-0.5_0.vasp,0.0,0.0
2FHf-1-2--1_0_0_-1-0_-1.0.vasp,0.0,0.0
2FHf-1-2-1_0_0_1--0.33_-0.67.vasp,0.0,0.0
2FHf-1-2-1_0_0_1--0.67_0.67.vasp,0.0,0.0
2FHf-1-2-1_0_0_1--1.0_0.vasp,0.0,0.0
2FHf-1-2-1_0_0_1-0.5_0.vasp,0.0,0.0
2FHf-1-2-1_0_0_1-0.79_0.58.vasp,0.0,0.0
2FHf-1-2-1_0_0_1-Iz-0.5_0.vasp,0.0,0.0
2FPd-1-2--1_0_0_-1--1.33_-0.67.vasp,0.793,0.864706872
2FPd-1-2--1_0_0_-1-0.5_0.vasp,0.802,0.864706872
2FPd-1-2-1_0_0_1--0.33_0.33.vasp,0.836,0.864706872
2FPd-1-2-1_0_0_1--0.67_-0.33.vasp,0.841,0.864706872
2FPd-1-2-1_0_0_1-0.5_0.vasp,0.835,0.864706872
2FPd-1-2-1_0_0_1-0.79_0.58.vasp,0.811,0.864706872
2FPd-1-2-1_0_0_1-Iz-0.5_0.vasp,0.832,0.864706872
2FTi-1-2--1_0_0_-1--0.67_-0.33.vasp,0.0,0.0
2FTi-1-2--1_0_0_-1--1.0_-1.0.vasp,0.0,0.0
2FTi-1-2--1_0_0_-1-0.5_0.vasp,0.0,0.0
2FTi-1-2-1_0_0_1--0.33_-0.67.vasp,0.0,0.0
2FTi-1-2-1_0_0_1-0.33_0.67.vasp,0.0,0.0
2FTi-1-2-1_0_0_1-0.5_0.vasp,0.0,0.0
2FTi-1-2-1_0_0_1-0.79_0.58.vasp,0.0,0.0
2FTi-1-2-1_0_0_1-0_0.vasp,0.0,0.0
2FTi-1-2-1_0_0_1-Iz-0.5_0.vasp,0.0,0.0
2FZr-1-2--1_0_0_-1--0.67_-0.33.vasp,0.0,0.0
2FZr-1-2--1_0_0_-1-0.5_0.vasp,0.0,0.0
2FZr-1-2--1_0_0_-1-0_-1.0.vasp,0.0,0.0
2FZr-1-2-1_0_0_1--0.33_-0.67.vasp,0.0,0.0
2FZr-1-2-1_0_0_1--0.67_0.67.vasp,0.0,0.0
2FZr-1-2-1_0_0_1--1.0_0.vasp,0.0,0.0
2FZr-1-2-1_0_0_1-0.5_0.vasp,0.0,0.0
2FZr-1-2-1_0_0_1-0.79_0.58.vasp,0.0,0.0
2FZr-1-2-1_0_0_1-Iz-0.5_0.vasp,0.0,0.0
2FeS-1-2-1_0_0_1-0_0.vasp,0.0,0.0
2FeSe-2-2-1_0_0_1-0_0.vasp,0.0,0.0
2FeTe-1-2-1_0_0_1-0_0.vasp,0.0,0.0
2GaO-1-2--1_0_0_-1-Iz-0.33_-0.33.vasp,1.322,1.556398338
2GaO-1-2--1_0_0_-1-Iz-0_0.vasp,1.321,1.556398338
2GaO-1-2-1_0_0_1-0.33_-0.33.vasp,1.289,1.556398338
2GaS-1-2--1_0_0_-1--0.33_0.33.vasp,1.881,2.179815807
2GaS-1-2--1_0_0_-1-0_0.vasp,1.767,2.179815807
2GaS-1-2-1_0_0_1--0.33_0.33.vasp,1.776,2.179815807
2GaS-1-2-1_0_0_1--0.67_0.67.vasp,1.881,2.179815807
2GaS-1-2-1_0_0_1-0_0.vasp,1.764,2.179815807
2GaSe-1-2--1_0_0_-1-Iz--0.33_0.33.vasp,1.408,1.764606828
2GaSe-1-2--1_0_0_-1-Iz-0.33_-0.33.vasp,1.267,1.764606828
2GaSe-1-2--1_0_0_-1-Iz-0_0.vasp,1.29,1.764606828
2GaSe-1-2-1_0_0_1-0.33_-0.33.vasp,1.277,1.764606828
2GaSe-1-2-1_0_0_1-0_0.vasp,1.406,1.764606828
2GaTe-1-2--1_0_0_-1--0.33_0.33.vasp,0.941,1.269366693
2GaTe-1-2--1_0_0_-1-0.5_0.vasp,0.862,1.269366693
2GaTe-1-2--1_0_0_-1-0_0.vasp,0.771,1.269366693
2GaTe-1-2--1_0_0_-1-Iz-0.79_0.58.vasp,0.811,1.269366693
2GaTe-1-2-1_0_0_1--0.33_0.33.vasp,0.713,1.269366693
2GaTe-1-2-1_0_0_1--0.67_0.67.vasp,0.978,1.269366693
2GaTe-1-2-1_0_0_1-0.5_0.vasp,0.858,1.269366693
2GaTe-1-2-1_0_0_1-0.79_0.58.vasp,0.755,1.269366693
2GaTe-1-2-1_0_0_1-0_0.vasp,0.805,1.269366693
2GaTe-1-2-1_0_0_1-Iz-0.5_0.vasp,0.736,1.269366693
2GaTe-2-2--1_0_0_-1-Iz--0.33_0.33.vasp,1.029,1.296655621
2GaTe-2-2--1_0_0_-1-Iz-0.33_-0.33.vasp,0.814,1.296655621
2GaTe-2-2--1_0_0_-1-Iz-0_0.vasp,0.745,1.296655621
2GaTe-2-2-1_0_0_1-0.33_-0.33.vasp,0.815,1.296655621
2GaTe-2-2-1_0_0_1-0_0.vasp,0.966,1.296655621
2GeS-1-2--1_0_0_-1--0.17_-0.5.vasp,1.256,1.713780631
2GeS-1-2--1_0_0_-1-Iz--0.17_-0.5.vasp,1.496,1.713780631
2GeS-1-2--1_0_0_-1-Iz--0.94_0.vasp,1.253,1.713780631
2GeS-1-2--1_0_0_-1-Iz-0.5_0.vasp,1.162,1.713780631
2GeS-1-2--1_0_0_-1-Iz-0_0.5.vasp,1.596,1.713780631
2GeS-1-2-1_0_0_1-0.5_0.vasp,1.23,1.713780631
2GeS-1-2-1_0_0_1-0_-1.0.vasp,1.343,1.713780631
2GeS-1-2-1_0_0_1-0_0.5.vasp,1.502,1.713780631
2GeTe-1-2--1_0_0_-1-Iz-0.5_0.5.vasp,0.683,0.815331287
2GeTe-1-2--1_0_0_-1-Iz-0.5_0.vasp,0.661,0.815331287
2GeTe-1-2--1_0_0_-1-Iz-0_0.5.vasp,0.691,0.815331287
2GeTe-1-2-1_0_0_1-0.5_0.vasp,0.734,0.815331287
2GeTe-1-2-1_0_0_1-0_-1.0.vasp,0.739,0.815331287
2HfI-1-2--1_0_0_-1--0.67_-0.33.vasp,0.0,0.0
2HfI-1-2--1_0_0_-1-0.5_0.vasp,0.0,0.0
2HfI-1-2--1_0_0_-1-0.79_0.58.vasp,0.0,0.0
2HfI-1-2--1_0_0_-1-0_-1.0.vasp,0.0,0.0
2HfI-1-2--1_0_0_-1-Iz-0.5_0.vasp,0.0,0.0
2HfI-1-2-1_0_0_1--0.33_-0.67.vasp,0.0,0.0
2HfI-1-2-1_0_0_1--0.67_0.67.vasp,0.0,0.0
2HfI-1-2-1_0_0_1--1.0_0.vasp,0.0,0.0
2HfI-1-2-1_0_0_1-0.5_0.vasp,0.0,0.0
2HfI-1-2-1_0_0_1-0.79_0.58.vasp,0.0,0.0
2HgI-1-2--1_0_0_-1--0.33_-0.66.vasp,0.901,1.276905866
2HgI-1-2--1_0_0_-1--0.34_-0.67.vasp,0.903,1.276905866
2HgI-1-2--1_0_0_-1--0.67_-0.33.vasp,1.02,1.276905866
2HgI-1-2--1_0_0_-1-0.5_0.vasp,0.98,1.276905866
2HgI-1-2--1_0_0_-1-0.79_0.58.vasp,0.922,1.276905866
2HgI-1-2--1_0_0_-1-Iz-0.5_0.vasp,0.926,1.276905866
2HgI-1-2-1_0_0_1--0.33_-0.66.vasp,1.026,1.276905866
2HgI-1-2-1_0_0_1--0.66_-1.32.vasp,0.911,1.276905866
2HgI-1-2-1_0_0_1--0.67_-1.34.vasp,0.911,1.276905866
2HgI-1-2-1_0_0_1--1.01_-1.01.vasp,0.904,1.276905866
2HgI-1-2-1_0_0_1--1.0_-1.0.vasp,0.903,1.276905866
2HgI-1-2-1_0_0_1-0.5_0.vasp,0.988,1.276905866
2HgI-1-2-1_0_0_1-0.79_0.58.vasp,1.002,1.276905866
2IIn-1-2--1_0_0_-1--0.67_-0.33.vasp,0.862,0.987831197
2IIn-1-2--1_0_0_-1--1.0_-1.0.vasp,0.841,0.987831197
2IIn-1-2--1_0_0_-1-0.5_0.vasp,0.855,0.987831197
2IIn-1-2--1_0_0_-1-0.79_0.58.vasp,0.832,0.987831197
2IIn-1-2--1_0_0_-1-Iz-0.5_0.vasp,0.867,0.987831197
2IIn-1-2-1_0_0_1--0.33_-0.67.vasp,0.856,0.987831197
2IIn-1-2-1_0_0_1-0.33_0.67.vasp,0.889,0.987831197
2IIn-1-2-1_0_0_1-0.5_0.vasp,0.868,0.987831197
2IIn-1-2-1_0_0_1-0.79_0.58.vasp,0.822,0.987831197
2IIn-1-2-1_0_0_1-0_0.vasp,0.799,0.987831197
2IRb-1-2-1_0_0_1--0.5_0.vasp,3.409,3.713828304
2IRb-1-2-1_0_0_1-0_0.vasp,3.221,3.713828304
2ISb-1-2--1_0_0_-1--0.66_-0.34.vasp,0.536,0.586157316
2ISb-1-2--1_0_0_-1--0.98_-0.98.vasp,0.54,0.586157316
2ISb-1-2--1_0_0_-1-0.5_0.vasp,0.537,0.586157316
2ISb-1-2--1_0_0_-1-0.78_0.57.vasp,0.545,0.586157316
2ISb-1-2--1_0_0_-1-Iz--0.34_0.3.vasp,0.557,0.586157316
2ISb-1-2--1_0_0_-1-Iz--0.66_-0.34.vasp,0.529,0.586157316
2ISb-1-2--1_0_0_-1-Iz--0.98_-0.98.vasp,0.552,0.586157316
2ISb-1-2--1_0_0_-1-Iz-0.5_0.vasp,0.555,0.586157316
2ISb-1-2--1_0_0_-1-Iz-0.78_0.57.vasp,0.552,0.586157316
2ISb-1-2-1_0_0_1--0.32_-0.64.vasp,0.552,0.586157316
2ISb-1-2-1_0_0_1-0.32_0.64.vasp,0.556,0.586157316
2ISb-1-2-1_0_0_1-0.5_0.vasp,0.551,0.586157316
2ISb-1-2-1_0_0_1-0.78_0.57.vasp,0.543,0.586157316
2ISb-1-2-1_0_0_1-0_0.vasp,0.528,0.586157316
2ISb-1-2-1_0_0_1-Iz--0.32_-0.64.vasp,0.54,0.586157316
2ISb-1-2-1_0_0_1-Iz-0.5_0.vasp,0.547,0.586157316
2ISb-1-2-1_0_0_1-Iz-0.78_0.57.vasp,0.542,0.586157316
2ISb-1-2-1_0_0_1-Iz-0_0.vasp,0.536,0.586157316
2ISc-1-2--1_0_0_-1--0.01_-0.01.vasp,0.0,0.0
2ISc-1-2-1_0_0_1--0.33_-0.66.vasp,0.0,0.0
2ISc-1-2-1_0_0_1--1.0_-1.0.vasp,0.0,0.0
2ISc-1-2-1_0_0_1-0.68_0.35.vasp,0.0,0.0
2ITi-1-2-1_0_0_1--0.5_-0.5.vasp,0.0,0.0
2ITi-1-2-1_0_0_1--0.5_0.vasp,0.0,0.0
2ITi-1-2-1_0_0_1-0_0.vasp,0.0,0.0
2ITl-1-2--1_0_0_-1--0.67_-0.33.vasp,2.186,2.39907653
2ITl-1-2--1_0_0_-1--1.0_-1.0.vasp,1.891,2.39907653
2ITl-1-2--1_0_0_-1-0.5_0.vasp,2.181,2.39907653
2ITl-1-2--1_0_0_-1-0.79_0.57.vasp,2.095,2.39907653
2ITl-1-2--1_0_0_-1-Iz-0.5_0.vasp,2.265,2.39907653
2ITl-1-2-1_0_0_1--0.33_-0.66.vasp,2.161,2.39907653
2ITl-1-2-1_0_0_1-0.33_0.66.vasp,2.247,2.39907653
2ITl-1-2-1_0_0_1-0.5_0.vasp,2.214,2.39907653
2ITl-1-2-1_0_0_1-0.79_0.57.vasp,2.247,2.39907653
2ITl-1-2-1_0_0_1-0_0.vasp,2.308,2.39907653
2IY-1-2--1_0_0_-1--1.0_-1.0.vasp,0.0,0.0
2IY-1-2-1_0_0_1--0.67_-0.33.vasp,0.0,0.0
2IY-1-2-1_0_0_1-0_0.vasp,0.0,0.0
2IZn-1-2--1_0_0_-1--0.33_0.33.vasp,1.854,2.090940389
2IZn-1-2--1_0_0_-1--0.66_-0.33.vasp,1.773,2.090940389
2IZn-1-2--1_0_0_-1-0.5_0.vasp,1.825,2.090940389
2IZn-1-2-0_1_1_0-Iz-0.29_0.58.vasp,1.832,2.090940389
2IZn-1-2-1_0_0_1--0.33_-0.66.vasp,1.778,2.090940389
2IZn-1-2-1_0_0_1--0.66_-0.33.vasp,1.857,2.090940389
2IZn-1-2-1_0_0_1-0.5_0.vasp,1.83,2.090940389
2IZn-1-2-1_0_0_1-0.79_0.58.vasp,1.787,2.090940389
2IZn-1-2-1_0_0_1-0_0.vasp,1.773,2.090940389
2IZn-1-2-1_0_0_1-Iz-0.5_0.vasp,1.785,2.090940389
2InS-1-2--1_0_0_-1-Iz--0.33_0.33.vasp,1.349,1.675147054
2InS-1-2--1_0_0_-1-Iz-0.33_-0.33.vasp,1.219,1.675147054
2InS-1-2--1_0_0_-1-Iz-0_0.vasp,1.257,1.675147054
2InS-1-2-1_0_0_1-0.33_-0.33.vasp,1.238,1.675147054
2InTe-2-2--1_0_0_-1-Iz--0.33_0.33.vasp,0.892,1.232646978
2InTe-2-2--1_0_0_-1-Iz-0.33_-0.33.vasp,0.714,1.232646978
2InTe-2-2--1_0_0_-1-Iz-0_0.vasp,0.764,1.232646978
2InTe-2-2-1_0_0_1-0.33_-0.33.vasp,0.739,1.232646978
2InTe-2-2-1_0_0_1-0_0.vasp,0.891,1.232646978
2IrS-1-2--1_0_0_-1--1.0_0.vasp,0.0,0.041237356
2IrS-1-2-1_0_0_1--0.33_-0.67.vasp,0.0,0.041237356
2IrS-1-2-1_0_0_1-0.79_0.58.vasp,0.0,0.041237356
2IrS-1-2-1_0_0_1-0_-1.0.vasp,0.0,0.041237356
2IrS-1-2-1_0_0_1-Iz-0.5_0.vasp,0.0,0.041237356
2MnSe-1-2-1_0_0_1-0_0.vasp,0.0,0.0
2NiO-2-2-1_0_0_1-0.02_-0.5.vasp,0.0,0.0
2NiO-2-2-1_0_0_1-0_0.vasp,0.0,0.0
2NiS-1-2-1_0_0_1-0_0.vasp,0.0,0.0
2NiS-3-2--1_0_0_-1--0.67_-0.33.vasp,0.0,0.0
2NiSe-1-2-1_0_0_1--0.5_-0.5.vasp,0.0,0.0
2NiSe-2-2-1_0_0_1-0_0.vasp,0.0,0.0
2NiSe-3-2--1_0_0_-1--0.67_-0.33.vasp,0.0,0.0
2NiSe-3-2-1_0_0_1--0.33_-0.67.vasp,0.0,0.0
2NiTe-2-2-1_0_0_1--0.33_-0.67.vasp,0.0,0.0
2OSn-1-2--1_0_0_-1-Iz--0.08_0.5.vasp,2.192,2.493240823
2OSn-1-2--1_0_0_-1-Iz--0.25_0.vasp,1.913,2.493240823
2OSn-1-2--1_0_0_-1-Iz--0.39_-0.5.vasp,1.744,2.493240823
2OSn-1-2--1_0_0_-1-Iz--0.42_-0.5.vasp,1.741,2.493240823
2OSn-1-2--1_0_0_-1-Iz--0.58_0.vasp,1.627,2.493240823
2OSn-1-2--1_0_0_-1-Iz--0.75_-0.5.vasp,2.111,2.493240823
2OSn-1-2-1_0_0_1--0.17_-0.5.vasp,1.806,2.493240823
2OSn-1-2-1_0_0_1--0.67_0.vasp,2.11,2.493240823
2OSn-1-2-1_0_0_1-0_0.vasp,1.619,2.493240823
2PbTe-1-2--1_0_0_-1-Iz-0.5_0.vasp,0.296,0.44538711
2PbTe-1-2--1_0_0_-1-Iz-0_0.5.vasp,0.263,0.44538711
2PbTe-1-2-1_0_0_1-0.5_0.vasp,0.26,0.44538711
2PbTe-1-2-1_0_0_1-0_-1.0.vasp,0.276,0.44538711
2PdSe-1-2--1_0_0_-1--0.67_-0.33.vasp,0.0,0.0
2PdSe-1-2--1_0_0_-1-0.5_0.vasp,0.0,0.0
2PdSe-1-2-1_0_0_1-0.33_0.67.vasp,0.0,0.0
2PdTe-1-2--1_0_0_-1--0.67_-0.33.vasp,0.0,0.0
2PdTe-1-2--1_0_0_-1-0.5_0.vasp,0.0,0.0
2PdTe-1-2--1_0_0_-1-Iz-0.5_0.vasp,0.0,0.0
2PdTe-1-2-1_0_0_1--0.33_-0.67.vasp,0.0,0.0
2PdTe-1-2-1_0_0_1-0.33_0.67.vasp,0.0,0.0
2PdTe-1-2-1_0_0_1-0.5_0.vasp,0.0,0.0
2PdTe-1-2-1_0_0_1-0.79_0.58.vasp,0.0,0.0
2PtSe-1-2-1_0_0_1--0.5_-0.5.vasp,0.0,0.0
2PtTe-1-2-1_0_0_1--0.33_-0.67.vasp,0.0,0.0
2PtTe-1-2-1_0_0_1-0.79_0.58.vasp,0.0,0.0
2PtTe-2-2-1_0_0_1--0.33_-0.67.vasp,0.0,0.0
2RhS-1-2--1_0_0_-1--0.67_-0.33.vasp,0.0,0.0
2RhS-1-2--1_0_0_-1--1.0_-1.0.vasp,0.0,0.0
2RhS-1-2--1_0_0_-1-0.5_0.vasp,0.0,0.0
2RhS-1-2--1_0_0_-1-0.79_0.58.vasp,0.0,0.0
2RhS-1-2-1_0_0_1--0.33_-0.67.vasp,0.0,0.0
2RhS-1-2-1_0_0_1-0.33_0.67.vasp,0.0,0.0
2RhS-1-2-1_0_0_1-0.5_0.vasp,0.0,0.0
2RhS-1-2-1_0_0_1-0.79_0.58.vasp,0.0,0.0
2RhS-1-2-1_0_0_1-0_0.vasp,0.0,0.0
2RhSe-1-2--1_0_0_-1--0.67_-0.33.vasp,0.0,0.0
2RhSe-1-2--1_0_0_-1-0.5_0.vasp,0.0,0.0
2RhSe-1-2--1_0_0_-1-0.79_0.58.vasp,0.0,0.0
2RhSe-1-2--1_0_0_-1-0_-1.0.vasp,0.0,0.0
2RhSe-1-2-1_0_0_1--0.33_-0.67.vasp,0.0,0.0
2RhSe-1-2-1_0_0_1--0.67_0.67.vasp,0.0,0.0
2RhSe-1-2-1_0_0_1--1.0_0.vasp,0.0,0.0
2RhSe-1-2-1_0_0_1-0.5_0.vasp,0.0,0.0
2RhSe-1-2-1_0_0_1-0.79_0.58.vasp,0.0,0.0
2RhTe-1-2-1_0_0_1-0_-0.5.vasp,0.0,0.0
2RhTe-1-2-1_0_0_1-0_0.vasp,0.0,0.0
2RhTe-2-2-1_0_0_1--0.5_-0.5.vasp,0.0,0.0
2RhTe-2-2-1_0_0_1-0_-0.5.vasp,0.0,0.0
2RhTe-3-2--1_0_0_-1--0.67_-0.33.vasp,0.0,0.0
2RhTe-3-2--1_0_0_-1--1.0_-1.0.vasp,0.0,0.0
2RhTe-3-2--1_0_0_-1-0.5_0.vasp,0.0,0.0
2RhTe-3-2--1_0_0_-1-0.79_0.58.vasp,0.0,0.0
2RhTe-3-2-1_0_0_1--0.33_-0.67.vasp,0.0,0.0
2RhTe-3-2-1_0_0_1-0.33_0.67.vasp,0.0,0.0
2RhTe-3-2-1_0_0_1-0.5_0.vasp,0.0,0.0
2RhTe-3-2-1_0_0_1-0.79_0.58.vasp,0.0,0.0
2RhTe-3-2-1_0_0_1-0_0.vasp,0.0,0.0
2RuSe-1-2-1_0_0_1-0_-0.5.vasp,0.0,0.0
2RuSe-1-2-1_0_0_1-0_0.vasp,0.0,0.0
2RuTe-1-2-1_0_0_1-0_-0.5.vasp,0.0,0.0
2RuTe-1-2-1_0_0_1-0_0.vasp,0.0,0.0
2SSn-1-2--1_0_0_-1-Iz-0.5_0.vasp,1.006,1.414027531
2SSn-1-2--1_0_0_-1-Iz-0_0.5.vasp,1.187,1.414027531
2SSn-1-2-1_0_0_1-0.5_0.vasp,1.006,1.414027531
2SSn-1-2-1_0_0_1-0_-1.0.vasp,1.195,1.414027531
2STl-1-2--1_0_0_-1-Iz--0.33_0.33.vasp,0.307,0.673280309
2STl-1-2--1_0_0_-1-Iz-0.33_-0.33.vasp,0.186,0.673280309
2STl-1-2--1_0_0_-1-Iz-0_0.vasp,0.264,0.673280309
2STl-1-2-1_0_0_1-0.33_-0.33.vasp,0.233,0.673280309
2STl-1-2-1_0_0_1-0_0.vasp,0.302,0.673280309
2STl-2-2-1_-1_1_0--0.33_0.33.vasp,0.256,0.628340618
2STl-2-2-1_-1_1_0-0_0.vasp,0.19,0.628340618
2STl-2-2-1_0_0_1--0.33_0.33.vasp,0.223,0.628340618
2STl-2-2-1_0_0_1-0.33_0.67.vasp,0.26,0.628340618
2STl-2-2-1_0_0_1-0_0.vasp,0.147,0.628340618
2SV-1-2--1_0_0_-1-0_-1.0.vasp,0.0,0.0
2SV-1-2-1_0_0_1--0.33_-0.67.vasp,0.0,0.0
2SV-1-2-1_0_0_1--1.0_0.vasp,0.0,0.0
2SZn-1-2--1_0_0_-1--0.67_-0.33.vasp,2.421,2.557010029
2SZn-1-2--1_0_0_-1--1.0_-1.0.vasp,2.315,2.557010029
2SZn-1-2--1_0_0_-1-0.5_0.vasp,2.431,2.557010029
2SZn-1-2--1_0_0_-1-0.79_0.58.vasp,2.374,2.557010029
2SZn-1-2-1_0_0_1--0.33_-0.67.vasp,2.377,2.557010029
2SZn-1-2-1_0_0_1-0.33_0.67.vasp,2.424,2.557010029
2SZn-1-2-1_0_0_1-0.5_0.vasp,2.407,2.557010029
2SZn-1-2-1_0_0_1-0.79_0.58.vasp,2.408,2.557010029
2SZn-1-2-1_0_0_1-0_0.vasp,2.311,2.557010029
2SeSn-1-2--1_0_0_-1-0.5_0.5.vasp,0.671,0.922535256
2SeSn-1-2--1_0_0_-1-Iz-0.5_0.5.vasp,0.78,0.922535256
2SeSn-1-2--1_0_0_-1-Iz-0.5_0.vasp,0.558,0.922535256
2SeSn-1-2--1_0_0_-1-Iz-0_0.5.vasp,0.675,0.922535256
2SeSn-1-2-1_0_0_1--0.5_-0.5.vasp,0.549,0.922535256
2SeSn-1-2-1_0_0_1-0.5_0.vasp,0.722,0.922535256
2SeSn-1-2-1_0_0_1-0_-1.0.vasp,0.756,0.922535256
2SeTl-2-2--1_0_0_-1-Iz-0.33_-0.33.vasp,0.005,0.494046852
2SeTl-2-2--1_0_0_-1-Iz-0_0.vasp,0.088,0.494046852
2SeTl-2-2-1_0_0_1-0.33_-0.33.vasp,0.054,0.494046852
2SeZn-1-2--1_0_0_-1--0.67_-0.33.vasp,1.545,1.621494123
2SeZn-1-2--1_0_0_-1-0.5_0.vasp,1.597,1.621494123
2SeZn-1-2--1_0_0_-1-0_-1.0.vasp,1.508,1.621494123
2SeZn-1-2--1_0_0_-1-Iz-0.5_0.vasp,1.612,1.621494123
2SeZn-1-2-1_0_0_1--0.33_-0.67.vasp,1.568,1.621494123
2SeZn-1-2-1_0_0_1--0.67_0.67.vasp,1.55,1.621494123
2SeZn-1-2-1_0_0_1--1.0_0.vasp,1.483,1.621494123
2SeZn-1-2-1_0_0_1-0.5_0.vasp,1.588,1.621494123
2SeZn-1-2-1_0_0_1-0.79_0.58.vasp,1.556,1.621494123
2SeZn-1-2-1_0_0_1-Iz-0.5_0.vasp,1.54,1.621494123
2SeZn-2-2-1_0_0_1--0.5_0.vasp,1.995,2.041531467
2SeZn-2-2-1_0_0_1-0_0.vasp,1.76,2.041531467
2SnTe-1-2--1_0_0_-1-0.5_0.5.vasp,0.469,0.602765471
2SnTe-1-2--1_0_0_-1-Iz-0.5_0.5.vasp,0.407,0.602765471
2SnTe-1-2--1_0_0_-1-Iz-0.5_0.vasp,0.456,0.602765471
2SnTe-1-2--1_0_0_-1-Iz-0_0.5.vasp,0.424,0.602765471
2SnTe-1-2-1_0_0_1-0.5_0.vasp,0.456,0.602765471
2SnTe-1-2-1_0_0_1-0_-1.0.vasp,0.474,0.602765471
2TeTl-1-2-1_-1_1_0-0_0.vasp,0.0,0.294462403
2TeTl-1-2-1_0_0_1--0.33_0.33.vasp,0.0,0.294462403
2TeTl-1-2-1_0_0_1-0_0.vasp,0.0,0.294462403
2TeTl-2-2--1_0_0_-1-Iz-0.33_-0.33.vasp,0.0,0.339473029
2TeTl-2-2--1_0_0_-1-Iz-0_0.vasp,0.0,0.339473029
2TeTl-2-2-1_0_0_1-0.33_-0.33.vasp,0.0,0.339473029
2TeTl-3-2--1_0_0_-1--1.0_-1.0.vasp,0.0,0.0
2TeTl-3-2--1_0_0_-1-0.5_0.vasp,0.0,0.0
2TeTl-3-2--1_0_0_-1-0.79_0.58.vasp,0.0,0.0
2TeTl-3-2--1_0_0_-1-Iz-0.5_0.vasp,0.0,0.0
2TeTl-3-2-1_0_0_1--0.33_-0.67.vasp,0.0,0.0
2TeTl-3-2-1_0_0_1-0.5_0.vasp,0.0,0.0
2TeTl-3-2-1_0_0_1-0.79_0.58.vasp,0.0,0.0
2TeTl-3-2-1_0_0_1-0_0.vasp,0.0,0.0
2TeV-1-2--1_0_0_-1--1.0_-1.0.vasp,0.0,0.0
2TeV-1-2-1_0_0_1--0.33_-0.67.vasp,0.0,0.0
2TeV-1-2-1_0_0_1-0_0.vasp,0.0,0.0
2TeZn-1-2--1_0_0_-1--0.67_-0.33.vasp,0.499,0.544585799
2TeZn-1-2--1_0_0_-1--1.0_-1.0.vasp,0.476,0.544585799
2TeZn-1-2--1_0_0_-1-0.5_0.vasp,0.536,0.544585799
2TeZn-1-2--1_0_0_-1-0.79_0.58.vasp,0.497,0.544585799
2TeZn-1-2--1_0_0_-1-Iz-0.5_0.vasp,0.544,0.544585799
2TeZn-1-2-1_0_0_1--0.33_-0.67.vasp,0.502,0.544585799
2TeZn-1-2-1_0_0_1-0.33_0.67.vasp,0.501,0.544585799
2TeZn-1-2-1_0_0_1-0.5_0.vasp,0.531,0.544585799
2TeZn-1-2-1_0_0_1-0.79_0.58.vasp,0.508,0.544585799
2TeZn-1-2-1_0_0_1-0_0.vasp,0.464,0.544585799
1BaBr2-1-2--1_0_0_-1-Iz--0.33_-0.67.vasp,3.853,4.157127249
1BaBr2-1-2--1_0_0_-1-Iz-0.33_-0.33.vasp,3.973,4.157127249
1BaBr2-1-2--1_0_0_-1-Iz-0_0.vasp,3.88,4.157127249
1BaBr2-1-2-1_0_0_1--0.67_-0.33.vasp,3.867,4.157127249
1BaBr2-1-2-1_0_0_1-0_0.vasp,3.952,4.157127249
1BaBr2-2-2-1_-1_1_0--0.33_-0.67.vasp,4.529,4.902112603
1BaBr2-2-2-1_-1_1_0-0_0.vasp,4.567,4.902112603
1BaBr2-2-2-1_0_0_1--0.33_-0.67.vasp,4.651,4.902112603
1BaBr2-2-2-1_0_0_1--0.67_-0.33.vasp,4.566,4.902112603
1BaBr2-2-2-1_0_0_1-0_0.vasp,4.524,4.902112603
1BaCl2-1-2-1_-1_1_0--0.33_-0.67.vasp,5.3,5.618229367
1BaCl2-1-2-1_0_0_1--0.33_-0.67.vasp,5.611,5.618229367
1BaI2-1-2-1_-1_1_0--0.33_-0.67.vasp,3.541,3.87286104
1BaI2-1-2-1_-1_1_0-0_0.vasp,3.697,3.87286104
1BaI2-1-2-1_0_0_1--0.33_-0.67.vasp,3.538,3.87286104
1BaI2-1-2-1_0_0_1--0.67_-0.33.vasp,3.723,3.87286104
1BaI2-1-2-1_0_0_1-0_0.vasp,3.544,3.87286104
1BaI2-2-2--1_0_0_-1-Iz--0.33_-0.67.vasp,3.03,3.332387922
1BaI2-2-2--1_0_0_-1-Iz-0.33_-0.33.vasp,3.174,3.332387922
1BaI2-2-2--1_0_0_-1-Iz-0_0.vasp,3.066,3.332387922
1BaI2-2-2-1_0_0_1--0.67_-0.33.vasp,3.066,3.332387922
1BaI2-2-2-1_0_0_1-0_0.vasp,3.147,3.332387922
1CaCl2-1-2--1_0_0_-1-Iz--0.5_0.5.vasp,5.333,5.530090955
1CaI2-1-2--1_0_0_-1-Iz--0.33_-0.67.vasp,2.885,2.946218825
1CaI2-1-2--1_0_0_-1-Iz-0.33_-0.33.vasp,2.919,2.946218825
1CaI2-1-2--1_0_0_-1-Iz-0_0.vasp,2.897,2.946218825
1CaI2-1-2-1_0_0_1--0.67_-0.33.vasp,2.92,2.946218825
1CaI2-1-2-1_0_0_1-0_0.vasp,2.907,2.946218825
1CdBr2-1-2-1_-1_1_0--0.33_-0.67.vasp,2.833,3.069156178
1CdBr2-1-2-1_-1_1_0-0_0.vasp,2.898,3.069156178
1CdBr2-1-2-1_0_0_1--0.33_-0.67.vasp,2.832,3.069156178
1CdBr2-1-2-1_0_0_1--0.67_-0.33.vasp,2.898,3.069156178
1CdBr2-1-2-1_0_0_1-0_0.vasp,2.832,3.069156178
1CdCl2-1-2-1_-1_1_0--0.33_-0.67.vasp,3.66,3.868284768
1CdCl2-1-2-1_-1_1_0-0_0.vasp,3.717,3.868284768
1CdCl2-1-2-1_0_0_1--0.33_-0.67.vasp,3.662,3.868284768
1CdCl2-1-2-1_0_0_1--0.67_-0.33.vasp,3.719,3.868284768
1CdCl2-1-2-1_0_0_1-0_0.vasp,3.659,3.868284768
1CdI2-2-2--1_0_0_-1-Iz--0.5_0.5.vasp,2.01,2.335345414
1CdI2-2-2--1_0_0_-1-Iz--0.5_0.vasp,2.153,2.335345414
1CdI2-2-2--1_0_0_-1-Iz-0_-0.5.vasp,2.14,2.335345414
1CdI2-2-2--1_0_0_-1-Iz-0_0.vasp,2.172,2.335345414
1CdI2-2-2-1_0_0_1--0.5_0.5.vasp,2.176,2.335345414
1CdI2-2-2-1_0_0_1-0_0.vasp,2.006,2.335345414
1CoBr2-1-2-1_0_0_1--0.33_-0.67.vasp,2.705,0.347876772
1CoBr2-2-2--1_0_0_-1-Iz--0.5_0.5.vasp,2.222,0.173933366
1CoBr2-2-2-1_0_0_1-0_0.vasp,2.221,0.173933366
1CoCl2-2-2-1_0_0_1-0_0.vasp,3.29,0.350919972
1CoI2-1-2-1_-1_1_0--0.33_-0.67.vasp,0.0,0.0
1CoI2-1-2-1_0_0_1--0.33_-0.67.vasp,0.0,0.0
1CoI2-1-2-1_0_0_1-0_0.vasp,0.0,0.0
1CoI2-2-2--1_0_0_-1-Iz--0.5_0.5.vasp,1.455,0.0
1CoI2-2-2-1_0_0_1-0_0.vasp,1.44,0.0
1CoO2-1-2-1_-1_1_0--0.33_-0.67.vasp,0.0,0.0
1CoO2-1-2-1_0_0_1--0.33_-0.67.vasp,0.0,0.0
1CoO2-1-2-1_0_0_1-0_0.vasp,0.0,0.0
1CoTe2-1-2--1_0_0_-1-Iz--0.33_-0.67.vasp,0.0,0.0
1CoTe2-1-2--1_0_0_-1-Iz-0_0.vasp,0.0,0.0
1CoTe2-1-2-1_0_0_1--0.67_-0.33.vasp,0.0,0.0
1CrI2-1-2--1_0_0_-1-Iz--0.5_0.5.vasp,0.0,0.0
1CrI2-1-2-1_0_0_1-0_0.vasp,0.0,0.0
1CrS2-1-2--1_0_0_-1-Iz--0.33_-0.67.vasp,0.674,0.877437331
1CrS2-1-2--1_0_0_-1-Iz-0_0.vasp,0.695,0.877437331
1CrS2-1-2-1_0_0_1--0.67_-0.33.vasp,0.645,0.877437331
1CrSe2-1-2--1_0_0_-1-Iz--0.33_-0.67.vasp,0.623,0.685242851
1CrSe2-1-2--1_0_0_-1-Iz-0_0.vasp,0.645,0.685242851
1CrSe2-1-2-1_0_0_1--0.67_-0.33.vasp,0.6,0.685242851
1CrTe2-1-2--1_0_0_-1-Iz--0.33_-0.67.vasp,0.471,0.453283297
1CrTe2-1-2--1_0_0_-1-Iz-0_0.vasp,0.467,0.453283297
1CrTe2-1-2-1_0_0_1--0.67_-0.33.vasp,0.429,0.453283297
1CuBr2-1-2--1_0_0_-1-Iz--0.5_0.5.vasp,0.0,0.0
1CuBr2-1-2-1_0_0_1-0_0.vasp,0.0,0.0
1CuI2-1-2--1_0_0_-1-Iz--0.5_0.5.vasp,0.0,0.0
1CuI2-1-2-1_0_0_1-0_0.vasp,0.0,0.0
1FeBr2-1-2--1_0_0_-1-Iz--0.33_-0.67.vasp,2.231,0.2631918
1FeBr2-1-2--1_0_0_-1-Iz-0_0.vasp,2.234,0.2631918
1FeBr2-1-2-1_0_0_1--0.67_-0.33.vasp,2.229,0.2631918
1FeCl2-1-2--1_0_0_-1-Iz--0.33_-0.67.vasp,2.521,0.350970085
1FeCl2-1-2--1_0_0_-1-Iz-0.33_-0.33.vasp,2.522,0.350970085
1FeCl2-1-2--1_0_0_-1-Iz-0_0.vasp,2.522,0.350970085
1FeCl2-1-2-1_0_0_1--0.67_-0.33.vasp,2.519,0.350970085
1FeI2-1-2--1_0_0_-1-Iz--0.5_0.5.vasp,2.043,0.065134705
1FeI2-1-2-1_0_0_1-0_0.vasp,2.041,0.065134705
1FeI2-2-2--1_0_0_-1-Iz-0_0.vasp,1.195,0.14379242
1FeI2-2-2-1_0_0_1--0.67_-0.33.vasp,1.188,0.14379242
1FeO2-1-2--1_0_0_-1-Iz--0.5_0.5.vasp,0.0,0.0
1FeO2-1-2-1_0_0_1-0_0.vasp,0.0,0.0
1FeO2-2-2-1_-1_1_0--0.33_-0.67.vasp,0.0,0.0
1FeO2-2-2-1_0_0_1-0_0.vasp,0.0,0.0
1FeTe2-1-2--1_0_0_-1-Iz-0_0.vasp,0.0,0.0
1FeTe2-1-2-1_0_0_1-0.67_0.33.vasp,0.0,0.0
1GaI2-1-2-1_-1_1_0--0.33_-0.67.vasp,0.0,0.0
1GaI2-1-2-1_-1_1_0-0_0.vasp,0.0,0.0
1GaI2-1-2-1_0_0_1--0.33_-0.67.vasp,0.0,0.0
1GaI2-1-2-1_0_0_1-0_0.vasp,0.0,0.0
1GeO2-1-2--1_0_0_-1-Iz--0.5_0.5.vasp,2.723,3.006473359
1GeO2-1-2--1_0_0_-1-Iz-0_-0.5.vasp,2.768,3.006473359
1GeO2-1-2-1_0_0_1-0_-0.5.vasp,2.746,3.006473359
1GeO2-1-2-1_0_0_1-0_0.vasp,2.725,3.006473359
1GeO2-2-2-1_-1_1_0--0.33_-0.67.vasp,3.329,3.641316492
1GeO2-2-2-1_-1_1_0-0_0.vasp,3.363,3.641316492
1GeO2-2-2-1_0_0_1--0.33_-0.67.vasp,3.324,3.641316492
1GeO2-2-2-1_0_0_1--0.67_-0.33.vasp,3.366,3.641316492
1GeO2-2-2-1_0_0_1-0_0.vasp,3.344,3.641316492
1GeS2-1-2--1_0_0_-1-Iz--0.5_0.5.vasp,1.168,1.344494213
1GeS2-1-2--1_0_0_-1-Iz--0.5_0.vasp,1.151,1.344494213
1GeS2-1-2--1_0_0_-1-Iz-0_-0.5.vasp,1.157,1.344494213
1GeS2-1-2--1_0_0_-1-Iz-0_0.vasp,1.174,1.344494213
1GeS2-1-2-1_0_0_1--0.5_0.5.vasp,1.198,1.344494213
1GeS2-1-2-1_0_0_1-0_-0.5.vasp,1.088,1.344494213
1GeS2-1-2-1_0_0_1-0_0.vasp,1.149,1.344494213
1GeSe2-1-2-1_-1_1_0--0.33_-0.67.vasp,0.0,0.0
1GeSe2-1-2-1_-1_1_0-0_0.vasp,0.0,0.0
1GeSe2-1-2-1_0_0_1--0.33_-0.67.vasp,0.0,0.0
1GeSe2-1-2-1_0_0_1--0.67_-0.33.vasp,0.0,0.0
1GeSe2-1-2-1_0_0_1-0_0.vasp,0.0,0.0
1HfBi2-2-2-1_-1_1_0--0.33_-0.67.vasp,0.0,0.0
1HfBi2-2-2-1_-1_1_0-0_0.vasp,0.0,0.0
1HfBi2-2-2-1_0_0_1--0.33_-0.67.vasp,0.0,0.0
1HfBi2-2-2-1_0_0_1--0.67_-0.33.vasp,0.0,0.0
1HfBi2-2-2-1_0_0_1-0_0.vasp,0.0,0.0
1HfCl2-1-2--1_0_0_-1-Iz--0.33_-0.67.vasp,0.866,0.908001551
1HfCl2-1-2--1_0_0_-1-Iz-0.33_-0.33.vasp,0.865,0.908001551
1HfCl2-1-2--1_0_0_-1-Iz-0_0.vasp,0.874,0.908001551
1HfCl2-1-2-1_0_0_1--0.67_-0.33.vasp,0.833,0.908001551
1HfCl2-1-2-1_0_0_1-0_0.vasp,0.824,0.908001551
1HfS2-1-2-1_-1_1_0--0.33_-0.67.vasp,1.167,1.2211274
1HfS2-1-2-1_0_0_1--0.33_-0.67.vasp,1.088,1.2211274
1HfS2-1-2-1_0_0_1-0_0.vasp,1.163,1.2211274
1HfSe2-1-2-1_-1_1_0--0.33_-0.67.vasp,0.358,0.426561525
1HfSe2-1-2-1_-1_1_0-0_0.vasp,0.322,0.426561525
1HfSe2-1-2-1_0_0_1--0.33_-0.67.vasp,0.307,0.426561525
1HfSe2-1-2-1_0_0_1--0.67_-0.33.vasp,0.343,0.426561525
1HfSe2-1-2-1_0_0_1-0_0.vasp,0.362,0.426561525
1HfSe2-2-2--1_0_0_-1-Iz--0.33_-0.67.vasp,0.565,0.812484621
1HfSe2-2-2--1_0_0_-1-Iz-0.33_-0.33.vasp,0.644,0.812484621
1HfSe2-2-2--1_0_0_-1-Iz-0_0.vasp,0.565,0.812484621
1HfSe2-2-2-1_0_0_1--0.67_-0.33.vasp,0.528,0.812484621
1HfSe2-2-2-1_0_0_1-0_0.vasp,0.568,0.812484621
1HfTe2-1-2-1_-1_1_0--0.33_-0.67.vasp,0.0,0.0
1HfTe2-1-2-1_-1_1_0-0_0.vasp,0.0,0.0
1HfTe2-1-2-1_0_0_1--0.33_-0.67.vasp,0.0,0.0
1HfTe2-1-2-1_0_0_1--0.67_-0.33.vasp,0.0,0.0
1HfTe2-1-2-1_0_0_1-0_0.vasp,0.0,0.0
1HfTe2-2-2--1_0_0_-1-Iz--0.33_-0.67.vasp,0.055,0.131633072
1HfTe2-2-2--1_0_0_-1-Iz-0.33_-0.33.vasp,0.11,0.131633072
1HfTe2-2-2--1_0_0_-1-Iz-0_0.vasp,0.105,0.131633072
1HfTe2-2-2-1_0_0_1--0.67_-0.33.vasp,0.04,0.131633072
1HfTe2-2-2-1_0_0_1-0_0.vasp,0.087,0.131633072
1HgBr2-1-2--1_0_0_-1-Iz--0.5_0.5.vasp,1.618,2.007113531
1HgBr2-1-2--1_0_0_-1-Iz--0.5_0.vasp,1.802,2.007113531
1HgBr2-1-2--1_0_0_-1-Iz-0_-0.5.vasp,1.76,2.007113531
1HgBr2-1-2--1_0_0_-1-Iz-0_0.vasp,1.83,2.007113531
1HgBr2-1-2-1_0_0_1--0.5_0.5.vasp,1.826,2.007113531
1HgBr2-1-2-1_0_0_1-0_-0.5.vasp,1.732,2.007113531
1HgBr2-1-2-1_0_0_1-0_0.vasp,1.62,2.007113531
1HgCl2-1-2--1_0_0_-1-Iz--0.5_0.5.vasp,2.104,2.467847069
1HgCl2-1-2--1_0_0_-1-Iz--0.5_0.vasp,2.276,2.467847069
1HgCl2-1-2--1_0_0_-1-Iz-0_-0.5.vasp,2.223,2.467847069
1HgCl2-1-2--1_0_0_-1-Iz-0_0.vasp,2.323,2.467847069
1HgCl2-1-2-1_0_0_1-0_-0.5.vasp,2.217,2.467847069
1HgCl2-1-2-1_0_0_1-0_0.vasp,2.105,2.467847069
1HgI2-1-2--1_0_0_-1-Iz--0.5_0.5.vasp,1.169,1.540469691
1HgI2-1-2--1_0_0_-1-Iz--0.5_0.vasp,1.356,1.540469691
1HgI2-1-2-1_0_0_1--0.5_0.5.vasp,1.36,1.540469691
1HgI2-1-2-1_0_0_1-0_-0.5.vasp,1.27,1.540469691
1HgI2-1-2-1_0_0_1-0_0.vasp,1.169,1.540469691
1InI2-1-2--1_0_0_-1-Iz--0.33_-0.67.vasp,0.0,0.0
1InI2-1-2--1_0_0_-1-Iz-0.33_-0.33.vasp,0.0,0.0
1InI2-1-2--1_0_0_-1-Iz-0_0.vasp,0.0,0.0
1InI2-1-2-1_0_0_1--0.67_-0.33.vasp,0.0,0.0
1InI2-1-2-1_0_0_1-0_0.vasp,0.0,0.0
1MgBr2-1-2-1_-1_1_0--0.33_-0.67.vasp,4.406,4.588106458
1MgBr2-1-2-1_0_0_1--0.33_-0.67.vasp,4.405,4.588106458
1MgBr2-1-2-1_0_0_1-0_0.vasp,4.406,4.588106458
1MgCl2-1-2-1_-1_1_0--0.33_-0.67.vasp,5.719,5.941182341
1MgCl2-1-2-1_-1_1_0-0_0.vasp,5.754,5.941182341
1MgCl2-1-2-1_0_0_1--0.33_-0.67.vasp,5.727,5.941182341
1MgCl2-1-2-1_0_0_1--0.67_-0.33.vasp,5.756,5.941182341
1MgCl2-1-2-1_0_0_1-0_0.vasp,5.716,5.941182341
1MgCl2-2-2--1_0_0_-1-Iz--0.5_-0.5.vasp,5.079,5.292984489
1MgCl2-2-2--1_0_0_-1-Iz--0.5_0.vasp,5.136,5.292984489
1MgCl2-2-2--1_0_0_-1-Iz-0_-0.5.vasp,5.052,5.292984489
1MgCl2-2-2--1_0_0_-1-Iz-0_0.vasp,5.113,5.292984489
1MgCl2-2-2-1_0_0_1--0.5_-0.5.vasp,5.138,5.292984489
1MgCl2-2-2-1_0_0_1-0_-0.5.vasp,5.092,5.292984489
1MgCl2-2-2-1_0_0_1-0_0.vasp,5.103,5.292984489
1MgI2-1-2-1_-1_1_0--0.33_-0.67.vasp,3.196,3.272822082
1MgI2-1-2-1_-1_1_0-0_0.vasp,3.186,3.272822082
1MgI2-1-2-1_0_0_1--0.33_-0.67.vasp,3.12,3.272822082
1MgI2-1-2-1_0_0_1-0_0.vasp,3.24,3.272822082
1MnBr2-1-2-1_-1_1_0--0.33_-0.67.vasp,3.507,1.476963133
1MnBr2-1-2-1_0_0_1--0.33_-0.67.vasp,3.511,1.476963133
1MnBr2-1-2-1_0_0_1-0_0.vasp,3.509,1.476963133
1MnCl2-2-2--1_0_0_-1-Iz--0.5_0.5.vasp,4.125,2.024863599
1MnCl2-2-2-1_0_0_1-0_0.vasp,4.1,2.024863599
1MnO2-1-2-1_-1_1_0--0.33_-0.67.vasp,1.929,1.132189014
1MnO2-1-2-1_0_0_1--0.33_-0.67.vasp,1.94,1.132189014
1MnO2-1-2-1_0_0_1-0_0.vasp,1.923,1.132189014
1MnS2-1-2-1_-1_1_0--0.33_-0.67.vasp,0.0,0.0
1MnS2-1-2-1_0_0_1--0.33_-0.67.vasp,0.0,0.0
1MnS2-1-2-1_0_0_1-0_0.vasp,0.0,0.0
1MnSe2-1-2-1_-1_1_0--0.33_-0.67.vasp,0.0,0.0
1MnSe2-1-2-1_0_0_1--0.33_-0.67.vasp,0.0,0.0
1MnSe2-1-2-1_0_0_1-0_0.vasp,0.0,0.0
1MnTe2-1-2--1_0_0_-1-Iz--0.33_-0.67.vasp,0.0,0.0
1MnTe2-1-2--1_0_0_-1-Iz-0_0.vasp,0.0,0.0
1MnTe2-1-2-1_0_0_1--0.67_-0.33.vasp,0.0,0.0
1MoO2-1-2--1_0_0_-1-Iz--0.33_-0.67.vasp,0.761,0.91239669
1MoO2-1-2--1_0_0_-1-Iz-0.33_-0.33.vasp,0.765,0.91239669
1MoO2-1-2--1_0_0_-1-Iz-0_0.vasp,0.728,0.91239669
1MoO2-1-2-1_0_0_1--0.67_-0.33.vasp,0.745,0.91239669
1MoO2-1-2-1_0_0_1-0_0.vasp,0.763,0.91239669
1MoS2-1-2--1_0_0_-1-Iz--0.33_-0.67.vasp,1.191,1.58038944
1MoS2-1-2--1_0_0_-1-Iz-0.33_-0.33.vasp,1.375,1.58038944
1MoS2-1-2--1_0_0_-1-Iz-0_0.vasp,1.205,1.58038944
1MoS2-1-2-1_0_0_1--0.67_-0.33.vasp,1.145,1.58038944
1MoS2-1-2-1_0_0_1-0_0.vasp,1.385,1.58038944
1MoSe2-1-2--1_0_0_-1-Iz--0.33_-0.67.vasp,1.152,1.321438186
1MoSe2-1-2--1_0_0_-1-Iz-0.33_-0.33.vasp,1.322,1.321438186
1MoSe2-1-2--1_0_0_-1-Iz-0_0.vasp,1.211,1.321438186
1MoSe2-1-2-1_0_0_1--0.67_-0.33.vasp,1.136,1.321438186
1MoSe2-1-2-1_0_0_1-0_0.vasp,1.299,1.321438186
1NBa2-1-2-1_-1_1_0--0.33_-0.67.vasp,0.0,0.0
1NBa2-1-2-1_-1_1_0-0_0.vasp,0.0,0.0
1NBa2-1-2-1_0_0_1--0.33_-0.67.vasp,0.0,0.0
1NBa2-1-2-1_0_0_1--0.67_-0.33.vasp,0.0,0.0
1NBa2-1-2-1_0_0_1-0_0.vasp,0.0,0.0
1NbS2-1-2-1_-1_1_0--0.33_-0.67.vasp,0.0,0.0
1NbS2-1-2-1_0_0_1--0.33_-0.67.vasp,0.0,0.0
1NbS2-1-2-1_0_0_1--0.67_-0.33.vasp,0.0,0.0
1NbS2-1-2-1_0_0_1-0_0.vasp,0.0,0.0
1NbSe2-1-2-1_-1_1_0--0.33_-0.67.vasp,0.0,0.0
1NbSe2-1-2-1_-1_1_0-0_0.vasp,0.0,0.0
1NbSe2-1-2-1_0_0_1--0.33_-0.67.vasp,0.0,0.0
1NbSe2-1-2-1_0_0_1--0.67_-0.33.vasp,0.0,0.0
1NbSe2-1-2-1_0_0_1-0_0.vasp,0.0,0.0
1NbSe2-2-2--1_0_0_-1-Iz--0.33_-0.67.vasp,0.0,0.0
1NbSe2-2-2--1_0_0_-1-Iz-0.33_-0.33.vasp,0.0,0.0
1NbSe2-2-2--1_0_0_-1-Iz-0_0.vasp,0.0,0.0
1NbSe2-2-2-1_0_0_1--0.67_-0.33.vasp,0.0,0.0
1NbSe2-2-2-1_0_0_1-0_0.vasp,0.0,0.0
1NbTe2-1-2-1_-1_1_0--0.33_-0.67.vasp,0.0,0.0
1NbTe2-1-2-1_0_0_1--0.33_-0.67.vasp,0.0,0.0
1NbTe2-1-2-1_0_0_1-0_0.vasp,0.0,0.0
1NbTe2-2-2-1_0_0_1--0.67_-0.33.vasp,0.0,0.0
1NiBr2-1-2--1_0_0_-1-Iz--0.5_0.5.vasp,0.0,0.0
1NiBr2-1-2-1_0_0_1-0_0.vasp,0.0,0.0
1NiI2-1-2-1_-1_1_0--0.33_-0.67.vasp,1.362,0.106321999
1NiI2-1-2-1_0_0_1--0.33_-0.67.vasp,1.392,0.106321999
1NiI2-1-2-1_0_0_1-0_0.vasp,1.403,0.106321999
1NiO2-1-2-1_-1_1_0--0.33_-0.67.vasp,1.52,1.281060179
1NiO2-1-2-1_0_0_1--0.33_-0.67.vasp,1.544,1.281060179
1NiO2-1-2-1_0_0_1-0_0.vasp,1.502,1.281060179
1NiS2-1-2-1_0_0_1-0_0.vasp,0.0,0.583371809
1NiSe2-1-2--1_0_0_-1-Iz-0_0.vasp,0.0,0.0
1NiSe2-2-2-1_-1_1_0--0.33_-0.67.vasp,0.0,0.060187922
1NiSe2-2-2-1_-1_1_0-0.5_0.vasp,0.0,0.060187922
1NiSe2-2-2-1_0_0_1-0_0.vasp,0.0,0.060187922
1NiTe2-1-2-1_-1_1_0--0.33_-0.67.vasp,0.0,0.0
1NiTe2-1-2-1_0_0_1-0_0.vasp,0.0,0.0
1PbBr2-1-2-1_-1_1_0--0.33_-0.67.vasp,1.9,2.004139519
1PbBr2-1-2-1_-1_1_0-0_0.vasp,1.966,2.004139519
1PbBr2-1-2-1_0_0_1--0.33_-0.67.vasp,1.938,2.004139519
1PbBr2-1-2-1_0_0_1--0.67_-0.33.vasp,1.999,2.004139519
1PbBr2-1-2-1_0_0_1-0_0.vasp,1.843,2.004139519
1PbBr2-2-2--1_0_0_-1-Iz--0.33_-0.67.vasp,2.18,2.274864553
1PbBr2-2-2--1_0_0_-1-Iz-0.33_-0.33.vasp,2.217,2.274864553
1PbBr2-2-2--1_0_0_-1-Iz-0_0.vasp,2.177,2.274864553
1PbBr2-2-2-1_0_0_1--0.67_-0.33.vasp,2.142,2.274864553
1PbBr2-2-2-1_0_0_1-0_0.vasp,2.174,2.274864553
1PbCl2-1-2--1_0_0_-1-Iz--0.33_-0.67.vasp,2.708,2.77540849
1PbCl2-1-2--1_0_0_-1-Iz-0.33_-0.33.vasp,2.745,2.77540849
1PbCl2-1-2--1_0_0_-1-Iz-0_0.vasp,2.643,2.77540849
1PbCl2-1-2-1_0_0_1--0.67_-0.33.vasp,2.661,2.77540849
1PbCl2-1-2-1_0_0_1-0_0.vasp,2.725,2.77540849
1PbI2-1-2-1_-1_1_0--0.33_-0.67.vasp,1.361,1.49944992
1PbI2-1-2-1_-1_1_0-0_0.vasp,1.41,1.49944992
1PbI2-1-2-1_0_0_1--0.33_-0.67.vasp,1.398,1.49944992
1PbI2-1-2-1_0_0_1-0_0.vasp,1.344,1.49944992
1PbI2-2-2--1_0_0_-1-Iz--0.33_-0.67.vasp,1.529,1.577068554
1PbI2-2-2--1_0_0_-1-Iz-0_0.vasp,1.488,1.577068554
1PbI2-2-2-1_0_0_1--0.67_-0.33.vasp,1.492,1.577068554
1PbI2-2-2-1_0_0_1-0_0.vasp,1.487,1.577068554
1PbO2-1-2-1_0_0_1--0.33_-0.67.vasp,0.864,1.346309206
1PbO2-1-2-1_0_0_1-0_0.vasp,0.961,1.346309206
1PbS2-1-2--1_0_0_-1-Iz--0.33_-0.67.vasp,1.156,1.389531295
1PbS2-1-2--1_0_0_-1-Iz-0.33_-0.33.vasp,1.189,1.389531295
1PbS2-1-2--1_0_0_-1-Iz-0_0.vasp,1.155,1.389531295
1PbS2-1-2-1_0_0_1--0.67_-0.33.vasp,1.243,1.389531295
1PbS2-1-2-1_0_0_1-0_0.vasp,1.218,1.389531295
1PdBr2-1-2-1_-1_1_0--0.33_-0.67.vasp,0.233,0.198110811
1PdBr2-1-2-1_0_0_1--0.33_-0.67.vasp,0.239,0.198110811
1PdBr2-1-2-1_0_0_1-0_0.vasp,0.244,0.198110811
1PdO2-1-2-1_-1_1_0--0.33_-0.67.vasp,1.178,1.378933551
1PdO2-1-2-1_0_0_1--0.33_-0.67.vasp,1.216,1.378933551
1PdO2-1-2-1_0_0_1-0_0.vasp,1.116,1.378933551
1PdSe2-1-2-1_-1_1_0--0.33_-0.67.vasp,0.0,0.55796554
1PdSe2-1-2-1_0_0_1-0_0.vasp,0.0,0.55796554
1PtO2-1-2-1_-1_1_0--0.33_-0.67.vasp,1.487,1.673977171
1PtO2-1-2-1_0_0_1--0.33_-0.67.vasp,1.465,1.673977171
1PtO2-1-2-1_0_0_1-0_0.vasp,1.504,1.673977171
1PtSe2-1-2-1_0_0_1-0_0.vasp,0.219,1.166654501
1RhLi2-1-2--1_0_0_-1-Iz--0.33_-0.67.vasp,0.0,0.0
1RhLi2-1-2--1_0_0_-1-Iz-0_0.vasp,0.0,0.0
1RhLi2-1-2-1_0_0_1--0.67_-0.33.vasp,0.0,0.0
1RuBr2-1-2-1_-1_1_0--0.33_-0.67.vasp,0.897,1.045299664
1RuBr2-1-2-1_0_0_1--0.33_-0.67.vasp,0.906,1.045299664
1RuBr2-1-2-1_0_0_1--0.67_-0.33.vasp,0.904,1.045299664
1RuBr2-1-2-1_0_0_1-0_0.vasp,0.897,1.045299664
1SbSe2-1-2-1_-1_1_0--0.33_-0.67.vasp,0.0,0.0
1SbSe2-1-2-1_-1_1_0-0_0.vasp,0.0,0.0
1SbSe2-1-2-1_0_0_1--0.33_-0.67.vasp,0.0,0.0
1SbSe2-1-2-1_0_0_1-0_0.vasp,0.0,0.0
1ScBr2-1-2--1_0_0_-1-Iz--0.33_-0.67.vasp,0.148,0.157081287
1ScBr2-1-2--1_0_0_-1-Iz-0_0.vasp,0.044,0.157081287
1ScBr2-1-2-1_0_0_1--0.67_-0.33.vasp,0.052,0.157081287
1ScCl2-1-2--1_0_0_-1-Iz--0.33_-0.67.vasp,0.101,0.107485399
1ScCl2-1-2--1_0_0_-1-Iz-0_0.vasp,0.007,0.107485399
1ScCl2-1-2-1_0_0_1--0.67_-0.33.vasp,0.016,0.107485399
1ScI2-1-2--1_0_0_-1-Iz--0.33_-0.67.vasp,0.1,0.105944259
1ScI2-1-2--1_0_0_-1-Iz-0_0.vasp,0.003,0.105944259
1ScI2-1-2-1_0_0_1--0.67_-0.33.vasp,0.01,0.105944259
1SiS2-1-2--1_0_0_-1-0.5_0.vasp,1.277,1.382733881
1SiS2-1-2--1_0_0_-1-0.67_-0.53.vasp,1.327,1.382733881
1SiS2-1-2--1_0_0_-1-1.0_-0.87.vasp,1.316,1.382733881
1SiS2-1-2-1_0_0_1-0.33_-0.33.vasp,1.28,1.382733881
1SiS2-1-2-1_0_0_1-0.5_0.vasp,1.3,1.382733881
1SiS2-1-2-1_0_0_1-0.67_-0.67.vasp,1.324,1.382733881
1SiS2-1-2-1_0_0_1-0_0.vasp,1.373,1.382733881
1SiSe2-1-2--1_0_0_-1--0.33_-0.6.vasp,0.393,0.466866037
1SiSe2-1-2--1_0_0_-1-0.5_0.vasp,0.314,0.466866037
1SiSe2-1-2-1_0_0_1--0.33_-0.67.vasp,0.422,0.466866037
1SiSe2-1-2-1_0_0_1--0.67_-0.33.vasp,0.322,0.466866037
1SiSe2-1-2-1_0_0_1-0.5_0.vasp,0.373,0.466866037
1SiSe2-1-2-1_0_0_1-0.79_0.58.vasp,0.376,0.466866037
1SiSe2-1-2-1_0_0_1-0_0.vasp,0.425,0.466866037
1SnI2-2-2--1_0_0_-1-Iz--0.33_-0.67.vasp,1.817,1.925838218
1SnI2-2-2--1_0_0_-1-Iz-0_0.vasp,1.923,1.925838218
1SnI2-2-2-1_0_0_1--0.67_-0.33.vasp,1.865,1.925838218
1SnI2-2-2-1_0_0_1-0_0.vasp,1.814,1.925838218
1SnO2-1-2-1_-1_1_0--0.33_-0.67.vasp,2.307,2.682843652
1SnO2-1-2-1_0_0_1--0.33_-0.67.vasp,2.301,2.682843652
1SnS2-1-2--1_0_0_-1-Iz--0.5_0.5.vasp,1.198,1.438135819
1SnS2-1-2--1_0_0_-1-Iz--0.5_0.vasp,1.194,1.438135819
1SnS2-1-2--1_0_0_-1-Iz-0_-0.5.vasp,1.206,1.438135819
1SnS2-1-2--1_0_0_-1-Iz-0_0.vasp,1.238,1.438135819
1SnS2-1-2-1_0_0_1--0.5_0.5.vasp,1.263,1.438135819
1SnS2-1-2-1_0_0_1-0_-0.5.vasp,1.122,1.438135819
1SnS2-1-2-1_0_0_1-0_0.vasp,1.189,1.438135819
1SnSe2-2-2--1_0_0_-1-Iz--0.5_0.5.vasp,0.564,0.860147886
1SnSe2-2-2--1_0_0_-1-Iz--0.5_0.vasp,0.549,0.860147886
1SnSe2-2-2--1_0_0_-1-Iz-0_-0.5.vasp,0.569,0.860147886
1SnSe2-2-2-1_0_0_1--0.5_0.5.vasp,0.624,0.860147886
1SnSe2-2-2-1_0_0_1-0_-0.5.vasp,0.433,0.860147886
1SnSe2-2-2-1_0_0_1-0_0.vasp,0.56,0.860147886
1SnTe2-1-2-1_-1_1_0--0.33_-0.67.vasp,0.0,0.0
1SnTe2-1-2-1_0_0_1--0.33_-0.67.vasp,0.0,0.0
1SnTe2-1-2-1_0_0_1-0_0.vasp,0.0,0.0
1SrBr2-1-2--1_0_0_-1-Iz--0.33_-0.67.vasp,3.93,4.313491129
1SrBr2-1-2--1_0_0_-1-Iz-0.33_-0.33.vasp,4.031,4.313491129
1SrBr2-1-2--1_0_0_-1-Iz-0_0.vasp,3.937,4.313491129
1SrBr2-1-2-1_0_0_1--0.67_-0.33.vasp,3.931,4.313491129
1SrBr2-1-2-1_0_0_1-0_0.vasp,4.029,4.313491129
1SrBr2-2-2-1_-1_1_0--0.33_-0.67.vasp,4.55,4.928634519
1SrBr2-2-2-1_0_0_1--0.33_-0.67.vasp,4.579,4.928634519
1SrBr2-2-2-1_0_0_1--0.67_-0.33.vasp,4.61,4.928634519
1SrBr2-2-2-1_0_0_1-0_0.vasp,4.545,4.928634519
1SrCl2-1-2-1_-1_1_0--0.33_-0.67.vasp,5.413,5.738033299
1SrCl2-1-2-1_-1_1_0-0_0.vasp,5.4,5.738033299
1SrCl2-1-2-1_0_0_1--0.33_-0.67.vasp,5.49,5.738033299
1SrCl2-1-2-1_0_0_1--0.67_-0.33.vasp,5.397,5.738033299
1SrCl2-1-2-1_0_0_1-0_0.vasp,5.405,5.738033299
1SrCl2-2-2--1_0_0_-1-Iz--0.33_-0.67.vasp,4.587,4.94446531
1SrCl2-2-2--1_0_0_-1-Iz-0.33_-0.33.vasp,4.672,4.94446531
1SrCl2-2-2--1_0_0_-1-Iz-0_0.vasp,4.608,4.94446531
1SrCl2-2-2-1_0_0_1--0.67_-0.33.vasp,4.592,4.94446531
1SrCl2-2-2-1_0_0_1-0_0.vasp,4.67,4.94446531
1SrI2-1-2--1_0_0_-1-Iz--0.33_-0.67.vasp,3.204,3.418064015
1SrI2-1-2--1_0_0_-1-Iz-0.33_-0.33.vasp,3.323,3.418064015
1SrI2-1-2--1_0_0_-1-Iz-0_0.vasp,3.206,3.418064015
1SrI2-1-2-1_0_0_1--0.67_-0.33.vasp,3.234,3.418064015
1SrI2-1-2-1_0_0_1-0_0.vasp,3.303,3.418064015
1SrI2-2-2-1_-1_1_0--0.33_-0.67.vasp,3.75,3.98383895
1SrI2-2-2-1_-1_1_0-0_0.vasp,3.881,3.98383895
1SrI2-2-2-1_0_0_1--0.33_-0.67.vasp,3.727,3.98383895
1SrI2-2-2-1_0_0_1-0_0.vasp,3.747,3.98383895
1TaS2-1-2-1_-1_1_0--0.33_-0.67.vasp,0.0,0.0
1TaS2-1-2-1_-1_1_0-0_0.vasp,0.0,0.0
1TaS2-1-2-1_0_0_1--0.33_-0.67.vasp,0.0,0.0
1TaS2-1-2-1_0_0_1--0.67_-0.33.vasp,0.0,0.0
1TaS2-1-2-1_0_0_1-0_0.vasp,0.0,0.0
1TaS2-2-2--1_0_0_-1-Iz--0.33_-0.67.vasp,0.0,0.0
1TaS2-2-2--1_0_0_-1-Iz-0_0.vasp,0.0,0.0
1TaS2-2-2-1_0_0_1--0.67_-0.33.vasp,0.0,0.0
1TaTe2-1-2-1_-1_1_0--0.33_-0.67.vasp,0.0,0.0
1TaTe2-1-2-1_0_0_1--0.33_-0.67.vasp,0.0,0.0
1TaTe2-1-2-1_0_0_1-0_0.vasp,0.0,0.0
1TiBi2-1-2-1_-1_1_0--0.33_-0.67.vasp,0.0,0.0
1TiBi2-1-2-1_-1_1_0-0_0.vasp,0.0,0.0
1TiBi2-1-2-1_0_0_1--0.33_-0.67.vasp,0.0,0.0
1TiBi2-1-2-1_0_0_1--0.67_-0.33.vasp,0.0,0.0
1TiBi2-1-2-1_0_0_1-0_0.vasp,0.0,0.0
1TiBr2-1-2--1_0_0_-1-Iz--0.33_-0.67.vasp,0.696,0.75788016
1TiBr2-1-2--1_0_0_-1-Iz-0.33_-0.33.vasp,0.708,0.75788016
1TiBr2-1-2--1_0_0_-1-Iz-0_0.vasp,0.708,0.75788016
1TiBr2-1-2-1_0_0_1--0.67_-0.33.vasp,0.687,0.75788016
1TiBr2-1-2-1_0_0_1-0_0.vasp,0.69,0.75788016
1TiCl2-1-2--1_0_0_-1-Iz--0.33_-0.67.vasp,0.839,0.902542735
1TiCl2-1-2--1_0_0_-1-Iz-0_0.vasp,0.849,0.902542735
1TiCl2-1-2-1_0_0_1--0.67_-0.33.vasp,0.832,0.902542735
1TiSe2-1-2--1_0_0_-1-Iz--0.33_-0.67.vasp,0.322,0.521635551
1TiSe2-1-2--1_0_0_-1-Iz-0_0.vasp,0.287,0.521635551
1TiSe2-1-2-1_0_0_1--0.67_-0.33.vasp,0.274,0.521635551
1TiTe2-1-2--1_0_0_-1-Iz--0.33_-0.67.vasp,0.0,0.035589567
1TiTe2-1-2--1_0_0_-1-Iz-0.33_-0.33.vasp,0.009,0.035589567
1TiTe2-1-2--1_0_0_-1-Iz-0_0.vasp,0.001,0.035589567
1TiTe2-1-2-1_0_0_1--0.67_-0.33.vasp,0.0,0.035589567
1TiTe2-2-2-1_-1_1_0--0.33_-0.67.vasp,0.0,0.0
1TiTe2-2-2-1_-1_1_0-0_0.vasp,0.0,0.0
1TiTe2-2-2-1_0_0_1--0.33_-0.67.vasp,0.0,0.0
1TiTe2-2-2-1_0_0_1-0_0.vasp,0.0,0.0
1VBr2-1-2-1_-1_1_0--0.33_-0.67.vasp,4.282,1.251545631
1VBr2-1-2-1_0_0_1--0.33_-0.67.vasp,4.408,1.251545631
1VBr2-1-2-1_0_0_1-0_0.vasp,4.294,1.251545631
1VCl2-1-2-1_-1_1_0--0.33_-0.67.vasp,4.466,1.353733361
1VCl2-1-2-1_0_0_1--0.33_-0.67.vasp,4.562,1.353733361
1VCl2-1-2-1_0_0_1-0_0.vasp,4.448,1.353733361
1VI2-1-2-1_-1_1_0--0.33_-0.67.vasp,3.455,1.202473822
1VI2-1-2-1_0_0_1--0.33_-0.67.vasp,3.512,1.202473822
1VI2-1-2-1_0_0_1-0_0.vasp,3.465,1.202473822
1VO2-1-2--1_0_0_-1-Iz--0.5_0.5.vasp,1.222,0.0
1VS2-1-2-1_-1_1_0--0.33_-0.67.vasp,0.0,0.0
1VS2-1-2-1_0_0_1--0.33_-0.67.vasp,0.0,0.0
1VS2-2-2--1_0_0_-1-Iz-0_0.vasp,0.392,0.027824911
1VSe2-2-2-1_-1_1_0--0.33_-0.67.vasp,0.0,0.0
1VSe2-2-2-1_0_0_1-0_0.vasp,0.0,0.0
1VTe2-1-2--1_0_0_-1-Iz--0.33_-0.67.vasp,0.167,0.212237608
1VTe2-1-2--1_0_0_-1-Iz-0_0.vasp,0.143,0.212237608
1VTe2-1-2-1_0_0_1--0.67_-0.33.vasp,0.099,0.212237608
1WS2-1-2--1_0_0_-1-Iz--0.33_-0.67.vasp,1.358,1.533624078
1WS2-1-2--1_0_0_-1-Iz-0.33_-0.33.vasp,1.53,1.533624078
1WS2-1-2--1_0_0_-1-Iz-0_0.vasp,1.401,1.533624078
1WS2-1-2-1_0_0_1--0.67_-0.33.vasp,1.296,1.533624078
1WSe2-1-2--1_0_0_-1-Iz--0.33_-0.67.vasp,1.166,1.237876337
1WSe2-1-2--1_0_0_-1-Iz-0.33_-0.33.vasp,1.219,1.237876337
1WSe2-1-2--1_0_0_-1-Iz-0_0.vasp,1.205,1.237876337
1WSe2-1-2-1_0_0_1--0.67_-0.33.vasp,1.09,1.237876337
1WSe2-1-2-1_0_0_1-0_0.vasp,1.123,1.237876337
1YBr2-1-2--1_0_0_-1-Iz--0.33_-0.67.vasp,0.333,0.343981527
1YBr2-1-2--1_0_0_-1-Iz-0_0.vasp,0.329,0.343981527
1YBr2-1-2-1_0_0_1--0.67_-0.33.vasp,0.324,0.343981527
1YCl2-1-2--1_0_0_-1-Iz--0.33_-0.67.vasp,0.366,0.373875749
1YCl2-1-2--1_0_0_-1-Iz-0_0.vasp,0.36,0.373875749
1YCl2-1-2-1_0_0_1--0.67_-0.33.vasp,0.359,0.373875749
1ZnBr2-1-2--1_0_0_-1-Iz--0.5_0.5.vasp,2.974,3.272389704
1ZnBr2-1-2--1_0_0_-1-Iz--0.5_0.vasp,3.072,3.272389704
1ZnBr2-1-2--1_0_0_-1-Iz-0_-0.5.vasp,3.066,3.272389704
1ZnBr2-1-2--1_0_0_-1-Iz-0_0.vasp,3.099,3.272389704
1ZnBr2-1-2-1_0_0_1--0.5_0.5.vasp,3.104,3.272389704
1ZnBr2-1-2-1_0_0_1-0_-0.5.vasp,3.049,3.272389704
1ZnBr2-1-2-1_0_0_1-0_0.vasp,2.974,3.272389704
1ZnBr2-2-2-1_-1_1_0--0.33_-0.67.vasp,3.173,3.352786198
1ZnBr2-2-2-1_-1_1_0-0_0.vasp,3.212,3.352786198
1ZnBr2-2-2-1_0_0_1--0.33_-0.67.vasp,3.173,3.352786198
1ZnBr2-2-2-1_0_0_1-0_0.vasp,3.173,3.352786198
1ZnCl2-1-2-1_-1_1_0--0.33_-0.67.vasp,4.278,4.452870716
1ZnCl2-1-2-1_-1_1_0-0_0.vasp,4.305,4.452870716
1ZnCl2-1-2-1_0_0_1--0.33_-0.67.vasp,4.278,4.452870716
1ZnCl2-1-2-1_0_0_1--0.67_-0.33.vasp,4.306,4.452870716
1ZnCl2-1-2-1_0_0_1-0_0.vasp,4.277,4.452870716
1ZnF2-1-2--1_0_0_-1-Iz--0.5_0.5.vasp,4.061,4.424517187
1ZnF2-1-2-1_0_0_1-0_0.vasp,4.029,4.424517187
1ZnI2-1-2-1_-1_1_0--0.33_-0.67.vasp,1.657,1.749002181
1ZnI2-1-2-1_-1_1_0-0_0.vasp,1.653,1.749002181
1ZnI2-1-2-1_0_0_1--0.33_-0.67.vasp,1.578,1.749002181
1ZnI2-1-2-1_0_0_1--0.67_-0.33.vasp,1.684,1.749002181
1ZnI2-1-2-1_0_0_1-0_0.vasp,1.688,1.749002181
1ZnI2-2-2--1_0_0_-1-Iz--0.5_0.5.vasp,2.167,2.431424985
1ZnI2-2-2--1_0_0_-1-Iz--0.5_0.vasp,2.268,2.431424985
1ZnI2-2-2--1_0_0_-1-Iz-0_-0.5.vasp,2.253,2.431424985
1ZnI2-2-2-1_0_0_1--0.5_0.5.vasp,2.282,2.431424985
1ZnI2-2-2-1_0_0_1-0_0.vasp,2.157,2.431424985
1ZrBi2-1-2--1_0_0_-1-Iz--0.33_-0.67.vasp,0.0,0.0
1ZrBi2-1-2--1_0_0_-1-Iz-0.33_-0.33.vasp,0.0,0.0
1ZrBi2-1-2--1_0_0_-1-Iz-0_0.vasp,0.0,0.0
1ZrBi2-1-2-1_0_0_1--0.67_-0.33.vasp,0.0,0.0
1ZrBi2-1-2-1_0_0_1-0_0.vasp,0.0,0.0
1ZrBi2-2-2-1_-1_1_0--0.33_-0.67.vasp,0.0,0.0
1ZrBi2-2-2-1_-1_1_0-0_0.vasp,0.0,0.0
1ZrBi2-2-2-1_0_0_1--0.33_-0.67.vasp,0.0,0.0
1ZrBi2-2-2-1_0_0_1--0.67_-0.33.vasp,0.0,0.0
1ZrBi2-2-2-1_0_0_1-0_0.vasp,0.0,0.0
1ZrBr2-1-2--1_0_0_-1-Iz--0.33_-0.67.vasp,0.736,0.8282377
1ZrBr2-1-2--1_0_0_-1-Iz-0.33_-0.33.vasp,0.74,0.8282377
1ZrBr2-1-2--1_0_0_-1-Iz-0_0.vasp,0.745,0.8282377
1ZrBr2-1-2-1_0_0_1--0.67_-0.33.vasp,0.729,0.8282377
1ZrCl2-1-2--1_0_0_-1-Iz--0.33_-0.67.vasp,0.931,0.980598798
1ZrCl2-1-2--1_0_0_-1-Iz-0.33_-0.33.vasp,0.93,0.980598798
1ZrCl2-1-2--1_0_0_-1-Iz-0_0.vasp,0.939,0.980598798
1ZrCl2-1-2-1_0_0_1--0.67_-0.33.vasp,0.916,0.980598798
1ZrCl2-1-2-1_0_0_1-0_0.vasp,0.912,0.980598798
1ZrI2-1-2--1_0_0_-1-Iz--0.33_-0.67.vasp,0.609,0.687104354
1ZrI2-1-2--1_0_0_-1-Iz-0.33_-0.33.vasp,0.617,0.687104354
1ZrI2-1-2--1_0_0_-1-Iz-0_0.vasp,0.626,0.687104354
1ZrI2-1-2-1_0_0_1--0.67_-0.33.vasp,0.583,0.687104354
1ZrS2-1-2-1_-1_1_0--0.33_-0.67.vasp,1.112,1.159195497
1ZrS2-1-2-1_-1_1_0-0_0.vasp,1.044,1.159195497
1ZrS2-1-2-1_0_0_1--0.33_-0.67.vasp,1.017,1.159195497
1ZrS2-1-2-1_0_0_1-0_0.vasp,1.095,1.159195497
1ZrSe2-1-2-1_-1_1_0--0.33_-0.67.vasp,0.27,0.336549777
1ZrSe2-1-2-1_0_0_1--0.33_-0.67.vasp,0.215,0.336549777
1ZrSe2-1-2-1_0_0_1-0_0.vasp,0.268,0.336549777
1ZrTe2-1-2-1_-1_1_0--0.33_-0.67.vasp,0.0,0.0
1ZrTe2-1-2-1_-1_1_0-0_0.vasp,0.0,0.0
1ZrTe2-1-2-1_0_0_1--0.33_-0.67.vasp,0.0,0.0
1ZrTe2-1-2-1_0_0_1--0.67_-0.33.vasp,0.0,0.0
1ZrTe2-1-2-1_0_0_1-0_0.vasp,0.0,0.0
1ZrTe2-2-2--1_0_0_-1-Iz--0.33_-0.67.vasp,0.149,0.258653581
1ZrTe2-2-2--1_0_0_-1-Iz-0.33_-0.33.vasp,0.191,0.258653581
1ZrTe2-2-2--1_0_0_-1-Iz-0_0.vasp,0.114,0.258653581
1ZrTe2-2-2-1_0_0_1--0.67_-0.33.vasp,0.089,0.258653581
2AlSe2-1-2--1_0_0_-1-0.5_0.vasp,0.0,0.0
2AlSe2-1-2--1_0_0_-1-0_-0.39.vasp,0.0,0.0
2AlSe2-1-2--1_0_0_-1-0_-0.7.vasp,0.0,0.0
2AlSe2-1-2--1_0_0_-1-0_-0.71.vasp,0.0,0.0
2AlSe2-1-2-1_0_0_1--0.5_-0.2.vasp,0.0,0.0
2AlSe2-1-2-1_0_0_1--0.5_0.11.vasp,0.0,0.0
2AlSe2-1-2-1_0_0_1--0.5_0.16.vasp,0.0,0.0
2AlSe2-1-2-1_0_0_1-0.5_-0.11.vasp,0.0,0.0
2AlSe2-1-2-1_0_0_1-0.5_0.vasp,0.0,0.0
2AlSe2-1-2-1_0_0_1-0_-0.3.vasp,0.0,0.0
2AlSe2-1-2-1_0_0_1-0_0.vasp,0.0,0.0
2FeS2-1-2--1_0_0_-1-0.5_-0.07.vasp,0.474,0.654128361
2FeS2-1-2-1_0_0_1--0.5_-0.79.vasp,0.48,0.654128361
2FeS2-1-2-1_0_0_1-0_0.03.vasp,0.468,0.654128361
2FeSe2-1-2-1_0_0_1--0.5_-0.79.vasp,0.296,0.57518734
2FeSe2-1-2-1_0_0_1-0_0.03.vasp,0.36,0.57518734
2HfI2-1-2--1_0_0_-1--0.5_-0.09.vasp,0.51,0.627398971
2HfI2-1-2--1_0_0_-1--0.5_-0.1.vasp,0.508,0.627398971
2HfI2-1-2--1_0_0_-1--0.5_-0.5.vasp,0.548,0.627398971
2HfI2-1-2--1_0_0_-1--0.5_-0.76.vasp,0.511,0.627398971
2HfI2-1-2--1_0_0_-1-0.5_0.vasp,0.535,0.627398971
2HfI2-1-2--1_0_0_-1-0_-0.23.vasp,0.525,0.627398971
2HfI2-1-2--1_0_0_-1-0_-0.26.vasp,0.521,0.627398971
2HfI2-1-2--1_0_0_-1-0_-0.6.vasp,0.524,0.627398971
2HfI2-1-2--1_0_0_-1-0_-0.87.vasp,0.53,0.627398971
2HfI2-1-2--1_0_0_-1-0_0.5.vasp,0.531,0.627398971
2HfI2-1-2--1_0_0_-1-0_0.vasp,0.549,0.627398971
2HfI2-1-2-1_0_0_1--0.5_-0.1.vasp,0.562,0.627398971
2HfI2-1-2-1_0_0_1--0.5_-0.37.vasp,0.549,0.627398971
2HfI2-1-2-1_0_0_1--0.5_-0.75.vasp,0.551,0.627398971
2HfI2-1-2-1_0_0_1--0.5_-0.76.vasp,0.551,0.627398971
2HfI2-1-2-1_0_0_1-0.5_-0.24.vasp,0.559,0.627398971
2HfI2-1-2-1_0_0_1-0.5_-0.5.vasp,0.535,0.627398971
2HfI2-1-2-1_0_0_1-0.5_0.1.vasp,0.548,0.627398971
2HfI2-1-2-1_0_0_1-0.5_0.37.vasp,0.547,0.627398971
2HfI2-1-2-1_0_0_1-0.5_0.vasp,0.559,0.627398971
2HfI2-1-2-1_0_0_1-0_-0.26.vasp,0.54,0.627398971
2HfI2-1-2-1_0_0_1-0_-0.4.vasp,0.539,0.627398971
2HfI2-1-2-1_0_0_1-0_-0.42.vasp,0.54,0.627398971
2HfI2-1-2-1_0_0_1-0_-0.6.vasp,0.553,0.627398971
2HfI2-1-2-1_0_0_1-0_0.5.vasp,0.545,0.627398971
2HfI2-1-2-1_0_0_1-0_0.vasp,0.539,0.627398971
2MoO2-1-2--1_0_0_-1--0.5_-0.82.vasp,0.0,0.0
2MoO2-1-2--1_0_0_-1--0.5_-0.87.vasp,0.0,0.0
2MoO2-1-2--1_0_0_-1--0.5_-0.89.vasp,0.0,0.0
2MoO2-1-2--1_0_0_-1-0.5_0.vasp,0.0,0.0
2MoO2-1-2--1_0_0_-1-0_-0.61.vasp,0.0,0.0
2MoO2-1-2--1_0_0_-1-0_-0.93.vasp,0.0,0.0
2MoO2-1-2-1_0_0_1--0.5_-0.11.vasp,0.0,0.0
2MoO2-1-2-1_0_0_1--0.5_-0.43.vasp,0.0,0.0
2MoO2-1-2-1_0_0_1--0.5_-0.8.vasp,0.0,0.0
2MoO2-1-2-1_0_0_1-0.5_0.41.vasp,0.0,0.0
2MoO2-1-2-1_0_0_1-0.5_0.43.vasp,0.0,0.0
2MoO2-1-2-1_0_0_1-0_-0.32.vasp,0.0,0.0
2MoO2-1-2-1_0_0_1-0_-0.62.vasp,0.0,0.0
2MoO2-1-2-1_0_0_1-0_0.01.vasp,0.0,0.0
2MoO2-1-2-1_0_0_1-0_0.5.vasp,0.0,0.0
2MoO2-1-2-1_0_0_1-0_0.vasp,0.0,0.0
2MoS2-1-2--1_0_0_-1--0.5_-0.78.vasp,0.0,0.05102848
2MoS2-1-2--1_0_0_-1-0.5_-0.09.vasp,0.0,0.05102848
2MoS2-1-2--1_0_0_-1-0.5_0.vasp,0.0,0.05102848
2MoS2-1-2--1_0_0_-1-0_-0.62.vasp,0.0,0.05102848
2MoS2-1-2--1_0_0_-1-0_-0.9.vasp,0.0,0.05102848
2MoS2-1-2--1_0_0_-1-0_0.5.vasp,0.0,0.05102848
2MoS2-1-2-1_0_0_1--0.5_-0.4.vasp,0.0,0.05102848
2MoS2-1-2-1_0_0_1--0.5_-0.78.vasp,0.0,0.05102848
2MoS2-1-2-1_0_0_1-0.5_-0.5.vasp,0.0,0.05102848
2MoS2-1-2-1_0_0_1-0.5_-0.55.vasp,0.0,0.05102848
2MoS2-1-2-1_0_0_1-0.5_-0.56.vasp,0.0,0.05102848
2MoS2-1-2-1_0_0_1-0.5_0.12.vasp,0.016,0.05102848
2MoS2-1-2-1_0_0_1-0.5_0.vasp,0.022,0.05102848
2MoS2-1-2-1_0_0_1-0_-0.28.vasp,0.0,0.05102848
2MoS2-1-2-1_0_0_1-0_-0.62.vasp,0.0,0.05102848
2MoS2-1-2-1_0_0_1-0_0.01.vasp,0.0,0.05102848
2MoS2-1-2-1_0_0_1-0_0.5.vasp,0.0,0.05102848
2MoS2-1-2-1_0_0_1-0_0.vasp,0.0,0.05102848
2NbI2-1-2--1_0_0_-1--0.5_-0.05.vasp,0.0,0.0
2NbI2-1-2--1_0_0_-1--0.5_-0.06.vasp,0.0,0.0
2NbI2-1-2--1_0_0_-1--0.5_-0.09.vasp,0.0,0.0
2NbI2-1-2--1_0_0_-1--0.5_-0.5.vasp,0.0,0.0
2NbI2-1-2--1_0_0_-1--0.5_-0.74.vasp,0.0,0.0
2NbI2-1-2--1_0_0_-1-0_-0.59.vasp,0.0,0.0
2NbI2-1-2--1_0_0_-1-0_-0.83.vasp,0.0,0.0
2NbI2-1-2--1_0_0_-1-0_0.vasp,0.0,0.0
2NbI2-1-2-1_0_0_1--0.5_-0.09.vasp,0.0,0.0
2NbI2-1-2-1_0_0_1--0.5_-0.33.vasp,0.0,0.0
2NbI2-1-2-1_0_0_1--0.5_-0.72.vasp,0.0,0.0
2NbI2-1-2-1_0_0_1--0.5_-0.74.vasp,0.0,0.0
2NbI2-1-2-1_0_0_1-0.5_-0.5.vasp,0.0,0.0
2NbI2-1-2-1_0_0_1-0.5_0.09.vasp,0.0,0.0
2NbI2-1-2-1_0_0_1-0_-0.24.vasp,0.0,0.0
2NbI2-1-2-1_0_0_1-0_-0.35.vasp,0.0,0.0
2NbI2-1-2-1_0_0_1-0_-0.39.vasp,0.0,0.0
2NbI2-1-2-1_0_0_1-0_-0.59.vasp,0.0,0.0
2NbI2-1-2-1_0_0_1-0_0.24.vasp,0.0,0.0
2NbI2-1-2-1_0_0_1-0_0.vasp,0.0,0.0
2NiS2-1-2--1_0_0_-1-0.5_0.vasp,1.085,0.82387627
2NiTe2-1-2--1_0_0_-1-0.5_0.vasp,0.788,0.920798001
2OsO2-1-2--1_0_0_-1--0.5_-0.82.vasp,0.14,0.169138837
2OsO2-1-2--1_0_0_-1-0.5_0.vasp,0.12,0.169138837
2OsO2-1-2--1_0_0_-1-0_-0.61.vasp,0.137,0.169138837
2OsO2-1-2--1_0_0_-1-0_-0.93.vasp,0.11,0.169138837
2OsO2-1-2-1_0_0_1--0.5_-0.11.vasp,0.11,0.169138837
2OsO2-1-2-1_0_0_1--0.5_-0.43.vasp,0.125,0.169138837
2OsO2-1-2-1_0_0_1--0.5_-0.7.vasp,0.15,0.169138837
2OsO2-1-2-1_0_0_1--0.5_-0.75.vasp,0.148,0.169138837
2OsO2-1-2-1_0_0_1--0.5_-0.81.vasp,0.158,0.169138837
2OsO2-1-2-1_0_0_1-0.5_0.35.vasp,0.158,0.169138837
2OsO2-1-2-1_0_0_1-0.5_0.38.vasp,0.154,0.169138837
2OsO2-1-2-1_0_0_1-0.5_0.43.vasp,0.144,0.169138837
2OsO2-1-2-1_0_0_1-0_-0.03.vasp,0.122,0.169138837
2OsO2-1-2-1_0_0_1-0_-0.32.vasp,0.157,0.169138837
2OsO2-1-2-1_0_0_1-0_-0.35.vasp,0.162,0.169138837
2OsO2-1-2-1_0_0_1-0_-0.37.vasp,0.167,0.169138837
2OsO2-1-2-1_0_0_1-0_-0.62.vasp,0.115,0.169138837
2OsO2-1-2-1_0_0_1-0_0.vasp,0.12,0.169138837
2OsSe2-1-2--1_0_0_-1--0.5_-0.79.vasp,0.418,0.567275364
2OsSe2-1-2--1_0_0_-1-0.5_0.vasp,0.431,0.567275364
2OsSe2-1-2--1_0_0_-1-0_-0.29.vasp,0.455,0.567275364
2OsSe2-1-2--1_0_0_-1-0_-0.6.vasp,0.441,0.567275364
2OsSe2-1-2--1_0_0_-1-0_-0.89.vasp,0.501,0.567275364
2OsSe2-1-2-1_0_0_1--0.5_-0.71.vasp,0.453,0.567275364
2OsSe2-1-2-1_0_0_1--0.5_-0.76.vasp,0.434,0.567275364
2OsSe2-1-2-1_0_0_1--0.5_-0.79.vasp,0.416,0.567275364
2OsSe2-1-2-1_0_0_1-0.5_-0.5.vasp,0.48,0.567275364
2OsSe2-1-2-1_0_0_1-0.5_0.1.vasp,0.374,0.567275364
2OsSe2-1-2-1_0_0_1-0_-0.29.vasp,0.5,0.567275364
2OsSe2-1-2-1_0_0_1-0_0.vasp,0.418,0.567275364
2PdS2-1-2--1_0_0_-1--0.4_-0.89.vasp,0.87,1.119898805
2PdS2-1-2--1_0_0_-1--0.5_-0.28.vasp,0.992,1.119898805
2PdS2-1-2--1_0_0_-1--0.79_-0.78.vasp,1.021,1.119898805
2PdS2-1-2--1_0_0_-1-0.1_-0.61.vasp,1.017,1.119898805
2PdS2-1-2--1_0_0_-1-0.5_0.vasp,0.696,1.119898805
2PdS2-1-2--1_0_0_-1-0_0.5.vasp,0.976,1.119898805
2PdS2-1-2-1_0_0_1--0.1_-0.39.vasp,0.998,1.119898805
2PdS2-1-2-1_0_0_1--0.29_-0.5.vasp,0.983,1.119898805
2PdS2-1-2-1_0_0_1--0.4_-0.89.vasp,1.019,1.119898805
2PdS2-1-2-1_0_0_1--0.5_-0.28.vasp,1.041,1.119898805
2PdS2-1-2-1_0_0_1--0.79_-0.78.vasp,1.0,1.119898805
2PdS2-1-2-1_0_0_1-0.1_-0.61.vasp,0.824,1.119898805
2PdS2-1-2-1_0_0_1-0.4_-0.11.vasp,1.013,1.119898805
2PdS2-1-2-1_0_0_1-0.5_0.vasp,1.056,1.119898805
2PdS2-1-2-1_0_0_1-0_0.5.vasp,0.849,1.119898805
2PdS2-1-2-1_0_0_1-0_0.vasp,0.867,1.119898805
2PdSe2-1-2--1_0_0_-1--0.39_-0.88.vasp,1.0,1.313170341
2PdSe2-1-2--1_0_0_-1--0.78_-0.76.vasp,1.045,1.313170341
2PdSe2-1-2--1_0_0_-1-0.5_0.vasp,0.813,1.313170341
2PdSe2-1-2-1_0_0_1--0.28_-0.5.vasp,1.042,1.313170341
2PdSe2-1-2-1_0_0_1--0.78_-0.76.vasp,0.939,1.313170341
2PdSe2-1-2-1_0_0_1-0.11_-0.62.vasp,0.943,1.313170341
2PtSe2-1-2--1_0_0_-1--0.39_-0.88.vasp,1.212,1.441398552
2PtSe2-1-2--1_0_0_-1--0.5_-0.26.vasp,1.205,1.441398552
2PtSe2-1-2--1_0_0_-1--0.78_-0.76.vasp,1.118,1.441398552
2PtSe2-1-2--1_0_0_-1-0.11_-0.62.vasp,1.064,1.441398552
2PtSe2-1-2--1_0_0_-1-0.5_0.vasp,1.183,1.441398552
2PtSe2-1-2--1_0_0_-1-0_0.5.vasp,1.04,1.441398552
2PtSe2-1-2-1_0_0_1--0.11_-0.38.vasp,1.126,1.441398552
2PtSe2-1-2-1_0_0_1--0.28_-0.5.vasp,1.15,1.441398552
2PtSe2-1-2-1_0_0_1--0.5_-0.26.vasp,1.149,1.441398552
2PtSe2-1-2-1_0_0_1--0.78_-0.76.vasp,1.099,1.441398552
2PtSe2-1-2-1_0_0_1-0.11_-0.62.vasp,1.199,1.441398552
2PtSe2-1-2-1_0_0_1-0.22_-0.24.vasp,1.002,1.441398552
2PtSe2-1-2-1_0_0_1-0.39_-0.12.vasp,1.118,1.441398552
2PtSe2-1-2-1_0_0_1-0_0.5.vasp,1.286,1.441398552
2PtSe2-1-2-1_0_0_1-0_0.vasp,1.058,1.441398552
2PtTe2-1-2--1_0_0_-1--0.38_-0.87.vasp,1.074,1.309126196
2PtTe2-1-2--1_0_0_-1--0.5_-0.24.vasp,1.027,1.309126196
2PtTe2-1-2--1_0_0_-1--0.76_-0.74.vasp,0.898,1.309126196
2PtTe2-1-2--1_0_0_-1-0.12_-0.63.vasp,0.899,1.309126196
2PtTe2-1-2--1_0_0_-1-0.5_0.vasp,0.967,1.309126196
2PtTe2-1-2-1_0_0_1--0.26_-0.5.vasp,0.941,1.309126196
2PtTe2-1-2-1_0_0_1--0.5_-0.24.vasp,1.001,1.309126196
2PtTe2-1-2-1_0_0_1--0.76_-0.74.vasp,0.922,1.309126196
2PtTe2-1-2-1_0_0_1-0.12_-0.63.vasp,1.068,1.309126196
2PtTe2-1-2-1_0_0_1-0_0.5.vasp,1.158,1.309126196
2PtTe2-1-2-1_0_0_1-0_0.vasp,0.838,1.309126196
2RuO2-1-2--1_0_0_-1--0.5_-0.5.vasp,0.009,0.04535949
2RuO2-1-2--1_0_0_-1--0.5_-0.81.vasp,0.012,0.04535949
2RuO2-1-2--1_0_0_-1-0.5_0.vasp,0.03,0.04535949
2RuO2-1-2--1_0_0_-1-0_-0.62.vasp,0.01,0.04535949
2RuO2-1-2--1_0_0_-1-0_-0.93.vasp,0.01,0.04535949
2RuO2-1-2-1_0_0_1--0.5_-0.12.vasp,0.003,0.04535949
2RuO2-1-2-1_0_0_1--0.5_-0.43.vasp,0.013,0.04535949
2RuO2-1-2-1_0_0_1--0.5_-0.72.vasp,0.006,0.04535949
2RuO2-1-2-1_0_0_1--0.5_-0.76.vasp,0.007,0.04535949
2RuO2-1-2-1_0_0_1--0.5_-0.81.vasp,0.007,0.04535949
2RuO2-1-2-1_0_0_1-0.5_0.38.vasp,0.008,0.04535949
2RuO2-1-2-1_0_0_1-0.5_0.39.vasp,0.008,0.04535949
2RuO2-1-2-1_0_0_1-0.5_0.43.vasp,0.009,0.04535949
2RuO2-1-2-1_0_0_1-0_-0.01.vasp,0.028,0.04535949
2RuO2-1-2-1_0_0_1-0_-0.31.vasp,0.015,0.04535949
2RuO2-1-2-1_0_0_1-0_-0.62.vasp,0.02,0.04535949
2RuO2-1-2-1_0_0_1-0_0.vasp,0.028,0.04535949
2RuS2-1-2--1_0_0_-1-0.5_-0.05.vasp,0.52,0.725467552
2RuS2-1-2--1_0_0_-1-0.5_0.vasp,0.525,0.725467552
2RuS2-1-2--1_0_0_-1-0_-0.9.vasp,0.644,0.725467552
2RuS2-1-2--1_0_0_-1-0_0.5.vasp,0.633,0.725467552
2RuS2-1-2-1_0_0_1--0.5_-0.4.vasp,0.649,0.725467552
2RuS2-1-2-1_0_0_1--0.5_-0.76.vasp,0.588,0.725467552
2RuS2-1-2-1_0_0_1--0.5_-0.79.vasp,0.585,0.725467552
2RuS2-1-2-1_0_0_1-0.5_0.4.vasp,0.474,0.725467552
2RuS2-1-2-1_0_0_1-0.5_0.41.vasp,0.468,0.725467552
2RuS2-1-2-1_0_0_1-0.5_0.vasp,0.608,0.725467552
2RuS2-1-2-1_0_0_1-0_-0.3.vasp,0.662,0.725467552
2RuS2-1-2-1_0_0_1-0_-0.61.vasp,0.658,0.725467552
2RuS2-1-2-1_0_0_1-0_0.5.vasp,0.651,0.725467552
2RuS2-1-2-1_0_0_1-0_0.vasp,0.308,0.725467552
2RuSe2-1-2--1_0_0_-1--0.5_-0.79.vasp,0.615,0.77879428
2RuSe2-1-2--1_0_0_-1-0.5_0.vasp,0.458,0.77879428
2RuSe2-1-2--1_0_0_-1-0_-0.29.vasp,0.544,0.77879428
2RuSe2-1-2--1_0_0_-1-0_-0.6.vasp,0.485,0.77879428
2RuSe2-1-2--1_0_0_-1-0_-0.9.vasp,0.682,0.77879428
2RuSe2-1-2--1_0_0_-1-0_0.5.vasp,0.442,0.77879428
2RuSe2-1-2-1_0_0_1--0.5_-0.76.vasp,0.553,0.77879428
2RuSe2-1-2-1_0_0_1--0.5_-0.79.vasp,0.523,0.77879428
2RuSe2-1-2-1_0_0_1-0.5_-0.5.vasp,0.579,0.77879428
2RuSe2-1-2-1_0_0_1-0.5_0.1.vasp,0.516,0.77879428
2RuSe2-1-2-1_0_0_1-0_-0.29.vasp,0.528,0.77879428
2RuSe2-1-2-1_0_0_1-0_-0.61.vasp,0.626,0.77879428
2RuSe2-1-2-1_0_0_1-0_0.01.vasp,0.36,0.77879428
2RuSe2-1-2-1_0_0_1-0_0.5.vasp,0.551,0.77879428
2RuSe2-1-2-1_0_0_1-0_0.vasp,0.355,0.77879428
2RuTe2-1-2--1_0_0_-1--0.5_-0.05.vasp,0.0,0.641752698
2RuTe2-1-2--1_0_0_-1--0.5_-0.07.vasp,0.0,0.641752698
2RuTe2-1-2--1_0_0_-1--0.5_-0.1.vasp,0.0,0.641752698
2RuTe2-1-2--1_0_0_-1--0.5_-0.79.vasp,0.321,0.641752698
2RuTe2-1-2--1_0_0_-1-0.5_0.07.vasp,0.0,0.641752698
2RuTe2-1-2--1_0_0_-1-0.5_0.vasp,0.0,0.641752698
2RuTe2-1-2--1_0_0_-1-0_-0.28.vasp,0.196,0.641752698
2RuTe2-1-2--1_0_0_-1-0_-0.6.vasp,0.077,0.641752698
2RuTe2-1-2-1_0_0_1--0.5_-0.78.vasp,0.0,0.641752698
2RuTe2-1-2-1_0_0_1-0.5_-0.5.vasp,0.287,0.641752698
2RuTe2-1-2-1_0_0_1-0.5_0.1.vasp,0.046,0.641752698
2RuTe2-1-2-1_0_0_1-0.5_0.37.vasp,0.0,0.641752698
2RuTe2-1-2-1_0_0_1-0.5_0.38.vasp,0.0,0.641752698
2RuTe2-1-2-1_0_0_1-0.5_0.39.vasp,0.0,0.641752698
2RuTe2-1-2-1_0_0_1-0_-0.4.vasp,0.136,0.641752698
2RuTe2-1-2-1_0_0_1-0_0.vasp,0.033,0.641752698
2SeTa2-1-2-1_0_0_1-0.5_0.vasp,0.0,0.0
2SeTa2-1-2-1_0_0_1-0_0.vasp,0.0,0.0
2TiI2-1-2--1_0_0_-1--0.5_-0.09.vasp,0.045,0.154659789
2TiI2-1-2--1_0_0_-1--0.5_-0.5.vasp,0.066,0.154659789
2TiI2-1-2--1_0_0_-1--0.5_-0.77.vasp,0.045,0.154659789
2TiI2-1-2--1_0_0_-1--0.5_-0.91.vasp,0.049,0.154659789
2TiI2-1-2--1_0_0_-1-0.5_0.vasp,0.051,0.154659789
2TiI2-1-2--1_0_0_-1-0_-0.26.vasp,0.053,0.154659789
2TiI2-1-2--1_0_0_-1-0_-0.27.vasp,0.048,0.154659789
2TiI2-1-2--1_0_0_-1-0_-0.87.vasp,0.057,0.154659789
2TiI2-1-2--1_0_0_-1-0_0.5.vasp,0.056,0.154659789
2TiI2-1-2-1_0_0_1--0.5_-0.37.vasp,0.057,0.154659789
2TiI2-1-2-1_0_0_1--0.5_-0.77.vasp,0.046,0.154659789
2TiI2-1-2-1_0_0_1-0.5_-0.23.vasp,0.066,0.154659789
2TiI2-1-2-1_0_0_1-0.5_-0.5.vasp,0.045,0.154659789
2TiI2-1-2-1_0_0_1-0.5_0.09.vasp,0.057,0.154659789
2TiI2-1-2-1_0_0_1-0.5_0.37.vasp,0.053,0.154659789
2TiI2-1-2-1_0_0_1-0.5_0.vasp,0.061,0.154659789
2TiI2-1-2-1_0_0_1-0_-0.27.vasp,0.048,0.154659789
2TiI2-1-2-1_0_0_1-0_-0.41.vasp,0.05,0.154659789
2TiI2-1-2-1_0_0_1-0_-0.42.vasp,0.058,0.154659789
2TiI2-1-2-1_0_0_1-0_-0.59.vasp,0.054,0.154659789
2TiI2-1-2-1_0_0_1-0_0.27.vasp,0.063,0.154659789
2TiI2-1-2-1_0_0_1-0_0.5.vasp,0.054,0.154659789
2TiI2-1-2-1_0_0_1-0_0.vasp,0.047,0.154659789
2VO2-1-2--1_0_0_-1--0.5_-0.86.vasp,0.0,0.0
2VO2-1-2-1_0_0_1--0.51_-0.46.vasp,0.0,0.0
2VO2-1-2-1_0_0_1--0.5_-0.46.vasp,0.0,0.0
2VO2-1-2-1_0_0_1--0.5_-0.86.vasp,0.0,0.0
2VO2-1-2-1_0_0_1-0_-0.01.vasp,0.0,0.0
2VO2-1-2-1_0_0_1-0_-0.31.vasp,0.0,0.0
2WO2-1-2--1_0_0_-1--0.5_-0.82.vasp,0.0,0.0
2WO2-1-2--1_0_0_-1--0.5_-0.87.vasp,0.0,0.0
2WO2-1-2--1_0_0_-1--0.5_-0.89.vasp,0.0,0.0
2WO2-1-2--1_0_0_-1-0.5_0.vasp,0.0,0.0
2WO2-1-2--1_0_0_-1-0_-0.61.vasp,0.0,0.0
2WO2-1-2--1_0_0_-1-0_-0.93.vasp,0.0,0.0
2WO2-1-2-1_0_0_1--0.5_-0.11.vasp,0.0,0.0
2WO2-1-2-1_0_0_1--0.5_-0.43.vasp,0.0,0.0
2WO2-1-2-1_0_0_1--0.5_-0.8.vasp,0.0,0.0
2WO2-1-2-1_0_0_1--0.5_-0.82.vasp,0.0,0.0
2WO2-1-2-1_0_0_1-0.5_0.39.vasp,0.0,0.0
2WO2-1-2-1_0_0_1-0.5_0.4.vasp,0.0,0.0
2WO2-1-2-1_0_0_1-0.5_0.43.vasp,0.0,0.0
2WO2-1-2-1_0_0_1-0_-0.32.vasp,0.0,0.0
2WO2-1-2-1_0_0_1-0_-0.62.vasp,0.0,0.0
2WO2-1-2-1_0_0_1-0_0.01.vasp,0.0,0.0
2WO2-1-2-1_0_0_1-0_0.5.vasp,0.0,0.0
2WO2-1-2-1_0_0_1-0_0.vasp,0.0,0.0
2WS2-1-2--1_0_0_-1--0.5_-0.78.vasp,0.0,0.0
2WS2-1-2--1_0_0_-1-0.5_0.vasp,0.0,0.0
2WS2-1-2--1_0_0_-1-0_-0.28.vasp,0.0,0.0
2WS2-1-2--1_0_0_-1-0_-0.61.vasp,0.0,0.0
2WS2-1-2--1_0_0_-1-0_-0.9.vasp,0.0,0.0
2WS2-1-2--1_0_0_-1-0_0.5.vasp,0.0,0.0
2WS2-1-2-1_0_0_1--0.5_-0.4.vasp,0.0,0.0
2WS2-1-2-1_0_0_1--0.5_-0.73.vasp,0.0,0.0
2WS2-1-2-1_0_0_1--0.5_-0.78.vasp,0.0,0.0
2WS2-1-2-1_0_0_1-0.5_-0.51.vasp,0.0,0.0
2WS2-1-2-1_0_0_1-0.5_-0.55.vasp,0.0,0.0
2WS2-1-2-1_0_0_1-0.5_-0.56.vasp,0.0,0.0
2WS2-1-2-1_0_0_1-0.5_0.11.vasp,0.0,0.0
2WS2-1-2-1_0_0_1-0.5_0.vasp,0.0,0.0
2WS2-1-2-1_0_0_1-0_-0.28.vasp,0.0,0.0
2WS2-1-2-1_0_0_1-0_-0.62.vasp,0.0,0.0
2WS2-1-2-1_0_0_1-0_0.5.vasp,0.0,0.0
2WSe2-1-2--1_0_0_-1--0.5_-0.05.vasp,0.0,0.031861274
2WSe2-1-2--1_0_0_-1--0.5_-0.06.vasp,0.0,0.031861274
2WSe2-1-2--1_0_0_-1--0.5_-0.08.vasp,0.0,0.031861274
2WSe2-1-2--1_0_0_-1--0.5_-0.11.vasp,0.0,0.031861274
2WSe2-1-2--1_0_0_-1--0.5_-0.77.vasp,0.0,0.031861274
2WSe2-1-2--1_0_0_-1-0.5_0.vasp,0.0,0.031861274
2WSe2-1-2--1_0_0_-1-0_-0.01.vasp,0.0,0.031861274
2WSe2-1-2--1_0_0_-1-0_-0.27.vasp,0.0,0.031861274
2WSe2-1-2--1_0_0_-1-0_-0.61.vasp,0.0,0.031861274
2WSe2-1-2--1_0_0_-1-0_-0.88.vasp,0.0,0.031861274
2WSe2-1-2--1_0_0_-1-0_0.5.vasp,0.0,0.031861274
2WSe2-1-2-1_0_0_1--0.5_-0.38.vasp,0.0,0.031861274
2WSe2-1-2-1_0_0_1--0.5_-0.74.vasp,0.0,0.031861274
2WSe2-1-2-1_0_0_1--0.5_-0.77.vasp,0.007,0.031861274
2WSe2-1-2-1_0_0_1-0.5_-0.51.vasp,0.0,0.031861274
2WSe2-1-2-1_0_0_1-0.5_0.11.vasp,0.028,0.031861274
2WSe2-1-2-1_0_0_1-0.5_0.38.vasp,0.0,0.031861274
2WSe2-1-2-1_0_0_1-0.5_0.vasp,0.005,0.031861274
2WSe2-1-2-1_0_0_1-0_-0.27.vasp,0.0,0.031861274
2WSe2-1-2-1_0_0_1-0_-0.39.vasp,0.0,0.031861274
2WSe2-1-2-1_0_0_1-0_-0.61.vasp,0.0,0.031861274
2WSe2-1-2-1_0_0_1-0_0.27.vasp,0.0,0.031861274
2WSe2-1-2-1_0_0_1-0_0.5.vasp,0.0,0.031861274
2WSe2-1-2-1_0_0_1-0_0.vasp,0.014,0.031861274
2WTe2-1-2--1_0_0_-1--0.5_-0.01.vasp,0.0,0.0
2WTe2-1-2--1_0_0_-1--0.5_-0.04.vasp,0.0,0.0
2WTe2-1-2--1_0_0_-1--0.5_-0.07.vasp,0.0,0.0
2WTe2-1-2--1_0_0_-1--0.5_-0.11.vasp,0.0,0.0
2WTe2-1-2--1_0_0_-1--0.5_-0.76.vasp,0.0,0.0
2WTe2-1-2--1_0_0_-1--0.5_0.vasp,0.0,0.0
2WTe2-1-2--1_0_0_-1-0.5_0.vasp,0.0,0.0
2WTe2-1-2--1_0_0_-1-0_-0.01.vasp,0.0,0.0
2WTe2-1-2--1_0_0_-1-0_-0.25.vasp,0.0,0.0
2WTe2-1-2--1_0_0_-1-0_-0.6.vasp,0.0,0.0
2WTe2-1-2--1_0_0_-1-0_-0.86.vasp,0.0,0.0
2WTe2-1-2--1_0_0_-1-0_0.5.vasp,0.0,0.0
2WTe2-1-2-1_0_0_1--0.5_-0.74.vasp,0.0,0.0
2WTe2-1-2-1_0_0_1--0.5_-0.75.vasp,0.0,0.0
2WTe2-1-2-1_0_0_1-0.5_0.1.vasp,0.0,0.0
2WTe2-1-2-1_0_0_1-0.5_0.36.vasp,0.0,0.0
2WTe2-1-2-1_0_0_1-0_-0.26.vasp,0.0,0.0
2WTe2-1-2-1_0_0_1-0_-0.39.vasp,0.0,0.0
2WTe2-1-2-1_0_0_1-0_-0.61.vasp,0.0,0.0
2WTe2-1-2-1_0_0_1-0_0.26.vasp,0.0,0.0
2WTe2-1-2-1_0_0_1-0_0.5.vasp,0.0,0.0
2WTe2-1-2-1_0_0_1-0_0.vasp,0.0,0.0
3NbTe2-1-2--1_0_0_-1--0.22_-0.44.vasp,0.0,0.0
3NbTe2-1-2--1_0_0_-1--0.36_-0.71.vasp,0.0,0.0
3NbTe2-1-2--1_0_0_-1-0.11_-0.78.vasp,0.0,0.0
3NbTe2-1-2--1_0_0_-1-0.12_-0.76.vasp,0.0,0.0
3NbTe2-1-2-1_0_0_1--0.25_-0.51.vasp,0.0,0.0
3NbTe2-1-2-1_0_0_1--0.58_-0.17.vasp,0.0,0.0
3NbTe2-1-2-1_0_0_1-0.33_-0.34.vasp,0.0,0.0
3NbTe2-1-2-1_0_0_1-0.34_-0.32.vasp,0.0,0.0
3NbTe2-1-2-1_0_0_1-0.67_0.35.vasp,0.0,0.0
3NbTe2-1-2-1_0_0_1-0.81_0.61.vasp,0.0,0.0
3NbTe2-1-2-1_0_0_1-0_0.vasp,0.0,0.0
3PtBi2-1-2--1_0_0_-1--0.33_-0.53.vasp,0.0,0.0
3PtBi2-1-2--1_0_0_-1--0.33_0.07.vasp,0.0,0.0
3PtBi2-1-2--1_0_0_-1--0.33_0.33.vasp,0.0,0.0
3PtBi2-1-2--1_0_0_-1-Iz--0.33_-0.18.vasp,0.0,0.0
3PtBi2-1-2--1_0_0_-1-Iz-0_-0.26.vasp,0.0,0.0
3PtBi2-1-2-1_0_0_1-0_0.vasp,0.0,0.0
3PtBi2-1-2-1_0_0_1-Iz--0.6_0.14.vasp,0.0,0.0
3PtBi2-1-2-1_0_0_1-Iz-0_0.34.vasp,0.0,0.0
1BMo2Se2-1-2--1_0_0_-1--0.52_0.15.vasp,0.0,0.0
1BMo2Se2-1-2--1_0_0_-1-0.79_0.58.vasp,0.0,0.0
1BMo2Se2-1-2--1_0_0_-1-Iz-0.79_0.58.vasp,0.0,0.0
1BMo2Se2-1-2-1_0_0_1--0.33_0.33.vasp,0.0,0.0
1BMo2Se2-1-2-1_0_0_1--0.67_-0.33.vasp,0.0,0.0
1BMo2Se2-1-2-1_0_0_1-0.5_0.vasp,0.0,0.0
1BMo2Se2-1-2-1_0_0_1-0.79_0.58.vasp,0.0,0.0
1BMo2Se2-1-2-1_0_0_1-0_0.vasp,0.0,0.0
1BMo2Se2-1-2-1_0_0_1-Iz-0.5_0.vasp,0.0,0.0
1BMo2Se2-1-2-1_0_0_1-Iz-0.79_0.58.vasp,0.0,0.0
1BNb2S2-1-2--1_0_0_-1--0.15_-0.15.vasp,0.0,0.0
1BNb2S2-1-2--1_0_0_-1--0.48_0.18.vasp,0.0,0.0
1BNb2S2-1-2--1_0_0_-1-0.79_0.58.vasp,0.0,0.0
1BNb2S2-1-2-1_0_0_1--0.33_0.33.vasp,0.0,0.0
1BNb2S2-1-2-1_0_0_1--0.67_-0.33.vasp,0.0,0.0
1BNb2S2-1-2-1_0_0_1-0.5_0.vasp,0.0,0.0
1BNb2S2-1-2-1_0_0_1-0.79_0.58.vasp,0.0,0.0
1BNb2S2-1-2-1_0_0_1-0_0.vasp,0.0,0.0
1BNb2S2-1-2-1_0_0_1-Iz-0.5_0.vasp,0.0,0.0
1BS2Ta2-1-2--1_0_0_-1--0.16_-0.16.vasp,0.0,0.0
1BS2Ta2-1-2--1_0_0_-1--0.49_0.17.vasp,0.0,0.0
1BS2Ta2-1-2--1_0_0_-1-0.79_0.58.vasp,0.0,0.0
1BS2Ta2-1-2-1_0_0_1--0.33_0.33.vasp,0.0,0.0
1BS2Ta2-1-2-1_0_0_1--0.67_-0.33.vasp,0.0,0.0
1BS2Ta2-1-2-1_0_0_1-0.5_0.vasp,0.0,0.0
1BS2Ta2-1-2-1_0_0_1-0.79_0.58.vasp,0.0,0.0
1BS2Ta2-1-2-1_0_0_1-0_0.vasp,0.0,0.0
1BS2Ta2-1-2-1_0_0_1-Iz-0.5_0.vasp,0.0,0.0
1BSe2Ta2-1-2--1_0_0_-1--0.19_-0.19.vasp,0.0,0.0
1BSe2Ta2-1-2--1_0_0_-1--0.53_0.14.vasp,0.0,0.0
1BSe2Ta2-1-2--1_0_0_-1-0.79_0.58.vasp,0.0,0.0
1BSe2Ta2-1-2--1_0_0_-1-Iz-0.79_0.58.vasp,0.0,0.0
1BSe2Ta2-1-2-1_0_0_1--0.33_0.33.vasp,0.0,0.0
1BSe2Ta2-1-2-1_0_0_1--0.67_-0.33.vasp,0.0,0.0
1BSe2Ta2-1-2-1_0_0_1-0.5_0.vasp,0.0,0.0
1BSe2Ta2-1-2-1_0_0_1-0.79_0.58.vasp,0.0,0.0
1BSe2Ta2-1-2-1_0_0_1-0_0.vasp,0.0,0.0
1BSe2Ta2-1-2-1_0_0_1-Iz-0.5_0.vasp,0.0,0.0
1BSe2Ta2-1-2-1_0_0_1-Iz-0.79_0.58.vasp,0.0,0.0
1CCl2Sc2-1-2--1_0_0_-1--0.67_-0.33.vasp,0.864,0.882973444
1CCl2Sc2-1-2--1_0_0_-1--1.0_-1.0.vasp,0.874,0.882973444
1CCl2Sc2-1-2-1_0_0_1--0.33_-0.67.vasp,0.87,0.882973444
1CCl2Sc2-1-2-1_0_0_1--0.67_-0.33.vasp,0.871,0.882973444
1CCl2Sc2-1-2-1_0_0_1-0_0.vasp,0.858,0.882973444
1CF2Hf2-1-2-1_-1_1_0--0.33_0.33.vasp,0.0,0.0
1CF2Hf2-1-2-1_0_0_1-0.33_0.67.vasp,0.0,0.0
1CF2Hf2-1-2-1_0_0_1-0_0.vasp,0.0,0.0
1CF2Sc2-1-2-1_-1_1_0--0.33_0.33.vasp,0.909,1.019543154
1CF2Sc2-1-2-1_0_0_1-0.33_0.67.vasp,1.0,1.019543154
1CF2Sc2-1-2-1_0_0_1-0_0.vasp,0.983,1.019543154
1CF2Ti2-1-2-1_-1_1_0--0.33_0.33.vasp,0.0,0.0
1CF2Ti2-1-2-1_-1_1_0-0_0.vasp,0.0,0.0
1CF2Ti2-1-2-1_0_0_1--0.33_0.33.vasp,0.0,0.0
1CF2Ti2-1-2-1_0_0_1-0.33_0.67.vasp,0.0,0.0
1CF2Ti2-1-2-1_0_0_1-0_0.vasp,0.0,0.0
1CF2V2-1-2-1_-1_1_0--0.33_0.33.vasp,0.0,0.0
1CF2V2-1-2-1_0_0_1-0.33_0.67.vasp,0.0,0.0
1CF2V2-1-2-1_0_0_1-0_0.vasp,0.0,0.0
1CF2Y2-1-2-1_0_0_1-0_0.vasp,1.052,1.117494684
1CNb2O2-1-2-1_-1_1_0--0.33_0.33.vasp,0.0,0.0
1CNb2O2-1-2-1_0_0_1-0.33_0.67.vasp,0.0,0.0
1CNb2O2-1-2-1_0_0_1-0_0.vasp,0.0,0.0
1CNb2S2-1-2--1_0_0_-1--0.14_-0.14.vasp,0.0,0.0
1CNb2S2-1-2--1_0_0_-1--0.47_0.2.vasp,0.0,0.0
1CNb2S2-1-2--1_0_0_-1-0.5_0.vasp,0.0,0.0
1CNb2S2-1-2-1_0_0_1--0.33_0.33.vasp,0.0,0.0
1CNb2S2-1-2-1_0_0_1--0.67_-0.33.vasp,0.0,0.0
1CNb2S2-1-2-1_0_0_1-0.5_0.vasp,0.0,0.0
1CNb2S2-1-2-1_0_0_1-0.79_0.58.vasp,0.0,0.0
1CNb2S2-1-2-1_0_0_1-0_0.vasp,0.0,0.0
1CNb2Se2-1-2--1_0_0_-1--0.17_-0.17.vasp,0.0,0.0
1CNb2Se2-1-2--1_0_0_-1--0.5_0.16.vasp,0.0,0.0
1CNb2Se2-1-2--1_0_0_-1-0.79_0.58.vasp,0.0,0.0
1CNb2Se2-1-2-1_0_0_1--0.33_0.33.vasp,0.0,0.0
1CNb2Se2-1-2-1_0_0_1--0.67_-0.33.vasp,0.0,0.0
1CNb2Se2-1-2-1_0_0_1-0.5_0.vasp,0.0,0.0
1CNb2Se2-1-2-1_0_0_1-0.79_0.58.vasp,0.0,0.0
1CNb2Se2-1-2-1_0_0_1-0_0.vasp,0.0,0.0
1CNb2Se2-1-2-1_0_0_1-Iz-0.5_0.vasp,0.0,0.0
1CO2Ta2-1-2-1_-1_1_0--0.33_0.33.vasp,0.0,0.0
1CO2Ta2-1-2-1_0_0_1-0.33_0.67.vasp,0.0,0.0
1CO2Ta2-1-2-1_0_0_1-0_0.vasp,0.0,0.0
1CO2V2-1-2-1_-1_1_0--0.33_0.33.vasp,0.0,0.0
1CO2V2-1-2-1_0_0_1-0.33_0.67.vasp,0.0,0.0
1CO2V2-1-2-1_0_0_1-0_0.vasp,0.0,0.0
1CO2Zr2-1-2-1_-1_1_0--0.33_0.33.vasp,0.676,0.950477054
1CO2Zr2-1-2-1_0_0_1-0_0.vasp,0.698,0.950477054
1CS2Ta2-1-2--1_0_0_-1--0.15_-0.15.vasp,0.0,0.0
1CS2Ta2-1-2--1_0_0_-1--0.48_0.19.vasp,0.0,0.0
1CS2Ta2-1-2--1_0_0_-1-0.79_0.58.vasp,0.0,0.0
1CS2Ta2-1-2-1_0_0_1--0.33_0.33.vasp,0.0,0.0
1CS2Ta2-1-2-1_0_0_1--0.67_-0.33.vasp,0.0,0.0
1CS2Ta2-1-2-1_0_0_1-0.5_0.vasp,0.0,0.0
1CS2Ta2-1-2-1_0_0_1-0.79_0.58.vasp,0.0,0.0
1CS2Ta2-1-2-1_0_0_1-0_0.vasp,0.0,0.0
1CS2Ta2-1-2-1_0_0_1-Iz-0.5_0.vasp,0.0,0.0
1CS2Ti2-1-2--1_0_0_-1--0.14_-0.14.vasp,0.0,0.0
1CS2Ti2-1-2--1_0_0_-1--0.47_0.2.vasp,0.0,0.0
1CS2Ti2-1-2-1_0_0_1--0.33_0.33.vasp,0.0,0.0
1CS2Ti2-1-2-1_0_0_1--0.67_-0.33.vasp,0.0,0.0
1CS2Ti2-1-2-1_0_0_1-0.5_0.vasp,0.0,0.0
1CS2Ti2-1-2-1_0_0_1-0.79_0.58.vasp,0.0,0.0
1CS2Ti2-1-2-1_0_0_1-0_0.vasp,0.0,0.0
1CS2Ti2-1-2-1_0_0_1-Iz-0.5_0.vasp,0.0,0.0
1CS2Ti2-1-2-1_0_0_1-Iz-0.79_0.58.vasp,0.0,0.0
1CS2Zr2-1-2--1_0_0_-1-0.33_-0.49.vasp,0.0,0.0
1CS2Zr2-1-2--1_0_0_-1-0.79_0.58.vasp,0.0,0.0
1CS2Zr2-1-2--1_0_0_-1-0_-0.16.vasp,0.0,0.0
1CS2Zr2-1-2-1_0_0_1-0.33_-0.33.vasp,0.0,0.0
1CS2Zr2-1-2-1_0_0_1-0.5_0.vasp,0.0,0.0
1CS2Zr2-1-2-1_0_0_1-0.67_-0.67.vasp,0.0,0.0
1CS2Zr2-1-2-1_0_0_1-0.79_0.58.vasp,0.0,0.0
1CS2Zr2-1-2-1_0_0_1-0_0.vasp,0.0,0.0
1CS2Zr2-1-2-1_0_0_1-Iz-0.5_0.vasp,0.0,0.0
1CSe2Ta2-1-2--1_0_0_-1--0.18_-0.18.vasp,0.0,0.0
1CSe2Ta2-1-2--1_0_0_-1--0.51_0.15.vasp,0.0,0.0
1CSe2Ta2-1-2--1_0_0_-1-0.79_0.58.vasp,0.0,0.0
1CSe2Ta2-1-2-1_0_0_1--0.33_0.33.vasp,0.0,0.0
1CSe2Ta2-1-2-1_0_0_1--0.67_-0.33.vasp,0.0,0.0
1CSe2Ta2-1-2-1_0_0_1-0.5_0.vasp,0.0,0.0
1CSe2Ta2-1-2-1_0_0_1-0.79_0.58.vasp,0.0,0.0
1CSe2Ta2-1-2-1_0_0_1-0_0.vasp,0.0,0.0
1CSe2Ta2-1-2-1_0_0_1-Iz-0.5_0.vasp,0.0,0.0
1CSe2Ti2-1-2--1_0_0_-1--0.17_-0.17.vasp,0.0,0.0
1CSe2Ti2-1-2--1_0_0_-1--0.5_0.16.vasp,0.0,0.0
1CSe2Ti2-1-2--1_0_0_-1-0.79_0.58.vasp,0.0,0.0
1CSe2Ti2-1-2-1_0_0_1--0.33_0.33.vasp,0.0,0.0
1CSe2Ti2-1-2-1_0_0_1--0.67_-0.33.vasp,0.0,0.0
1CSe2Ti2-1-2-1_0_0_1-0.5_0.vasp,0.0,0.0
1CSe2Ti2-1-2-1_0_0_1-0.79_0.58.vasp,0.0,0.0
1CSe2Ti2-1-2-1_0_0_1-0_0.vasp,0.0,0.0
1CSe2Ti2-1-2-1_0_0_1-Iz-0.5_0.vasp,0.0,0.0
1CSe2V2-1-2--1_0_0_-1--0.49_0.17.vasp,0.0,0.0
1CSe2V2-1-2-1_0_0_1--0.67_-0.33.vasp,0.0,0.0
1CSe2V2-1-2-1_0_0_1-0_0.vasp,0.0,0.0
1CSe2Zr2-1-2--1_0_0_-1-0.33_-0.53.vasp,0.0,0.0
1CSe2Zr2-1-2--1_0_0_-1-0.79_0.58.vasp,0.0,0.0
1CSe2Zr2-1-2--1_0_0_-1-0_-0.19.vasp,0.0,0.0
1CSe2Zr2-1-2--1_0_0_-1-Iz-0.79_0.58.vasp,0.0,0.0
1CSe2Zr2-1-2-1_0_0_1--0.33_-0.67.vasp,0.0,0.0
1CSe2Zr2-1-2-1_0_0_1-0.33_-0.33.vasp,0.0,0.0
1CSe2Zr2-1-2-1_0_0_1-0.5_0.vasp,0.0,0.0
1CSe2Zr2-1-2-1_0_0_1-0.79_0.58.vasp,0.0,0.0
1CSe2Zr2-1-2-1_0_0_1-0_0.vasp,0.0,0.0
1CSe2Zr2-1-2-1_0_0_1-Iz-0.5_0.vasp,0.0,0.0
1CSe2Zr2-1-2-1_0_0_1-Iz-0.79_0.58.vasp,0.0,0.0
1CuLi2O2-1-2-1_0_0_1--0.16_-0.33.vasp,1.619,0.323083053
1MgH2O2-1-2--1_0_0_-1-0.33_-0.33.vasp,3.462,3.351730821
1MgH2O2-1-2--1_0_0_-1-0.5_0.vasp,3.458,3.351730821
1MgH2O2-1-2-1_0_0_1-0.67_0.33.vasp,3.459,3.351730821
1MgH2O2-1-2-1_0_0_1-0_0.vasp,3.477,3.351730821
1MgH2S2-1-2--1_0_0_-1--0.2_0.33.vasp,3.537,3.508261306
1MgH2S2-1-2--1_0_0_-1-0.28_0.58.vasp,3.533,3.508261306
1MgH2S2-1-2-1_0_0_1-0.33_0.67.vasp,3.521,3.508261306
1MgH2S2-1-2-1_0_0_1-0_0.vasp,3.56,3.508261306
1MgH2S2-1-2-1_0_0_1-Iz-0.78_0.58.vasp,3.492,3.508261306
1NCl2Sc2-1-2--1_0_0_-1--0.33_-0.67.vasp,0.0,0.0
1NCl2Sc2-1-2--1_0_0_-1--1.0_-1.0.vasp,0.0,0.0
1NCl2Sc2-1-2-1_0_0_1--0.33_-0.67.vasp,0.0,0.0
1NCl2Sc2-1-2-1_0_0_1--0.67_-0.33.vasp,0.0,0.0
1NCl2Sc2-1-2-1_0_0_1-0_0.vasp,0.0,0.0
1NF2Sc2-1-2-1_-1_1_0--0.33_0.33.vasp,0.0,0.0
1NF2Sc2-1-2-1_0_0_1-0.33_0.67.vasp,0.0,0.0
1NF2Sc2-1-2-1_0_0_1-0_0.vasp,0.0,0.0
1NF2Ti2-1-2-1_-1_1_0--0.33_0.33.vasp,0.0,0.0
1NF2Ti2-1-2-1_-1_1_0-0_0.vasp,0.0,0.0
1NF2Ti2-1-2-1_0_0_1--0.33_0.33.vasp,0.0,0.0
1NF2Ti2-1-2-1_0_0_1-0.33_0.67.vasp,0.0,0.0
1NF2Ti2-1-2-1_0_0_1-0_0.vasp,0.0,0.0
1NF2Zr2-1-2-1_-1_1_0--0.33_0.33.vasp,0.0,0.0
1NF2Zr2-1-2-1_0_0_1-0_0.vasp,0.0,0.0
1NNb2S2-1-2--1_0_0_-1--0.13_-0.13.vasp,0.0,0.0
1NNb2S2-1-2--1_0_0_-1--0.46_0.21.vasp,0.0,0.0
1NNb2S2-1-2--1_0_0_-1-0.5_0.vasp,0.0,0.0
1NNb2S2-1-2-1_0_0_1--0.33_0.33.vasp,0.0,0.0
1NNb2S2-1-2-1_0_0_1--0.67_-0.33.vasp,0.0,0.0
1NNb2S2-1-2-1_0_0_1-0.5_0.vasp,0.0,0.0
1NNb2S2-1-2-1_0_0_1-0.79_0.58.vasp,0.0,0.0
1NNb2S2-1-2-1_0_0_1-0_0.vasp,0.0,0.0
1NNb2Se2-1-2--1_0_0_-1--0.16_-0.16.vasp,0.0,0.0
1NNb2Se2-1-2--1_0_0_-1--0.5_0.17.vasp,0.0,0.0
1NNb2Se2-1-2--1_0_0_-1-0.79_0.58.vasp,0.0,0.0
1NNb2Se2-1-2-1_0_0_1--0.33_0.33.vasp,0.0,0.0
1NNb2Se2-1-2-1_0_0_1--0.67_-0.33.vasp,0.0,0.0
1NNb2Se2-1-2-1_0_0_1-0.5_0.vasp,0.0,0.0
1NNb2Se2-1-2-1_0_0_1-0.79_0.58.vasp,0.0,0.0
1NNb2Se2-1-2-1_0_0_1-0_0.vasp,0.0,0.0
1NNb2Se2-1-2-1_0_0_1-Iz-0.5_0.vasp,0.0,0.0
1NS2Ta2-1-2--1_0_0_-1--0.14_-0.14.vasp,0.0,0.0
1NS2Ta2-1-2--1_0_0_-1--0.47_0.2.vasp,0.0,0.0
1NS2Ta2-1-2--1_0_0_-1-0.5_0.vasp,0.0,0.0
1NS2Ta2-1-2-1_0_0_1--0.33_0.33.vasp,0.0,0.0
1NS2Ta2-1-2-1_0_0_1--0.67_-0.33.vasp,0.0,0.0
1NS2Ta2-1-2-1_0_0_1-0.5_0.vasp,0.0,0.0
1NS2Ta2-1-2-1_0_0_1-0.79_0.58.vasp,0.0,0.0
1NS2Ta2-1-2-1_0_0_1-0_0.vasp,0.0,0.0
1NS2Ti2-1-2--1_0_0_-1-0.33_-0.46.vasp,0.0,0.0
1NS2Ti2-1-2--1_0_0_-1-0.5_0.vasp,0.0,0.0
1NS2Ti2-1-2--1_0_0_-1-0_-0.13.vasp,0.0,0.0
1NS2Ti2-1-2-1_0_0_1-0.33_-0.33.vasp,0.0,0.0
1NS2Ti2-1-2-1_0_0_1-0.5_0.vasp,0.0,0.0
1NS2Ti2-1-2-1_0_0_1-0.67_-0.67.vasp,0.0,0.0
1NS2Ti2-1-2-1_0_0_1-0.79_0.58.vasp,0.0,0.0
1NS2Ti2-1-2-1_0_0_1-0_0.vasp,0.0,0.0
1NS2V2-1-2--1_0_0_-1--0.46_0.21.vasp,0.0,0.0
1NS2V2-1-2-1_0_0_1--0.67_-0.33.vasp,0.0,0.0
1NS2V2-1-2-1_0_0_1-0_0.vasp,0.0,0.0
1NS2Zr2-1-2--1_0_0_-1-0.33_-0.48.vasp,0.0,0.0
1NS2Zr2-1-2--1_0_0_-1-0.5_0.vasp,0.0,0.0
1NS2Zr2-1-2--1_0_0_-1-0.79_0.58.vasp,0.0,0.0
1NS2Zr2-1-2--1_0_0_-1-0_-0.15.vasp,0.0,0.0
1NS2Zr2-1-2-1_0_0_1-0.33_-0.33.vasp,0.0,0.0
1NS2Zr2-1-2-1_0_0_1-0.5_0.vasp,0.0,0.0
1NS2Zr2-1-2-1_0_0_1-0.67_-0.67.vasp,0.0,0.0
1NS2Zr2-1-2-1_0_0_1-0.79_0.58.vasp,0.0,0.0
1NS2Zr2-1-2-1_0_0_1-0_0.vasp,0.0,0.0
1NSe2Ta2-1-2--1_0_0_-1--0.17_-0.17.vasp,0.0,0.0
1NSe2Ta2-1-2--1_0_0_-1--0.5_0.16.vasp,0.0,0.0
1NSe2Ta2-1-2--1_0_0_-1-0.79_0.58.vasp,0.0,0.0
1NSe2Ta2-1-2-1_0_0_1--0.33_0.33.vasp,0.0,0.0
1NSe2Ta2-1-2-1_0_0_1--0.67_-0.33.vasp,0.0,0.0
1NSe2Ta2-1-2-1_0_0_1-0.5_0.vasp,0.0,0.0
1NSe2Ta2-1-2-1_0_0_1-0.79_0.58.vasp,0.0,0.0
1NSe2Ta2-1-2-1_0_0_1-0_0.vasp,0.0,0.0
1NSe2Ta2-1-2-1_0_0_1-Iz-0.5_0.vasp,0.0,0.0
1NSe2Ti2-1-2--1_0_0_-1-0.33_-0.5.vasp,0.0,0.0
1NSe2Ti2-1-2--1_0_0_-1-0.79_0.58.vasp,0.0,0.0
1NSe2Ti2-1-2--1_0_0_-1-0_-0.16.vasp,0.0,0.0
1NSe2Ti2-1-2-1_0_0_1-0.33_-0.33.vasp,0.0,0.0
1NSe2Ti2-1-2-1_0_0_1-0.5_0.vasp,0.0,0.0
1NSe2Ti2-1-2-1_0_0_1-0.67_-0.67.vasp,0.0,0.0
1NSe2Ti2-1-2-1_0_0_1-0.79_0.58.vasp,0.0,0.0
1NSe2Ti2-1-2-1_0_0_1-0_0.vasp,0.0,0.0
1NSe2Ti2-1-2-1_0_0_1-Iz-0.5_0.vasp,0.0,0.0
1NSe2Zr2-1-2--1_0_0_-1-0.33_-0.52.vasp,0.0,0.0
1NSe2Zr2-1-2--1_0_0_-1-0.79_0.58.vasp,0.0,0.0
1NSe2Zr2-1-2--1_0_0_-1-0_-0.18.vasp,0.0,0.0
1NSe2Zr2-1-2--1_0_0_-1-Iz-0.79_0.58.vasp,0.0,0.0
1NSe2Zr2-1-2-1_0_0_1--0.33_-0.67.vasp,0.0,0.0
1NSe2Zr2-1-2-1_0_0_1-0.33_-0.33.vasp,0.0,0.0
1NSe2Zr2-1-2-1_0_0_1-0.5_0.vasp,0.0,0.0
1NSe2Zr2-1-2-1_0_0_1-0.79_0.58.vasp,0.0,0.0
1NSe2Zr2-1-2-1_0_0_1-0_0.vasp,0.0,0.0
1NSe2Zr2-1-2-1_0_0_1-Iz-0.5_0.vasp,0.0,0.0
1NSe2Zr2-1-2-1_0_0_1-Iz-0.79_0.58.vasp,0.0,0.0
1PTe2Ti2-1-2--1_0_0_-1-0.33_-0.33.vasp,0.0,0.0
1PTe2Ti2-1-2--1_0_0_-1-0_0.vasp,0.0,0.0
1PTe2Ti2-1-2-1_0_0_1--0.33_-0.67.vasp,0.0,0.0
1PTe2Ti2-1-2-1_0_0_1-0.33_-0.33.vasp,0.0,0.0
1PTe2Ti2-1-2-1_0_0_1-0_0.vasp,0.0,0.0
1PTe2Zr2-1-2--1_0_0_-1--0.33_-0.67.vasp,0.0,0.0
1PTe2Zr2-1-2--1_0_0_-1-0.33_-0.33.vasp,0.0,0.0
1PTe2Zr2-1-2-1_0_0_1-0.33_-0.33.vasp,0.0,0.0
1PTe2Zr2-1-2-1_0_0_1-0.67_0.33.vasp,0.0,0.0
1PTe2Zr2-1-2-1_0_0_1-0_0.vasp,0.0,0.0
1SBi2Se2-1-2--1_0_0_-1--0.33_0.72.vasp,0.041,0.353677865
1SBi2Se2-1-2--1_0_0_-1--0.66_0.06.vasp,0.144,0.353677865
1SBi2Se2-1-2--1_0_0_-1-0.29_0.58.vasp,0.045,0.353677865
1SBi2Se2-1-2--1_0_0_-1-0.5_0.vasp,0.12,0.353677865
1SBi2Se2-1-2--1_0_0_-1-Iz-0.5_0.vasp,0.071,0.353677865
1SBi2Se2-1-2-0_1_1_0-Iz-0.29_0.58.vasp,0.046,0.353677865
1SBi2Se2-1-2-1_0_0_1--0.33_0.33.vasp,0.138,0.353677865
1SBi2Se2-1-2-1_0_0_1-0.33_0.67.vasp,0.028,0.353677865
1SBi2Se2-1-2-1_0_0_1-0.5_0.vasp,0.071,0.353677865
1SBi2Se2-1-2-1_0_0_1-0.79_0.58.vasp,0.116,0.353677865
1SBi2Se2-1-2-1_0_0_1-0_0.vasp,0.085,0.353677865
1SBi2Se2-1-2-1_0_0_1-Iz-0.79_0.58.vasp,0.056,0.353677865
1SeBi2Te2-1-2--1_0_0_-1--0.03_-0.36.vasp,0.0,0.120888391
1SeBi2Te2-1-2--1_0_0_-1-0.5_0.vasp,0.0,0.120888391
1SeBi2Te2-1-2--1_0_0_-1-0.64_-0.02.vasp,0.0,0.120888391
1SeBi2Te2-1-2--1_0_0_-1-0.79_0.58.vasp,0.0,0.120888391
1SeBi2Te2-1-2--1_0_0_-1-Iz-0.29_0.58.vasp,0.0,0.120888391
1SeBi2Te2-1-2--1_0_0_-1-Iz-0.79_0.58.vasp,0.0,0.120888391
1SeBi2Te2-1-2--1_1_0_1-Iz-0.5_0.vasp,0.0,0.120888391
1SeBi2Te2-1-2-1_0_0_1-0.33_-0.33.vasp,0.0,0.120888391
1SeBi2Te2-1-2-1_0_0_1-0.5_0.vasp,0.0,0.120888391
1SeBi2Te2-1-2-1_0_0_1-0.67_0.33.vasp,0.0,0.120888391
1SeBi2Te2-1-2-1_0_0_1-0.79_0.58.vasp,0.0,0.120888391
1SeBi2Te2-1-2-1_0_0_1-0_0.vasp,0.0,0.120888391
1SeBi2Te2-1-2-1_0_0_1-Iz-0.5_0.vasp,0.0,0.120888391
1SeSb2Te2-1-2--1_0_0_-1--0.33_0.67.vasp,0.17,0.399681893
1SeSb2Te2-1-2--1_0_0_-1-0.29_0.58.vasp,0.172,0.399681893
1SeSb2Te2-1-2--1_0_0_-1-0.33_0.vasp,0.229,0.399681893
1SeSb2Te2-1-2--1_0_0_-1-0.5_0.vasp,0.219,0.399681893
1SeSb2Te2-1-2--1_0_0_-1-Iz-0.5_0.vasp,0.197,0.399681893
1SeSb2Te2-1-2-0_1_1_0-Iz-0.29_0.58.vasp,0.171,0.399681893
1SeSb2Te2-1-2-1_0_0_1--0.33_0.33.vasp,0.241,0.399681893
1SeSb2Te2-1-2-1_0_0_1--0.67_0.67.vasp,0.153,0.399681893
1SeSb2Te2-1-2-1_0_0_1-0.5_0.vasp,0.204,0.399681893
1SeSb2Te2-1-2-1_0_0_1-0.79_0.58.vasp,0.229,0.399681893
1SeSb2Te2-1-2-1_0_0_1-0_0.vasp,0.206,0.399681893
1SeSb2Te2-1-2-1_0_0_1-Iz-0.79_0.58.vasp,0.189,0.399681893
1TeBi2Se2-1-2--1_0_0_-1--0.33_0.67.vasp,0.0,0.110616207
1TeBi2Se2-1-2--1_0_0_-1--0.67_0.vasp,0.014,0.110616207
1TeBi2Se2-1-2--1_0_0_-1-0.29_0.58.vasp,0.0,0.110616207
1TeBi2Se2-1-2--1_0_0_-1-0.5_0.vasp,0.008,0.110616207
1TeBi2Se2-1-2-0_1_1_0-Iz-0.29_0.58.vasp,0.0,0.110616207
1TeBi2Se2-1-2-1_0_0_1--0.33_0.33.vasp,0.041,0.110616207
1TeBi2Se2-1-2-1_0_0_1-0.33_0.67.vasp,0.0,0.110616207
1TeBi2Se2-1-2-1_0_0_1-0.79_0.58.vasp,0.042,0.110616207
1TeBi2Se2-1-2-1_0_0_1-0_0.vasp,0.0,0.110616207
1TeBi2Se2-1-2-1_0_0_1-Iz-0.79_0.58.vasp,0.0,0.110616207
1TeSb2Se2-1-2--1_0_0_-1--0.33_0.69.vasp,0.33,0.573112699
1TeSb2Se2-1-2--1_0_0_-1--0.66_0.03.vasp,0.418,0.573112699
1TeSb2Se2-1-2--1_0_0_-1-0.29_0.58.vasp,0.35,0.573112699
1TeSb2Se2-1-2--1_0_0_-1-0.5_0.vasp,0.409,0.573112699
1TeSb2Se2-1-2--1_0_0_-1-Iz-0.5_0.vasp,0.39,0.573112699
1TeSb2Se2-1-2-0_1_1_0-Iz-0.29_0.58.vasp,0.358,0.573112699
1TeSb2Se2-1-2-1_0_0_1--0.33_0.33.vasp,0.427,0.573112699
1TeSb2Se2-1-2-1_0_0_1-0.33_0.67.vasp,0.276,0.573112699
1TeSb2Se2-1-2-1_0_0_1-0.5_0.vasp,0.402,0.573112699
1TeSb2Se2-1-2-1_0_0_1-0.79_0.58.vasp,0.426,0.573112699
1TeSb2Se2-1-2-1_0_0_1-0_0.vasp,0.402,0.573112699
1TeSb2Se2-1-2-1_0_0_1-Iz-0.79_0.58.vasp,0.365,0.573112699
1ZnH2O2-1-2--1_0_0_-1--0.33_0.33.vasp,2.35,2.333158259
1ZnH2O2-1-2-1_0_0_1-0.33_0.67.vasp,2.334,2.333158259
1ZnH2O2-1-2-1_0_0_1-0_0.vasp,2.363,2.333158259
2MoBr2O2-1-2--1_0_0_-1-Iz--0.42_0.47.vasp,1.42,1.423801626
2MoBr2O2-1-2--1_0_0_-1-Iz--0.43_-0.03.vasp,1.415,1.423801626
2MoBr2O2-1-2--1_0_0_-1-Iz--0.48_-0.25.vasp,1.376,1.423801626
2MoBr2O2-1-2--1_0_0_-1-Iz--0.51_0.25.vasp,1.38,1.423801626
2MoBr2O2-1-2--1_0_0_-1-Iz-0.01_0.01.vasp,1.424,1.423801626
2MoBr2O2-1-2--1_0_0_-1-Iz-0.01_0.45.vasp,1.41,1.423801626
2MoBr2O2-1-2--1_0_0_-1-Iz-0.06_0.23.vasp,1.398,1.423801626
2MoBr2O2-1-2--1_0_0_-1-Iz-0.09_-0.27.vasp,1.401,1.423801626
2MoBr2O2-1-2--1_0_0_-1-Iz-0.14_-0.05.vasp,1.409,1.423801626
2MoBr2O2-1-2-1_0_0_1--0.52_0.24.vasp,1.357,1.423801626
2MoBr2O2-1-2-1_0_0_1--0.5_0.25.vasp,1.356,1.423801626
2MoBr2O2-1-2-1_0_0_1-0.05_0.22.vasp,1.379,1.423801626
2MoBr2O2-1-2-1_0_0_1-0.13_-0.5.vasp,1.396,1.423801626
2MoBr2O2-1-2-1_0_0_1-0.56_-0.52.vasp,1.407,1.423801626
2MoBr2O2-1-2-1_0_0_1-0.57_-0.02.vasp,1.408,1.423801626
2MoBr2O2-1-2-1_0_0_1-0_0.vasp,1.394,1.423801626
2NbBr2Se2-1-2--1_0_0_-1--0.09_-0.43.vasp,0.994,1.096136417
2NbBr2Se2-1-2--1_0_0_-1--0.26_-0.17.vasp,0.873,1.096136417
2NbBr2Se2-1-2--1_0_0_-1--0.32_0.5.vasp,1.052,1.096136417
2NbBr2Se2-1-2--1_0_0_-1--0.38_-0.43.vasp,1.027,1.096136417
2NbBr2Se2-1-2--1_0_0_-1--0.45_0.24.vasp,1.055,1.096136417
2NbBr2Se2-1-2--1_0_0_-1--0.54_-0.17.vasp,0.984,1.096136417
2NbBr2Se2-1-2--1_0_0_-1--0.73_0.24.vasp,0.996,1.096136417
2NbBr2Se2-1-2--1_0_0_-1--0.74_0.26.vasp,0.999,1.096136417
2NbBr2Se2-1-2--1_0_0_-1-0.04_-0.17.vasp,1.019,1.096136417
2NbBr2Se2-1-2--1_0_0_-1-0.79_0.58.vasp,1.01,1.096136417
2NbBr2Se2-1-2--1_0_0_-1-Iz-0.79_0.58.vasp,1.031,1.096136417
2NbBr2Se2-1-2--1_1_0_1-0.5_0.vasp,1.005,1.096136417
2NbBr2Se2-1-2--1_1_0_1-Iz-0.5_0.vasp,1.046,1.096136417
2NbBr2Se2-1-2-1_-1_0_-1-Iz-0.79_0.58.vasp,1.035,1.096136417
2NbBr2Se2-1-2-1_0_0_1--0.17_0.25.vasp,0.959,1.096136417
2NbBr2Se2-1-2-1_0_0_1--0.19_-0.42.vasp,1.045,1.096136417
2NbBr2Se2-1-2-1_0_0_1--0.28_0.vasp,0.959,1.096136417
2NbBr2Se2-1-2-1_0_0_1--0.36_0.67.vasp,1.008,1.096136417
2NbBr2Se2-1-2-1_0_0_1--0.58_0.vasp,0.961,1.096136417
2NbBr2Se2-1-2-1_0_0_1--0.59_0.vasp,0.962,1.096136417
2NbBr2Se2-1-2-1_0_0_1-0.09_-0.42.vasp,1.047,1.096136417
2NbBr2Se2-1-2-1_0_0_1-0.12_0.25.vasp,1.063,1.096136417
2NbBr2Se2-1-2-1_0_0_1-0.19_-0.42.vasp,1.047,1.096136417
2NbBr2Se2-1-2-1_0_0_1-0.29_0.58.vasp,1.044,1.096136417
2NbBr2Se2-1-2-1_0_0_1-0.36_-0.67.vasp,1.036,1.096136417
2NbBr2Se2-1-2-1_0_0_1-0.39_-0.42.vasp,1.013,1.096136417
2NbBr2Se2-1-2-1_0_0_1-0.3_0.vasp,1.007,1.096136417
2NbBr2Se2-1-2-1_0_0_1-0.42_0.25.vasp,1.038,1.096136417
2NbBr2Se2-1-2-1_0_0_1-0.58_0.vasp,0.977,1.096136417
2NbBr2Se2-1-2-1_0_0_1-0_0.vasp,1.063,1.096136417
2NbBr2Se2-1-2-1_0_0_1-Iz-0.29_0.58.vasp,1.024,1.096136417
2TaNi2Te2-1-2-1_0_0_1--0.5_-0.7.vasp,0.0,0.0
2TaNi2Te2-1-2-1_0_0_1-0_-0.17.vasp,0.0,0.0
2TaNi2Te2-1-2-1_0_0_1-0_-0.84.vasp,0.0,0.0
2WCl2O2-1-2--1_0_0_-1-Iz--0.02_0.43.vasp,2.18,2.186680311
2WCl2O2-1-2--1_0_0_-1-Iz--0.46_-0.05.vasp,2.177,2.186680311
2WCl2O2-1-2--1_0_0_-1-Iz--0.47_0.45.vasp,2.179,2.186680311
2WCl2O2-1-2--1_0_0_-1-Iz--0.51_-0.28.vasp,2.172,2.186680311
2WCl2O2-1-2--1_0_0_-1-Iz--0.52_-0.25.vasp,2.159,2.186680311
2WCl2O2-1-2--1_0_0_-1-Iz--0.91_-0.07.vasp,2.181,2.186680311
2WCl2O2-1-2--1_0_0_-1-Iz-0.03_0.2.vasp,2.163,2.186680311
2WCl2O2-1-2--1_0_0_-1-Iz-0.04_-0.3.vasp,2.164,2.186680311
2WCl2O2-1-2--1_0_0_-1-Iz-0.94_0.vasp,2.175,2.186680311
2WCl2O2-1-2-1_0_0_1--0.45_-0.02.vasp,2.172,2.186680311
2WCl2O2-1-2-1_0_0_1--0.45_-0.52.vasp,2.17,2.186680311
2WCl2O2-1-2-1_0_0_1--0.49_-0.25.vasp,2.161,2.186680311
2WCl2O2-1-2-1_0_0_1--0.89_-0.5.vasp,2.162,2.186680311
2WCl2O2-1-2-1_0_0_1--0.95_0.23.vasp,2.148,2.186680311
2WCl2O2-1-2-1_0_0_1-0_0.vasp,2.161,2.186680311
1CH2Mn2O2-1-2-1_-1_1_0--0.33_0.33.vasp,0.0,0.0
1CH2Mn2O2-1-2-1_0_0_1-0.33_0.67.vasp,0.0,0.0
1CH2O2Ti2-1-2-1_-1_1_0--0.33_0.33.vasp,0.0,0.0
1CH2O2Ti2-1-2-1_0_0_1-0.33_0.67.vasp,0.0,0.0
1CH2O2Ti2-1-2-1_0_0_1-0_0.vasp,0.0,0.0
1CuBr2O2Sr2-1-2-1_0_0_1-0.5_0.5.vasp,0.0,0.0
1CuI2O2Sr2-1-2-1_0_0_1-0.5_0.5.vasp,0.0,0.0
1NH2Mn2O2-1-2-1_-1_1_0--0.33_0.33.vasp,0.0,0.0
1NH2Mn2O2-1-2-1_0_0_1-0.33_0.67.vasp,0.0,0.0
1NH2O2Ti2-1-2-1_-1_1_0--0.33_0.33.vasp,0.0,0.0
1NH2O2Ti2-1-2-1_0_0_1-0.33_0.67.vasp,0.0,0.0
1NH2O2Ti2-1-2-1_0_0_1-0_0.vasp,0.0,0.0
1AgNi2O4-1-2--1_0_0_-1-Iz--0.33_-0.67.vasp,0.0,0.0
1AgNi2O4-1-2--1_0_0_-1-Iz--0.67_-0.33.vasp,0.0,0.0
1AgNi2O4-1-2-1_0_0_1--0.33_-0.67.vasp,0.0,0.0
1CrGa2S4-1-2--1_0_0_-1--0.67_-0.33.vasp,0.0,0.0
1CrGa2S4-1-2-1_0_0_1--0.33_-0.67.vasp,0.0,0.0
1CrGa2S4-1-2-1_0_0_1-0_0.vasp,0.0,0.0
1CrGa2Se4-1-2-1_-1_1_0--0.33_-0.67.vasp,0.0,0.0
1CrGa2Se4-1-2-1_0_0_1--0.33_-0.67.vasp,0.0,0.0
1CrGa2Se4-1-2-1_0_0_1-0_0.vasp,0.0,0.0
1FeAl2S4-1-2-1_-1_1_0-0_0.vasp,0.642,0.663248147
1FeAl2S4-1-2-1_0_0_1-0.33_-0.33.vasp,0.634,0.663248147
1FeAl2S4-1-2-1_0_0_1-0.67_0.33.vasp,0.639,0.663248147
1FeGa2S4-1-2--1_0_0_-1--0.33_-0.67.vasp,0.789,0.86243487
1FeGa2S4-1-2-1_0_0_1--0.33_-0.67.vasp,0.822,0.86243487
1FeGa2S4-1-2-1_0_0_1-0_0.vasp,0.744,0.86243487
1MgAl2S4-1-2-1_-1_1_0--0.67_-0.33.vasp,1.969,2.047671908
1MgAl2S4-1-2-1_-1_1_0-0_0.vasp,1.969,2.047671908
1MgAl2S4-1-2-1_0_0_1--0.33_-0.67.vasp,1.966,2.047671908
1MgAl2S4-1-2-1_0_0_1--0.67_-0.33.vasp,2.002,2.047671908
1MgAl2S4-1-2-1_0_0_1-0_0.vasp,1.971,2.047671908
1MgAl2Se4-1-2-1_-1_1_0--0.33_-0.67.vasp,0.946,1.064331904
1MgAl2Se4-1-2-1_-1_1_0-0_0.vasp,0.964,1.064331904
1MgAl2Se4-1-2-1_0_0_1--0.33_-0.67.vasp,0.962,1.064331904
1MgAl2Se4-1-2-1_0_0_1--0.67_-0.33.vasp,0.936,1.064331904
1MgAl2Se4-1-2-1_0_0_1-0_0.vasp,0.966,1.064331904
1MnBi2Te4-1-2-1_-1_1_0-0.33_-0.33.vasp,0.031,0.110209904
1MnBi2Te4-1-2-1_0_0_1-0.67_-0.67.vasp,0.093,0.110209904
1MoAu2Se4-1-2--1_0_0_-1-0.5_0.5.vasp,0.501,0.592448056
1MoAu2Se4-1-2--1_0_0_-1-Iz-0.13_0.72.vasp,0.341,0.592448056
1MoAu2Se4-1-2--1_0_0_-1-Iz-0.5_0.vasp,0.411,0.592448056
1MoAu2Se4-1-2--1_0_0_-1-Iz-0.68_0.72.vasp,0.463,0.592448056
1MoAu2Se4-1-2--1_0_0_-1-Iz-0.9_0.45.vasp,0.447,0.592448056
1MoAu2Se4-1-2-1_0_0_1-0.5_-0.5.vasp,0.407,0.592448056
1MoAu2Se4-1-2-1_0_0_1-0.78_0.22.vasp,0.427,0.592448056
1MoAu2Se4-1-2-1_0_0_1-0_0.vasp,0.458,0.592448056
1NiGa2S4-1-2-1_0_0_1-0_0.vasp,0.916,0.169596585
1SCu2O4-1-2--1_0_0_-1-Iz-0_-0.5.vasp,2.056,2.053268915
1WAg2Te4-1-2--1_0_0_-1-Iz-0.01_0.65.vasp,0.357,0.587403952
1WAg2Te4-1-2--1_0_0_-1-Iz-0.56_0.65.vasp,0.53,0.587403952
1WAg2Te4-1-2--1_0_0_-1-Iz-0.5_0.5.vasp,0.476,0.587403952
1WAg2Te4-1-2--1_0_0_-1-Iz-0.5_0.vasp,0.386,0.587403952
1WAg2Te4-1-2--1_0_0_-1-Iz-0.78_0.38.vasp,0.563,0.587403952
1WAg2Te4-1-2--1_0_0_-1-Iz-0_0.5.vasp,0.416,0.587403952
1WAg2Te4-1-2-0_-1_-1_0-0.5_0.5.vasp,0.477,0.587403952
1WAg2Te4-1-2-0_-1_1_0-0.5_0.vasp,0.554,0.587403952
1WAg2Te4-1-2-0_-1_1_0-0_0.5.vasp,0.576,0.587403952
1WAg2Te4-1-2-0_1_-1_0-Iz-0.5_0.5.vasp,0.532,0.587403952
1WAg2Te4-1-2-1_0_0_1-0.5_-0.5.vasp,0.535,0.587403952
1WAg2Te4-1-2-1_0_0_1-0.77_0.23.vasp,0.471,0.587403952
1WAg2Te4-1-2-1_0_0_1-0_0.vasp,0.512,0.587403952
1WAu2O4-1-2--1_0_0_-1--0.17_0.67.vasp,2.298,2.961598
1WAu2O4-1-2--1_0_0_-1--0.19_0.64.vasp,2.318,2.961598
1WAu2O4-1-2--1_0_0_-1-0_0.5.vasp,2.312,2.961598
1WAu2O4-1-2--1_0_0_-1-Iz--0.19_0.64.vasp,2.374,2.961598
1WAu2O4-1-2--1_0_0_-1-Iz--0.35_-0.82.vasp,2.639,2.961598
1WAu2O4-1-2--1_0_0_-1-Iz--0.42_-0.58.vasp,2.749,2.961598
1WAu2O4-1-2--1_0_0_-1-Iz--0.48_-0.3.vasp,2.726,2.961598
1WAu2O4-1-2--1_0_0_-1-Iz--0.59_-0.75.vasp,2.576,2.961598
1WAu2O4-1-2--1_0_0_-1-Iz--0.72_-0.23.vasp,2.733,2.961598
1WAu2O4-1-2--1_0_0_-1-Iz--0.77_0.06.vasp,2.689,2.961598
1WAu2O4-1-2--1_0_0_-1-Iz--0.84_0.28.vasp,2.558,2.961598
1WAu2O4-1-2--1_0_0_-1-Iz--0.95_0.87.vasp,2.706,2.961598
1WAu2O4-1-2--1_0_0_-1-Iz--0.9_0.58.vasp,2.74,2.961598
1WAu2O4-1-2--1_0_0_-1-Iz-0.5_0.5.vasp,2.734,2.961598
1WAu2O4-1-2--1_0_0_-1-Iz-0_0.5.vasp,2.711,2.961598
1WAu2O4-1-2--1_0_0_1--0.19_0.35.vasp,2.355,2.961598
1WAu2O4-1-2--1_0_0_1-Iz-0.5_0.5.vasp,2.684,2.961598
1WAu2O4-1-2--1_0_0_1-Iz-0.5_0.vasp,2.471,2.961598
1WAu2O4-1-2--1_0_0_1-Iz-0_0.5.vasp,2.559,2.961598
1WAu2O4-1-2-1_0_0_-1-0.5_0.5.vasp,2.36,2.961598
1WAu2O4-1-2-1_0_0_-1-Iz--0.06_0.vasp,2.551,2.961598
1WAu2O4-1-2-1_0_0_-1-Iz--0.11_0.29.vasp,2.51,2.961598
1WAu2O4-1-2-1_0_0_-1-Iz--0.24_-0.82.vasp,2.629,2.961598
1WAu2O4-1-2-1_0_0_-1-Iz--0.52_0.12.vasp,2.772,2.961598
1WAu2O4-1-2-1_0_0_-1-Iz--0.65_0.64.vasp,2.442,2.961598
1WAu2O4-1-2-1_0_0_-1-Iz-0.06_0.58.vasp,2.681,2.961598
1WAu2O4-1-2-1_0_0_-1-Iz-0.07_-0.52.vasp,2.605,2.961598
1WAu2O4-1-2-1_0_0_-1-Iz-0.13_-0.23.vasp,2.678,2.961598
1WAu2O4-1-2-1_0_0_-1-Iz-0.18_0.06.vasp,2.62,2.961598
1WAu2O4-1-2-1_0_0_-1-Iz-0.29_0.06.vasp,2.71,2.961598
1WAu2O4-1-2-1_0_0_-1-Iz-0.31_-0.58.vasp,2.613,2.961598
1WAu2O4-1-2-1_0_0_-1-Iz-0.42_-0.01.vasp,2.736,2.961598
1WAu2O4-1-2-1_0_0_-1-Iz-0.59_0.35.vasp,2.658,2.961598
1WAu2O4-1-2-1_0_0_-1-Iz-0.5_0.5.vasp,2.527,2.961598
1WAu2O4-1-2-1_0_0_-1-Iz-0.71_0.93.vasp,2.703,2.961598
1WAu2O4-1-2-1_0_0_-1-Iz-0_-0.29.vasp,2.701,2.961598
1WAu2O4-1-2-1_0_0_-1-Iz-0_-0.75.vasp,2.496,2.961598
1WAu2O4-1-2-1_0_0_-1-Iz-0_-0.88.vasp,2.537,2.961598
1WAu2O4-1-2-1_0_0_-1-Iz-0_0.87.vasp,2.591,2.961598
1WAu2O4-1-2-1_0_0_1-0.36_-0.58.vasp,2.555,2.961598
1WAu2O4-1-2-1_0_0_1-0.5_0.5.vasp,2.297,2.961598
1WAu2O4-1-2-1_0_0_1-Iz--0.24_0.06.vasp,2.585,2.961598
1WAu2O4-1-2-1_0_0_1-Iz--0.36_0.58.vasp,2.561,2.961598
1WAu2O4-1-2-1_0_0_1-Iz--0.65_-0.35.vasp,2.461,2.961598
1WAu2O4-1-2-1_0_0_1-Iz-0.13_-0.52.vasp,2.667,2.961598
1WAu2O4-1-2-1_0_0_1-Iz-0.18_-0.81.vasp,2.511,2.961598
1WAu2O4-1-2-1_0_0_1-Iz-0.5_0.5.vasp,2.55,2.961598
1WAu2O4-1-2-1_0_0_1-Iz-0.5_0.vasp,2.717,2.961598
1WAu2O4-1-2-1_0_0_1-Iz-0_0.vasp,2.426,2.961598
1YBi2O4-1-2-1_0_0_1--0.5_-0.5.vasp,0.0,0.0
1YBi2O4-1-2-1_0_0_1--0.5_0.vasp,0.0,0.0
1YBi2O4-1-2-1_0_0_1-0_0.vasp,0.0,0.0
1ZnIn2S4-1-2--1_0_0_-1--1.0_-1.0.vasp,0.0,0.019232057
1ZnIn2S4-1-2--1_0_0_-1-0.5_0.vasp,0.0,0.019232057
1ZnIn2S4-1-2--1_0_0_-1-0.79_0.58.vasp,0.0,0.019232057
1ZnIn2S4-1-2--1_0_0_-1-Iz--0.33_-0.67.vasp,0.023,0.019232057
1ZnIn2S4-1-2--1_0_0_-1-Iz--0.67_-0.33.vasp,0.009,0.019232057
1ZnIn2S4-1-2--1_0_0_-1-Iz-0.5_0.vasp,0.0,0.019232057
1ZnIn2S4-1-2--1_0_0_-1-Iz-0.79_0.58.vasp,0.0,0.019232057
1ZnIn2S4-1-2-1_0_0_1--0.67_-0.33.vasp,0.0,0.019232057
1ZnIn2S4-1-2-1_0_0_1-0.5_0.vasp,0.0,0.019232057
1ZnIn2S4-1-2-1_0_0_1-0_0.vasp,0.0,0.019232057
1ZnIn2S4-1-2-1_0_0_1-Iz--0.67_-0.33.vasp,0.003,0.019232057
1ZnIn2S4-1-2-1_0_0_1-Iz-0.5_0.vasp,0.0,0.019232057
1ZnIn2S4-1-2-1_0_0_1-Iz-0.79_0.58.vasp,0.0,0.019232057
1AlI2Ni5-1-2-1_0_0_1--0.5_-0.5.vasp,0.0,0.0
1GaI2Ni5-1-2-1_0_0_1--0.5_-0.5.vasp,0.0,0.0
1GeTe2Fe5-1-2--1_0_0_-1-Iz-0.33_-0.33.vasp,0.0,0.0
1InI2Pt5-1-2-1_0_0_1-0.5_0.5.vasp,0.0,0.0
1PdNb2S6-1-2--1_0_0_-1--0.05_-0.11.vasp,0.0,0.0
1PdNb2S6-1-2--1_0_0_-1--0.46_0.08.vasp,0.0,0.0
1PdNb2S6-1-2--1_0_0_-1--0.56_-0.12.vasp,0.0,0.0
1PdNb2S6-1-2--1_0_0_-1--0.57_-0.14.vasp,0.0,0.0
1PdNb2S6-1-2--1_0_0_-1--0.7_-0.41.vasp,0.0,0.0
1PdNb2S6-1-2--1_0_0_-1-0.03_0.05.vasp,0.0,0.0
1PdNb2S6-1-2--1_0_0_-1-0.08_0.16.vasp,0.0,0.0
1PdNb2S6-1-2--1_0_0_-1-0.19_0.38.vasp,0.0,0.0
1PdNb2S6-1-2-1_0_0_1--0.11_-0.22.vasp,0.0,0.0
1PdNb2S6-1-2-1_0_0_1--0.19_-0.38.vasp,0.0,0.0
1PdNb2S6-1-2-1_0_0_1--0.24_-0.49.vasp,0.0,0.0
1PdNb2S6-1-2-1_0_0_1--0.3_0.4.vasp,0.0,0.0
1PdNb2S6-1-2-1_0_0_1--0.41_0.19.vasp,0.0,0.0
1PdNb2S6-1-2-1_0_0_1--0.54_-0.08.vasp,0.0,0.0
1PdNb2S6-1-2-1_0_0_1--0.65_-0.3.vasp,0.0,0.0
1PdNb2S6-1-2-1_0_0_1-0.24_0.49.vasp,0.0,0.0
1PdNb2S6-1-2-1_0_0_1-0.3_-0.4.vasp,0.0,0.0
1PdNb2S6-1-2-1_0_0_1-0.41_-0.18.vasp,0.0,0.0
1PdNb2S6-1-2-1_0_0_1-0.41_-0.19.vasp,0.0,0.0
1PdNb2S6-1-2-1_0_0_1-0.54_0.08.vasp,0.0,0.0
1PdNb2S6-1-2-1_0_0_1-0.5_0.vasp,0.0,0.0
1PdNb2S6-1-2-1_0_0_1-0.65_0.3.vasp,0.0,0.0
1PdNb2S6-1-2-1_0_0_1-0_0.vasp,0.0,0.0
1PdNb2S6-1-2-1_0_0_1-Iz-0.5_0.vasp,0.0,0.0
1PdNb2Se6-1-2--1_0_0_-1--0.05_-0.11.vasp,0.0,0.0
1PdNb2Se6-1-2--1_0_0_-1--0.46_0.08.vasp,0.0,0.0
1PdNb2Se6-1-2--1_0_0_-1--0.56_-0.13.vasp,0.0,0.0
1PdNb2Se6-1-2--1_0_0_-1--0.57_-0.14.vasp,0.0,0.0
1PdNb2Se6-1-2--1_0_0_-1--0.7_-0.41.vasp,0.0,0.0
1PdNb2Se6-1-2--1_0_0_-1--0.95_-0.9.vasp,0.0,0.0
1PdNb2Se6-1-2--1_0_0_-1-0.08_0.16.vasp,0.0,0.0
1PdNb2Se6-1-2--1_0_0_-1-0.19_0.38.vasp,0.0,0.0
1PdNb2Se6-1-2--1_0_0_-1-0.67_0.35.vasp,0.0,0.0
1PdNb2Se6-1-2-1_0_0_1--0.11_-0.22.vasp,0.0,0.0
1PdNb2Se6-1-2-1_0_0_1--0.16_-0.33.vasp,0.0,0.0
1PdNb2Se6-1-2-1_0_0_1--0.25_-0.49.vasp,0.0,0.0
1PdNb2Se6-1-2-1_0_0_1--0.29_0.41.vasp,0.0,0.0
1PdNb2Se6-1-2-1_0_0_1--0.4_0.19.vasp,0.0,0.0
1PdNb2Se6-1-2-1_0_0_1--0.54_-0.08.vasp,0.0,0.0
1PdNb2Se6-1-2-1_0_0_1--0.65_-0.3.vasp,0.0,0.0
1PdNb2Se6-1-2-1_0_0_1--0.79_-0.57.vasp,0.0,0.0
1PdNb2Se6-1-2-1_0_0_1-0.25_0.49.vasp,0.0,0.0
1PdNb2Se6-1-2-1_0_0_1-0.29_-0.41.vasp,0.0,0.0
1PdNb2Se6-1-2-1_0_0_1-0.4_-0.19.vasp,0.0,0.0
1PdNb2Se6-1-2-1_0_0_1-0.54_0.08.vasp,0.0,0.0
1PdNb2Se6-1-2-1_0_0_1-0.5_0.vasp,0.0,0.0
1PdNb2Se6-1-2-1_0_0_1-0.65_0.3.vasp,0.0,0.0
1PdNb2Se6-1-2-1_0_0_1-0.79_0.57.vasp,0.0,0.0
1PdNb2Se6-1-2-1_0_0_1-0_0.vasp,0.0,0.0
1PdNb2Se6-1-2-1_0_0_1-Iz-0.5_0.vasp,0.0,0.0
1PdTa2S6-1-2-1_0_0_1--0.44_0.12.vasp,0.0,0.0
1PdTa2Se6-1-2--1_0_0_-1--0.05_-0.1.vasp,0.0,0.0
1PdTa2Se6-1-2--1_0_0_-1--0.46_0.09.vasp,0.0,0.0
1PdTa2Se6-1-2--1_0_0_-1--0.57_-0.13.vasp,0.0,0.0
1PdTa2Se6-1-2--1_0_0_-1--0.7_-0.4.vasp,0.0,0.0
1PdTa2Se6-1-2--1_0_0_-1-0.03_0.05.vasp,0.0,0.0
1PdTa2Se6-1-2--1_0_0_-1-0.08_0.17.vasp,0.0,0.0
1PdTa2Se6-1-2--1_0_0_-1-0.19_0.38.vasp,0.0,0.0
1PdTa2Se6-1-2-1_0_0_1--0.11_-0.22.vasp,0.0,0.0
1PdTa2Se6-1-2-1_0_0_1--0.19_-0.37.vasp,0.0,0.0
1PdTa2Se6-1-2-1_0_0_1--0.24_-0.49.vasp,0.0,0.0
1PdTa2Se6-1-2-1_0_0_1--0.3_0.41.vasp,0.0,0.0
1PdTa2Se6-1-2-1_0_0_1--0.41_0.19.vasp,0.0,0.0
1PdTa2Se6-1-2-1_0_0_1--0.54_-0.08.vasp,0.0,0.0
1PdTa2Se6-1-2-1_0_0_1--0.65_-0.3.vasp,0.0,0.0
1PdTa2Se6-1-2-1_0_0_1-0.24_0.49.vasp,0.0,0.0
1PdTa2Se6-1-2-1_0_0_1-0.3_-0.41.vasp,0.0,0.0
1PdTa2Se6-1-2-1_0_0_1-0.41_-0.19.vasp,0.0,0.0
1PdTa2Se6-1-2-1_0_0_1-0.54_0.08.vasp,0.0,0.0
1PdTa2Se6-1-2-1_0_0_1-0.5_0.vasp,0.0,0.0
1PdTa2Se6-1-2-1_0_0_1-0.65_0.3.vasp,0.0,0.0
1PdTa2Se6-1-2-1_0_0_1-0_0.vasp,0.0,0.0
1PdTa2Se6-1-2-1_0_0_1-Iz-0.5_0.vasp,0.0,0.0
1ReAg2Br6-1-2--1_0_0_-1-0.23_0.91.vasp,0.577,0.561743097
1ReAg2Br6-1-2--1_0_0_-1-0.58_-0.09.vasp,0.578,0.561743097
1ReAg2Br6-1-2-1_0_0_1-0.67_0.33.vasp,0.604,0.561743097
1ReAg2Br6-1-2-1_0_0_1-0.68_0.vasp,0.58,0.561743097
1ReAg2Br6-1-2-1_0_0_1-0_0.vasp,0.592,0.561743097
1ReAg2Br6-1-2-1_0_0_1-Iz-1.0_0.68.vasp,0.577,0.561743097
1ReAg2Cl6-1-2--1_0_0_-1-0.32_-1.0.vasp,0.764,0.777638157
1ReAg2Cl6-1-2--1_0_0_-1-0.68_0.vasp,0.764,0.777638157
1ReAg2Cl6-1-2--1_0_0_-1-1.0_0.68.vasp,0.761,0.777638157
1ReAg2Cl6-1-2-1_0_0_1-0.67_0.33.vasp,0.777,0.777638157
1ReAg2Cl6-1-2-1_0_0_1-0.68_0.vasp,0.774,0.777638157
1ReAg2Cl6-1-2-1_0_0_1-0_0.vasp,0.771,0.777638157
1ReAg2I6-1-2--1_0_0_-1-0.16_0.84.vasp,0.125,0.169267509
1ReAg2I6-1-2--1_0_0_-1-0.51_0.83.vasp,0.126,0.169267509
1ReAg2I6-1-2-1_-1_0_-1-Iz-0.59_0.51.vasp,0.114,0.169267509
1ReAg2I6-1-2-1_0_0_1--0.33_0.vasp,0.129,0.169267509
1ReAg2I6-1-2-1_0_0_1-0.67_0.33.vasp,0.165,0.169267509
1ReAg2I6-1-2-1_0_0_1-0.67_0.vasp,0.129,0.169267509
1ReAg2I6-1-2-1_0_0_1-0_0.vasp,0.149,0.169267509
1ReAg2I6-1-2-1_0_0_1-Iz-0.32_0.vasp,0.125,0.169267509
1ReAg2I6-1-2-1_0_0_1-Iz-0.68_0.68.vasp,0.114,0.169267509
1ReCu2Cl6-1-2--1_0_0_-1--0.31_-0.98.vasp,0.62,0.466981122
1ReCu2Cl6-1-2--1_0_0_-1-0.69_0.69.vasp,0.6,0.466981122
1ReCu2Cl6-1-2--1_1_0_1-Iz--0.32_-0.67.vasp,0.593,0.466981122
1ReCu2Cl6-1-2--1_1_0_1-Iz--0.33_0.vasp,0.666,0.466981122
1ReCu2Cl6-1-2--1_1_0_1-Iz-0.01_0.vasp,0.646,0.466981122
1ReCu2Cl6-1-2-1_-1_0_-1-0.67_0.02.vasp,0.665,0.466981122
1ReCu2Cl6-1-2-1_-1_0_-1-Iz--0.68_-1.01.vasp,0.606,0.466981122
1ReCu2Cl6-1-2-1_-1_0_-1-Iz-0.67_-0.01.vasp,0.606,0.466981122
1ReCu2Cl6-1-2-1_0_0_1--0.33_-0.67.vasp,0.652,0.466981122
1ReCu2Cl6-1-2-1_0_0_1--0.36_-0.05.vasp,0.645,0.466981122
1ReCu2Cl6-1-2-1_0_0_1--0.67_-0.33.vasp,0.656,0.466981122
1ReCu2Cl6-1-2-1_0_0_1-0.63_-0.05.vasp,0.646,0.466981122
1ReCu2Cl6-1-2-1_0_0_1-0_0.vasp,0.651,0.466981122
1ReCu2I6-1-2--1_0_0_-1-0.68_0.53.vasp,0.274,0.179598672
1ReCu2I6-1-2-0_-1_-1_0-0.59_-0.09.vasp,0.269,0.179598672
1ReCu2I6-1-2-0_-1_-1_0-0.93_0.6.vasp,0.279,0.179598672
1ReCu2I6-1-2-0_-1_-1_0-Iz--0.4_-0.41.vasp,0.274,0.179598672
1ReCu2I6-1-2-0_-1_-1_0-Iz-0.26_0.59.vasp,0.267,0.179598672
1ReCu2I6-1-2-0_-1_-1_0-Iz-0.59_0.59.vasp,0.274,0.179598672
1ReCu2I6-1-2-0_-1_-1_0-Iz-0.92_0.92.vasp,0.283,0.179598672
1ReCu2I6-1-2-0_1_1_0-Iz-0.4_0.26.vasp,0.281,0.179598672
1ReCu2I6-1-2-1_0_0_1-0.33_0.67.vasp,0.288,0.179598672
1ReCu2I6-1-2-1_0_0_1-0.67_0.33.vasp,0.278,0.179598672
1ReCu2I6-1-2-1_0_0_1-0_0.vasp,0.29,0.179598672
1ReCu2I6-1-2-1_0_0_1-Iz-0.33_0.vasp,0.272,0.179598672
1ReCu2I6-1-2-1_0_0_1-Iz-0.68_0.68.vasp,0.273,0.179598672
2AlCl3-1-2-1_-1_1_0-0.03_-0.3.vasp,5.364,5.487420265
2AlCl3-1-2-1_-1_1_0-0.33_-0.33.vasp,5.392,5.487420265
2AlCl3-1-2-1_-1_1_0-0_-0.32.vasp,5.363,5.487420265
2AlCl3-1-2-1_-1_1_0-0_0.vasp,5.339,5.487420265
2AlCl3-1-2-1_0_0_1-0.03_-0.67.vasp,5.331,5.487420265
2AlCl3-1-2-1_0_0_1-0.33_-0.33.vasp,5.366,5.487420265
2AlCl3-1-2-1_0_0_1-0.3_0.33.vasp,5.388,5.487420265
2AlCl3-1-2-1_0_0_1-0_-0.68.vasp,5.332,5.487420265
2AlCl3-1-2-1_0_0_1-0_0.vasp,5.269,5.487420265
2AlI3-1-2-1_-1_1_0-0.02_-0.31.vasp,2.04,2.093213854
2AlI3-1-2-1_-1_1_0-0.33_-0.33.vasp,2.017,2.093213854
2AlI3-1-2-1_-1_1_0-0_-0.32.vasp,2.039,2.093213854
2AlI3-1-2-1_-1_1_0-0_0.vasp,1.967,2.093213854
2AlI3-1-2-1_0_0_1-0.02_-0.67.vasp,1.994,2.093213854
2AlI3-1-2-1_0_0_1-0.31_0.33.vasp,2.065,2.093213854
2AlI3-1-2-1_0_0_1-0.33_-0.33.vasp,1.952,2.093213854
2AlI3-1-2-1_0_0_1-0_-0.68.vasp,1.994,2.093213854
2AlI3-1-2-1_0_0_1-0_0.vasp,1.871,2.093213854
2AsI3-1-2-1_-1_1_0-0.02_-0.31.vasp,1.787,1.911370054
2AsI3-1-2-1_-1_1_0-0.33_-0.33.vasp,1.826,1.911370054
2AsI3-1-2-1_-1_1_0-0_-0.32.vasp,1.786,1.911370054
2AsI3-1-2-1_-1_1_0-0_0.vasp,1.839,1.911370054
2AsI3-1-2-1_0_0_1-0.02_-0.67.vasp,1.822,1.911370054
2AsI3-1-2-1_0_0_1-0.31_0.33.vasp,1.84,1.911370054
2AsI3-1-2-1_0_0_1-0.33_-0.33.vasp,1.831,1.911370054
2AsI3-1-2-1_0_0_1-0_-0.68.vasp,1.825,1.911370054
2AsI3-1-2-1_0_0_1-0_0.vasp,1.763,1.911370054
2AuCl3-1-2-1_-1_1_0-0.69_0.vasp,0.222,0.207618993
2AuCl3-1-2-1_-1_1_0-0_-0.31.vasp,0.221,0.207618993
2AuCl3-1-2-1_0_0_1--0.01_-0.7.vasp,0.229,0.207618993
2AuCl3-1-2-1_0_0_1-0.33_-0.33.vasp,0.237,0.207618993
2AuCl3-1-2-1_0_0_1-0_0.vasp,0.225,0.207618993
2BiBr3-1-2-1_-1_1_0-0.03_-0.31.vasp,1.827,1.953819222
2BiBr3-1-2-1_-1_1_0-0.33_-0.33.vasp,1.828,1.953819222
2BiBr3-1-2-1_-1_1_0-0_-0.32.vasp,1.828,1.953819222
2BiBr3-1-2-1_-1_1_0-0_0.vasp,1.855,1.953819222
2BiBr3-1-2-1_0_0_1-0.03_-0.67.vasp,1.832,1.953819222
2BiBr3-1-2-1_0_0_1-0.31_0.33.vasp,1.841,1.953819222
2BiBr3-1-2-1_0_0_1-0.33_-0.33.vasp,1.855,1.953819222
2BiBr3-1-2-1_0_0_1-0_-0.68.vasp,1.83,1.953819222
2BiBr3-1-2-1_0_0_1-0_0.vasp,1.795,1.953819222
2BiCl3-1-2-1_-1_1_0-0.04_-0.3.vasp,2.247,2.359946681
2BiCl3-1-2-1_-1_1_0-0.33_-0.33.vasp,2.279,2.359946681
2BiCl3-1-2-1_-1_1_0-0_-0.31.vasp,2.245,2.359946681
2BiCl3-1-2-1_-1_1_0-0_-0.32.vasp,2.245,2.359946681
2BiCl3-1-2-1_-1_1_0-0_0.vasp,2.278,2.359946681
2BiCl3-1-2-1_0_0_1-0.04_0.33.vasp,2.207,2.359946681
2BiCl3-1-2-1_0_0_1-0.33_-0.33.vasp,2.287,2.359946681
2BiCl3-1-2-1_0_0_1-0.3_-0.67.vasp,2.291,2.359946681
2BiCl3-1-2-1_0_0_1-0_0.31.vasp,2.203,2.359946681
2BiCl3-1-2-1_0_0_1-0_0.32.vasp,2.204,2.359946681
2BiCl3-1-2-1_0_0_1-0_0.vasp,2.222,2.359946681
2BiF3-1-2--1_0_0_-1--0.6_0.04.vasp,4.081,4.316790709
2BiF3-1-2--1_0_0_-1-0.25_-0.31.vasp,4.008,4.316790709
2BiF3-1-2--1_0_0_-1-0.33_-0.37.vasp,4.02,4.316790709
2BiF3-1-2--1_0_0_-1-0.34_-0.11.vasp,3.956,4.316790709
2BiF3-1-2--1_0_0_-1-0.5_0.vasp,4.108,4.316790709
2BiF3-1-2-0_-1_-1_0-Iz--0.02_-0.54.vasp,4.133,4.316790709
2BiF3-1-2-0_-1_-1_0-Iz--0.09_0.32.vasp,4.039,4.316790709
2BiF3-1-2-0_-1_-1_0-Iz--0.61_-0.21.vasp,3.938,4.316790709
2BiF3-1-2-0_-1_-1_0-Iz-0.32_-0.35.vasp,3.774,4.316790709
2BiF3-1-2-0_1_1_0-Iz--0.06_0.06.vasp,4.195,4.316790709
2BiF3-1-2-0_1_1_0-Iz-0.02_-0.02.vasp,4.188,4.316790709
2BiF3-1-2-0_1_1_0-Iz-0.09_-0.09.vasp,4.19,4.316790709
2BiF3-1-2-0_1_1_0-Iz-0.09_-0.36.vasp,3.998,4.316790709
2BiF3-1-2-0_1_1_0-Iz-0.28_-0.01.vasp,4.043,4.316790709
2BiF3-1-2-1_0_0_1--0.34_-0.19.vasp,4.121,4.316790709
2BiF3-1-2-1_0_0_1-0.25_-0.27.vasp,4.134,4.316790709
2BiF3-1-2-1_0_0_1-0.33_-0.33.vasp,4.128,4.316790709
2BiF3-1-2-1_0_0_1-0.34_-0.07.vasp,4.087,4.316790709
2BiF3-1-2-1_0_0_1-0_0.26.vasp,4.106,4.316790709
2BiF3-1-2-1_0_0_1-0_0.vasp,4.201,4.316790709
2CoBr3-1-2-1_-1_1_0-0.31_0.vasp,1.578,0.961775784
2CoBr3-1-2-1_-1_1_0-0_-0.31.vasp,1.579,0.961775784
2CoBr3-1-2-1_0_0_1-0.33_-0.33.vasp,1.622,0.961775784
2CoBr3-1-2-1_0_0_1-0_-0.69.vasp,1.579,0.961775784
2CoBr3-1-2-1_0_0_1-0_0.vasp,1.585,0.961775784
2CoCl3-1-2-1_-1_1_0-0.31_0.vasp,1.049,1.129741887
2CoCl3-1-2-1_0_0_1-0.33_-0.33.vasp,1.075,1.129741887
2CoCl3-1-2-1_0_0_1-0_0.01.vasp,1.031,1.129741887
2CoI3-1-2-1_-1_1_0-0.01_-0.31.vasp,0.425,0.526260476
2CoI3-1-2-1_-1_1_0-0.69_0.vasp,0.425,0.526260476
2CoI3-1-2-1_0_0_1-0.33_-0.33.vasp,0.481,0.526260476
2CoI3-1-2-1_0_0_1-0_-0.7.vasp,0.443,0.526260476
2CoI3-1-2-1_0_0_1-0_0.vasp,0.455,0.526260476
2CrBr3-1-2-1_-1_1_0-0.68_0.vasp,1.776,1.509558426
2CrBr3-1-2-1_-1_1_0-0_-0.32.vasp,1.775,1.509558426
2CrBr3-1-2-1_0_0_1-0.33_-0.33.vasp,1.798,1.509558426
2CrBr3-1-2-1_0_0_1-0_-0.68.vasp,1.87,1.509558426
2CrBr3-1-2-1_0_0_1-0_-0.69.vasp,1.87,1.509558426
2CrBr3-1-2-1_0_0_1-0_0.vasp,1.773,1.509558426
2CrI3-1-2-1_-1_1_0-0_-0.32.vasp,0.695,0.890693045
2CrI3-1-2-1_0_0_1-0.33_-0.33.vasp,0.71,0.890693045
2CrI3-1-2-1_0_0_1-0_-0.69.vasp,0.786,0.890693045
2CuBr3-1-2-1_-1_1_0-0_-0.31.vasp,0.235,0.106989639
2CuBr3-1-2-1_0_0_1-0.33_-0.33.vasp,0.191,0.106989639
2CuBr3-1-2-1_0_0_1-0_0.vasp,0.209,0.106989639
2FeI3-1-2-1_-1_1_0-0.69_0.vasp,0.721,0.0
2FeI3-1-2-1_-1_1_0-0_-0.31.vasp,0.717,0.0
2FeI3-1-2-1_-1_1_0-0_-0.32.vasp,0.717,0.0
2FeI3-1-2-1_0_0_1-0.33_-0.33.vasp,0.732,0.0
2FeI3-1-2-1_0_0_1-0_-0.69.vasp,0.728,0.0
2FeI3-1-2-1_0_0_1-0_0.vasp,0.721,0.0
2GaI3-1-2-1_-1_1_0-0.02_-0.31.vasp,1.09,1.152503116
2GaI3-1-2-1_-1_1_0-0.33_-0.33.vasp,1.083,1.152503116
2GaI3-1-2-1_-1_1_0-0_-0.32.vasp,1.09,1.152503116
2GaI3-1-2-1_-1_1_0-0_0.vasp,1.038,1.152503116
2GaI3-1-2-1_0_0_1-0.02_0.33.vasp,1.04,1.152503116
2GaI3-1-2-1_0_0_1-0.31_-0.67.vasp,1.123,1.152503116
2GaI3-1-2-1_0_0_1-0.33_-0.33.vasp,1.015,1.152503116
2GaI3-1-2-1_0_0_1-0_0.32.vasp,1.041,1.152503116
2GaI3-1-2-1_0_0_1-0_0.vasp,0.941,1.152503116
2HfI3-1-2--1_0_0_-1-Iz-0.32_0.vasp,0.0,0.0
2HfI3-1-2--1_0_0_-1-Iz-0.33_-0.33.vasp,0.0,0.0
2HfI3-1-2--1_0_0_-1-Iz-0_-0.68.vasp,0.0,0.0
2HfI3-1-2--1_0_0_-1-Iz-0_0.vasp,0.0,0.0
2HfI3-1-2-1_0_0_1-0.33_0.32.vasp,0.0,0.0
2HfI3-1-2-1_0_0_1-0.68_0.vasp,0.0,0.0
2InCl3-1-2-1_-1_1_0-0.03_-0.31.vasp,3.572,3.760520916
2InCl3-1-2-1_-1_1_0-0.33_-0.33.vasp,3.634,3.760520916
2InCl3-1-2-1_-1_1_0-0_-0.32.vasp,3.573,3.760520916
2InCl3-1-2-1_-1_1_0-0_0.vasp,3.605,3.760520916
2InCl3-1-2-1_0_0_1-0.03_-0.67.vasp,3.559,3.760520916
2InCl3-1-2-1_0_0_1-0.31_0.33.vasp,3.626,3.760520916
2InCl3-1-2-1_0_0_1-0.33_-0.33.vasp,3.603,3.760520916
2InCl3-1-2-1_0_0_1-0_-0.68.vasp,3.558,3.760520916
2InCl3-1-2-1_0_0_1-0_0.vasp,3.568,3.760520916
2InI3-1-2-1_-1_1_0-0.02_-0.31.vasp,1.5,1.597185544
2InI3-1-2-1_-1_1_0-0.33_-0.33.vasp,1.541,1.597185544
2InI3-1-2-1_-1_1_0-0_-0.32.vasp,1.502,1.597185544
2InI3-1-2-1_-1_1_0-0_0.vasp,1.492,1.597185544
2InI3-1-2-1_0_0_1-0.02_-0.67.vasp,1.443,1.597185544
2InI3-1-2-1_0_0_1-0.31_0.33.vasp,1.541,1.597185544
2InI3-1-2-1_0_0_1-0.33_-0.33.vasp,1.47,1.597185544
2InI3-1-2-1_0_0_1-0_-0.68.vasp,1.443,1.597185544
2InI3-1-2-1_0_0_1-0_0.vasp,1.413,1.597185544
2IrBr3-1-2-1_-1_1_0-0.02_-0.31.vasp,1.414,1.566756002
2IrBr3-1-2-1_-1_1_0-0.33_-0.33.vasp,1.487,1.566756002
2IrBr3-1-2-1_-1_1_0-0_-0.31.vasp,1.415,1.566756002
2IrBr3-1-2-1_-1_1_0-0_0.vasp,1.431,1.566756002
2IrBr3-1-2-1_0_0_1-0.02_0.33.vasp,1.397,1.566756002
2IrBr3-1-2-1_0_0_1-0.31_0.33.vasp,1.479,1.566756002
2IrBr3-1-2-1_0_0_1-0.33_-0.33.vasp,1.459,1.566756002
2IrBr3-1-2-1_0_0_1-0_0.31.vasp,1.396,1.566756002
2IrBr3-1-2-1_0_0_1-0_0.vasp,1.415,1.566756002
2MoCl3-1-2--1_0_0_-1-Iz-0.33_-0.33.vasp,0.506,0.507473286
2MoCl3-1-2--1_0_0_-1-Iz-0_0.vasp,0.487,0.507473286
2MoCl3-1-2-1_0_0_1-0.33_-0.33.vasp,0.507,0.507473286
2MoCl3-1-2-1_0_0_1-0_0.vasp,0.492,0.507473286
2MoI3-1-2-1_-1_1_0-0.32_0.vasp,0.953,0.976534823
2MoI3-1-2-1_-1_1_0-0_-0.32.vasp,0.953,0.976534823
2MoI3-1-2-1_0_0_1-0.33_-0.33.vasp,0.967,0.976534823
2MoI3-1-2-1_0_0_1-0_-0.68.vasp,0.979,0.976534823
2MoI3-1-2-1_0_0_1-0_0.vasp,0.969,0.976534823
2MoO3-1-2--1_0_0_-1-0_-0.42.vasp,1.996,2.067467031
2MoO3-1-2-1_0_0_1-0_-0.56.vasp,2.008,2.067467031
2MoO3-1-2-1_0_0_1-0_-0.57.vasp,2.009,2.067467031
2NbI3-1-2--1_0_0_-1-Iz--0.29_0.vasp,0.0,0.0
2NbI3-1-2--1_0_0_-1-Iz-0.02_0.33.vasp,0.0,0.0
2NbI3-1-2--1_0_0_-1-Iz-0.33_-0.33.vasp,0.0,0.0
2NbI3-1-2--1_0_0_-1-Iz-0_0.32.vasp,0.0,0.0
2NbI3-1-2--1_0_0_-1-Iz-0_0.vasp,0.0,0.0
2NbI3-1-2-1_0_0_1-0.31_-0.67.vasp,0.0,0.0
2NbI3-1-2-1_0_0_1-0.32_-0.68.vasp,0.0,0.0
2NbI3-1-2-1_0_0_1-0.33_-0.33.vasp,0.0,0.0
2NbI3-1-2-1_0_0_1-0_0.vasp,0.0,0.0
2NiI3-1-2-1_0_0_1-0.33_-0.33.vasp,0.0,0.0
2NiI3-1-2-1_0_0_1-0_-0.69.vasp,0.0,0.0
2NiS3-1-2-1_0_0_1-0.05_-0.5.vasp,0.0,0.0
2NiTe3-1-2--1_0_0_-1--0.51_-0.5.vasp,0.0,0.0
2NiTe3-1-2--1_0_0_-1-0.03_-0.5.vasp,0.0,0.0
2NiTe3-1-2--1_0_0_-1-0.49_-0.5.vasp,0.0,0.0
2NiTe3-1-2-1_0_0_1--0.44_0.vasp,0.0,0.0
2NiTe3-1-2-1_0_0_1-0.04_0.vasp,0.0,0.0
2PbTe3-1-2--1_0_0_-1--0.79_0.54.vasp,0.143,0.267905468
2PbTe3-1-2--1_0_0_-1-0.15_0.64.vasp,0.109,0.267905468
2PbTe3-1-2--1_0_0_-1-Iz--1.23_0.14.vasp,0.002,0.267905468
2PbTe3-1-2-1_0_0_1--0.49_0.06.vasp,0.118,0.267905468
2PbTe3-1-2-1_0_0_1-Iz--0.01_-0.44.vasp,0.0,0.267905468
2PtSe3-1-2--1_0_0_-1--0.03_-0.5.vasp,0.0,0.0
2PtSe3-1-2--1_0_0_-1--0.12_0.vasp,0.0,0.0
2PtSe3-1-2--1_0_0_-1--0.33_0.vasp,0.0,0.0
2PtSe3-1-2--1_0_0_-1--0.44_-0.01.vasp,0.0,0.0
2PtSe3-1-2--1_0_0_-1--0.56_-0.5.vasp,0.0,0.0
2PtSe3-1-2--1_0_0_-1-0.18_-0.5.vasp,0.0,0.0
2PtSe3-1-2-1_0_0_1--0.03_0.vasp,0.0,0.0
2PtSe3-1-2-1_0_0_1--0.08_-0.5.vasp,0.0,0.0
2PtSe3-1-2-1_0_0_1--0.15_0.vasp,0.0,0.0
2PtSe3-1-2-1_0_0_1--0.23_-0.5.vasp,0.0,0.0
2PtSe3-1-2-1_0_0_1--0.44_-0.5.vasp,0.0,0.0
2PtSe3-1-2-1_0_0_1--0.46_0.vasp,0.0,0.0
2PtSe3-1-2-1_0_0_1--0.69_-0.5.vasp,0.0,0.0
2PtSe3-1-2-1_0_0_1--0.75_0.vasp,0.0,0.0
2PtSe3-1-2-1_0_0_1-0.03_-0.5.vasp,0.0,0.0
2PtSe3-1-2-1_0_0_1-0.15_0.vasp,0.0,0.0
2PtSe3-1-2-1_0_0_1-0.44_0.5.vasp,0.0,0.0
2PtSe3-1-2-1_0_0_1-0.4_0.vasp,0.0,0.0
2PtSe3-1-2-1_0_0_1-0_0.vasp,0.0,0.0
2PtTe3-1-2--1_0_0_-1--0.06_0.vasp,0.0,0.0
2PtTe3-1-2--1_0_0_-1--0.26_-0.5.vasp,0.0,0.0
2PtTe3-1-2--1_0_0_-1-0.03_-0.5.vasp,0.0,0.0
2PtTe3-1-2--1_0_0_-1-0.22_0.vasp,0.0,0.0
2PtTe3-1-2--1_0_0_-1-0.46_0.vasp,0.0,0.0
2PtTe3-1-2--1_0_0_-1-0.51_-0.5.vasp,0.0,0.0
2PtTe3-1-2-1_0_0_1--0.09_0.5.vasp,0.0,0.0
2PtTe3-1-2-1_0_0_1--0.28_0.vasp,0.0,0.0
2PtTe3-1-2-1_0_0_1--0.2_-0.5.vasp,0.0,0.0
2PtTe3-1-2-1_0_0_1--0.43_-0.5.vasp,0.0,0.0
2PtTe3-1-2-1_0_0_1--0.48_0.vasp,0.0,0.0
2PtTe3-1-2-1_0_0_1--0.57_0.5.vasp,0.0,0.0
2PtTe3-1-2-1_0_0_1-0.09_-0.5.vasp,0.0,0.0
2PtTe3-1-2-1_0_0_1-0.28_0.vasp,0.0,0.0
2PtTe3-1-2-1_0_0_1-0.2_0.5.vasp,0.0,0.0
2PtTe3-1-2-1_0_0_1-0_0.vasp,0.0,0.0
2ReBr3-1-2-1_-1_1_0-0_-0.33.vasp,0.119,0.13493037
2ReBr3-1-2-1_0_0_1-0.32_0.vasp,0.087,0.13493037
2ReBr3-1-2-1_0_0_1-0.33_-0.33.vasp,0.129,0.13493037
2ReBr3-1-2-1_0_0_1-0_0.vasp,0.124,0.13493037
2RhCl3-1-2-1_-1_1_0-0.33_-0.33.vasp,1.53,1.59025874
2RhCl3-1-2-1_-1_1_0-0_0.vasp,1.476,1.59025874
2RhCl3-1-2-1_0_0_1-0.33_-0.33.vasp,1.502,1.59025874
2RhCl3-1-2-1_0_0_1-0_0.vasp,1.457,1.59025874
2RhI3-1-2-1_-1_1_0-0.02_-0.31.vasp,0.836,0.99106612
2RhI3-1-2-1_-1_1_0-0.33_-0.33.vasp,0.888,0.99106612
2RhI3-1-2-1_-1_1_0-0_-0.31.vasp,0.836,0.99106612
2RhI3-1-2-1_-1_1_0-0_0.vasp,0.887,0.99106612
2RhI3-1-2-1_0_0_1--0.01_0.3.vasp,0.87,0.99106612
2RhI3-1-2-1_0_0_1-0.02_0.33.vasp,0.868,0.99106612
2RhI3-1-2-1_0_0_1-0.31_-0.67.vasp,0.901,0.99106612
2RhI3-1-2-1_0_0_1-0.33_-0.33.vasp,0.914,0.99106612
2RhI3-1-2-1_0_0_1-0_0.vasp,0.865,0.99106612
2RuBr3-1-2-1_-1_1_0-0.32_0.vasp,0.0,0.0
2RuBr3-1-2-1_-1_1_0-0_-0.32.vasp,0.0,0.0
2RuBr3-1-2-1_0_0_1-0.33_-0.33.vasp,0.0,0.0
2RuBr3-1-2-1_0_0_1-0_0.32.vasp,0.0,0.0
2RuBr3-1-2-1_0_0_1-0_0.vasp,0.0,0.0
2RuCl3-1-2-1_0_0_1-0.32_0.vasp,0.0,0.0
2RuCl3-1-2-1_0_0_1-0.33_-0.33.vasp,0.0,0.0
2RuCl3-1-2-1_0_0_1-0_0.vasp,0.0,0.0
2RuI3-1-2-1_0_0_1-0.33_-0.33.vasp,0.0,0.0
2RuI3-1-2-1_0_0_1-0_0.31.vasp,0.0,0.0
2SbI3-1-2-1_-1_1_0-0.02_-0.31.vasp,1.7,1.825644329
2SbI3-1-2-1_-1_1_0-0_-0.32.vasp,1.701,1.825644329
2SbI3-1-2-1_-1_1_0-0_0.vasp,1.743,1.825644329
2SbI3-1-2-1_0_0_1-0.02_-0.67.vasp,1.725,1.825644329
2SbI3-1-2-1_0_0_1-0.31_0.33.vasp,1.738,1.825644329
2SbI3-1-2-1_0_0_1-0.33_-0.33.vasp,1.737,1.825644329
2SbI3-1-2-1_0_0_1-0_-0.68.vasp,1.727,1.825644329
2SbI3-1-2-1_0_0_1-0_0.vasp,1.664,1.825644329
2ScCl3-1-2-1_-1_1_0--0.01_-0.33.vasp,3.879,3.922367727
2ScCl3-1-2-1_-1_1_0-0.03_-0.3.vasp,3.876,3.922367727
2ScCl3-1-2-1_-1_1_0-0.33_-0.33.vasp,3.89,3.922367727
2ScCl3-1-2-1_-1_1_0-0_-0.32.vasp,3.88,3.922367727
2ScCl3-1-2-1_-1_1_0-0_0.vasp,3.866,3.922367727
2ScCl3-1-2-1_0_0_1-0.03_-0.67.vasp,3.851,3.922367727
2ScCl3-1-2-1_0_0_1-0.33_-0.33.vasp,3.887,3.922367727
2ScCl3-1-2-1_0_0_1-0.3_0.33.vasp,3.883,3.922367727
2ScCl3-1-2-1_0_0_1-0_-0.68.vasp,3.846,3.922367727
2ScCl3-1-2-1_0_0_1-0_0.vasp,3.867,3.922367727
2ScI3-1-2-1_-1_1_0-0.03_-0.31.vasp,1.821,1.851038953
2ScI3-1-2-1_-1_1_0-0.33_-0.33.vasp,1.825,1.851038953
2ScI3-1-2-1_-1_1_0-0_-0.33.vasp,1.821,1.851038953
2ScI3-1-2-1_-1_1_0-0_0.vasp,1.814,1.851038953
2ScI3-1-2-1_0_0_1-0.03_0.33.vasp,1.815,1.851038953
2ScI3-1-2-1_0_0_1-0.31_-0.67.vasp,1.822,1.851038953
2ScI3-1-2-1_0_0_1-0.33_-0.33.vasp,1.815,1.851038953
2ScI3-1-2-1_0_0_1-0_0.32.vasp,1.813,1.851038953
2ScI3-1-2-1_0_0_1-0_0.vasp,1.827,1.851038953
2ScS3-1-2-1_0_0_1--0.19_0.vasp,0.0,0.0
2ScS3-1-2-1_0_0_1--0.31_-0.5.vasp,0.0,0.0
2ScS3-1-2-1_0_0_1-0.19_-0.5.vasp,0.0,0.0
2ScS3-1-2-1_0_0_1-0.31_0.vasp,0.0,0.0
2ScS3-1-2-1_0_0_1-0.5_-0.5.vasp,0.0,0.0
2ScS3-1-2-1_0_0_1-0.5_0.vasp,0.0,0.0
2ScS3-1-2-1_0_0_1-0_-0.5.vasp,0.0,0.0
2ScS3-1-2-1_0_0_1-0_0.vasp,0.0,0.0
2TaS3-1-2-1_0_0_1-0.24_0.vasp,0.0,0.0
2TaS3-1-2-1_0_0_1-0.25_-0.5.vasp,0.0,0.0
2TaS3-1-2-1_0_0_1-0.25_0.vasp,0.0,0.0
2TaS3-1-2-1_0_0_1-0.5_-0.5.vasp,0.0,0.0
2TaS3-1-2-1_0_0_1-0.5_0.vasp,0.0,0.0
2TaS3-1-2-1_0_0_1-0_-0.5.vasp,0.0,0.0
2TaS3-1-2-1_0_0_1-0_0.vasp,0.0,0.0
2TaSe3-1-2-1_0_0_1-0.23_0.vasp,0.0,0.0
2TaSe3-1-2-1_0_0_1-0.25_-0.5.vasp,0.0,0.0
2TaSe3-1-2-1_0_0_1-0.25_0.vasp,0.0,0.0
2TaSe3-1-2-1_0_0_1-0.5_-0.5.vasp,0.0,0.0
2TaSe3-1-2-1_0_0_1-0.5_0.vasp,0.0,0.0
2TaSe3-1-2-1_0_0_1-0_-0.5.vasp,0.0,0.0
2TaSe3-1-2-1_0_0_1-0_0.vasp,0.0,0.0
2TaTe3-1-2-1_0_0_1-0.23_0.vasp,0.0,0.0
2TaTe3-1-2-1_0_0_1-0.24_-0.5.vasp,0.0,0.0
2TaTe3-1-2-1_0_0_1-0.26_0.vasp,0.0,0.0
2TaTe3-1-2-1_0_0_1-0.5_0.vasp,0.0,0.0
2TaTe3-1-2-1_0_0_1-0_0.vasp,0.0,0.0
2TiBr3-1-2--1_0_0_-1-Iz-0.33_-0.33.vasp,0.177,0.170395056
2TiBr3-1-2--1_0_0_-1-Iz-0_0.31.vasp,0.172,0.170395056
2TiBr3-1-2--1_0_0_-1-Iz-0_0.vasp,0.178,0.170395056
2TiBr3-1-2-1_0_0_1-0.33_-0.33.vasp,0.177,0.170395056
2TiBr3-1-2-1_0_0_1-0.69_0.vasp,0.172,0.170395056
2TiI3-1-2--1_0_0_-1-Iz-0.33_-0.33.vasp,0.215,0.208635101
2TiI3-1-2--1_0_0_-1-Iz-0_0.31.vasp,0.209,0.208635101
2TiI3-1-2--1_0_0_-1-Iz-0_0.vasp,0.217,0.208635101
2TiI3-1-2-1_0_0_1-0.33_-0.33.vasp,0.216,0.208635101
2TiI3-1-2-1_0_0_1-0.3_0.vasp,0.208,0.208635101
2TlBr3-1-2-1_-1_1_0-0.02_-0.31.vasp,1.476,1.661320162
2TlBr3-1-2-1_-1_1_0-0.33_-0.33.vasp,1.52,1.661320162
2TlBr3-1-2-1_-1_1_0-0_-0.32.vasp,1.476,1.661320162
2TlBr3-1-2-1_-1_1_0-0_0.vasp,1.514,1.661320162
2TlBr3-1-2-1_0_0_1-0.02_-0.67.vasp,1.475,1.661320162
2TlBr3-1-2-1_0_0_1-0.31_0.33.vasp,1.518,1.661320162
2TlBr3-1-2-1_0_0_1-0.33_-0.33.vasp,1.481,1.661320162
2TlBr3-1-2-1_0_0_1-0_-0.69.vasp,1.474,1.661320162
2TlBr3-1-2-1_0_0_1-0_0.vasp,1.468,1.661320162
2TlCl3-1-2-1_-1_1_0-0.03_-0.3.vasp,2.25,2.425105826
2TlCl3-1-2-1_-1_1_0-0.33_-0.33.vasp,2.303,2.425105826
2TlCl3-1-2-1_-1_1_0-0_-0.32.vasp,2.254,2.425105826
2TlCl3-1-2-1_-1_1_0-0_0.vasp,2.267,2.425105826
2TlCl3-1-2-1_0_0_1-0.03_0.33.vasp,2.257,2.425105826
2TlCl3-1-2-1_0_0_1-0.33_-0.33.vasp,2.27,2.425105826
2TlCl3-1-2-1_0_0_1-0.3_-0.67.vasp,2.289,2.425105826
2TlCl3-1-2-1_0_0_1-0_0.31.vasp,2.259,2.425105826
2TlCl3-1-2-1_0_0_1-0_0.32.vasp,2.259,2.425105826
2TlCl3-1-2-1_0_0_1-0_0.vasp,2.266,2.425105826
2WCl3-1-2--1_0_0_-1-Iz-0.33_-0.33.vasp,0.701,0.70609602
2WCl3-1-2--1_0_0_-1-Iz-0_0.vasp,0.682,0.70609602
2WCl3-1-2-1_0_0_1-0.33_-0.33.vasp,0.697,0.70609602
2WCl3-1-2-1_0_0_1-0_0.vasp,0.686,0.70609602
2WCl3-2-2-1_-1_1_0-0.33_-0.33.vasp,0.417,0.487185927
2WCl3-2-2-1_-1_1_0-0_0.vasp,0.415,0.487185927
2WCl3-2-2-1_0_0_1-0.33_-0.33.vasp,0.408,0.487185927
2WCl3-2-2-1_0_0_1-0_0.vasp,0.393,0.487185927
2YCl3-1-2-1_-1_1_0-0.04_-0.29.vasp,4.983,5.112617177
2YCl3-1-2-1_-1_1_0-0.33_-0.33.vasp,4.996,5.112617177
2YCl3-1-2-1_-1_1_0-0_0.vasp,4.985,5.112617177
2YCl3-1-2-1_0_0_1-0.04_-0.67.vasp,4.962,5.112617177
2YCl3-1-2-1_0_0_1-0.29_0.33.vasp,5.002,5.112617177
2YCl3-1-2-1_0_0_1-0.33_-0.33.vasp,4.998,5.112617177
2YCl3-1-2-1_0_0_1-0_-0.68.vasp,4.963,5.112617177
2YCl3-1-2-1_0_0_1-0_0.vasp,5.004,5.112617177
2YI3-1-2-1_-1_1_0-0.02_-0.31.vasp,2.697,2.755744607
2YI3-1-2-1_-1_1_0-0.33_-0.33.vasp,2.715,2.755744607
2YI3-1-2-1_-1_1_0-0_-0.33.vasp,2.697,2.755744607
2YI3-1-2-1_-1_1_0-0_0.vasp,2.69,2.755744607
2YI3-1-2-1_0_0_1-0.02_-0.67.vasp,2.659,2.755744607
2YI3-1-2-1_0_0_1-0.31_0.33.vasp,2.71,2.755744607
2YI3-1-2-1_0_0_1-0.33_-0.33.vasp,2.704,2.755744607
2YI3-1-2-1_0_0_1-0_-0.68.vasp,2.657,2.755744607
2YI3-1-2-1_0_0_1-0_0.vasp,2.716,2.755744607
2YTe3-1-2-1_0_0_1--0.5_-0.5.vasp,0.0,0.0
2YTe3-1-2-1_0_0_1-0_-0.5.vasp,0.0,0.0
2YTe3-1-2-1_0_0_1-0_0.vasp,0.0,0.0
2ZrBr3-1-2--1_0_0_-1-Iz-0.33_-0.33.vasp,0.0,0.0
2ZrBr3-1-2--1_0_0_-1-Iz-0_0.32.vasp,0.0,0.0
2ZrBr3-1-2--1_0_0_-1-Iz-0_0.vasp,0.0,0.0
2ZrBr3-1-2-1_0_0_1-0.32_-0.68.vasp,0.0,0.0
2ZrBr3-1-2-1_0_0_1-0.68_0.vasp,0.0,0.0
2ZrI3-1-2--1_0_0_-1-Iz-0.33_-0.33.vasp,0.0,0.0
2ZrI3-1-2--1_0_0_-1-Iz-0.33_0.vasp,0.0,0.0
2ZrI3-1-2--1_0_0_-1-Iz-0_0.32.vasp,0.0,0.0
2ZrI3-1-2--1_0_0_-1-Iz-0_0.vasp,0.0,0.0
2ZrI3-1-2-1_0_0_1-0.32_-0.68.vasp,0.0,0.0
2ZrI3-1-2-1_0_0_1-0.68_0.vasp,0.0,0.0
2VF4-1-2-1_0_0_1-Iz-0.5_0.vasp,3.649,0.596818606
1AsBrS-1-2--1_0_0_-1-Iz--0.33_-0.67.vasp,1.261,1.386955169
1AsBrS-1-2--1_0_0_-1-Iz--0.67_-0.33.vasp,1.254,1.386955169
1AsBrS-1-2--1_0_0_-1-Iz-0_0.vasp,1.274,1.386955169
1AsBrS-1-2--1_1_-1_0-Iz--0.67_-0.33.vasp,1.251,1.386955169
1AsBrS-1-2--1_1_-1_0-Iz-0_0.vasp,1.255,1.386955169
1AsBrS-1-2-1_-1_1_0--0.33_-0.67.vasp,1.285,1.386955169
1AsBrS-1-2-1_-1_1_0--0.67_-0.33.vasp,1.29,1.386955169
1AsBrS-1-2-1_-1_1_0-0_0.vasp,1.288,1.386955169
1AsBrS-1-2-1_0_0_1--0.33_-0.67.vasp,1.297,1.386955169
1AsBrS-1-2-1_0_0_1--0.67_-0.33.vasp,1.285,1.386955169
1AsBrS-1-2-1_0_0_1-0_0.vasp,1.291,1.386955169
1AsBrSe-1-2--1_0_0_-1-Iz--0.33_-0.67.vasp,1.143,1.497244185
1AsBrSe-1-2--1_0_0_-1-Iz-0.33_-0.33.vasp,1.244,1.497244185
1AsBrSe-1-2--1_0_0_-1-Iz-0_0.vasp,1.276,1.497244185
1AsBrSe-1-2--1_1_-1_0-Iz--0.67_-0.33.vasp,1.189,1.497244185
1AsBrSe-1-2--1_1_-1_0-Iz-0_0.vasp,1.195,1.497244185
1AsBrSe-1-2-1_-1_1_0--0.33_-0.67.vasp,0.44,1.497244185
1AsBrSe-1-2-1_-1_1_0-0.33_-0.33.vasp,0.522,1.497244185
1AsBrSe-1-2-1_-1_1_0-0_0.vasp,0.473,1.497244185
1AsBrSe-1-2-1_0_0_1--0.67_-0.33.vasp,0.53,1.497244185
1AsBrSe-1-2-1_0_0_1-0.67_0.33.vasp,0.491,1.497244185
1AsBrSe-1-2-1_0_0_1-0_0.vasp,0.482,1.497244185
1AsBrSe-2-2--1_0_0_-1-Iz--0.33_-0.67.vasp,1.049,1.227943333
1AsBrSe-2-2--1_0_0_-1-Iz--0.67_-0.33.vasp,1.023,1.227943333
1AsBrSe-2-2--1_0_0_-1-Iz-0_0.vasp,0.996,1.227943333
1AsBrSe-2-2--1_1_-1_0-Iz--0.67_-0.33.vasp,1.01,1.227943333
1AsBrSe-2-2--1_1_-1_0-Iz-0_0.vasp,1.027,1.227943333
1AsBrSe-2-2-1_-1_1_0--0.33_-0.67.vasp,0.702,1.227943333
1AsBrSe-2-2-1_-1_1_0--0.67_-0.33.vasp,0.712,1.227943333
1AsBrSe-2-2-1_-1_1_0-0_0.vasp,0.694,1.227943333
1AsBrSe-2-2-1_0_0_1--0.33_-0.67.vasp,0.708,1.227943333
1AsBrSe-2-2-1_0_0_1--0.67_-0.33.vasp,0.689,1.227943333
1AsBrSe-2-2-1_0_0_1-0_0.vasp,0.711,1.227943333
1AsBrTe-1-2--1_0_0_-1-Iz--0.33_-0.67.vasp,1.06,1.237282246
1AsBrTe-1-2--1_0_0_-1-Iz-0_0.vasp,1.011,1.237282246
1AsBrTe-1-2--1_1_-1_0-Iz--0.67_-0.33.vasp,1.018,1.237282246
1AsBrTe-1-2--1_1_-1_0-Iz-0_0.vasp,1.069,1.237282246
1AsBrTe-1-2-1_-1_1_0--0.33_-0.67.vasp,0.28,1.237282246
1AsBrTe-1-2-1_-1_1_0--0.67_-0.33.vasp,0.296,1.237282246
1AsBrTe-1-2-1_-1_1_0-0_0.vasp,0.239,1.237282246
1AsBrTe-1-2-1_0_0_1--0.33_-0.67.vasp,0.281,1.237282246
1AsBrTe-1-2-1_0_0_1--0.67_-0.33.vasp,0.238,1.237282246
1AsBrTe-1-2-1_0_0_1-0_0.vasp,0.29,1.237282246
1AsClS-1-2--1_0_0_-1-Iz--0.33_-0.67.vasp,1.369,1.534851099
1AsClS-1-2--1_0_0_-1-Iz-0_0.vasp,1.35,1.534851099
1AsClS-1-2--1_1_-1_0-Iz--0.67_-0.33.vasp,1.354,1.534851099
1AsClS-1-2--1_1_-1_0-Iz-0_0.vasp,1.354,1.534851099
1AsClS-1-2-1_-1_1_0--0.33_-0.67.vasp,0.933,1.534851099
1AsClS-1-2-1_-1_1_0--0.67_-0.33.vasp,0.937,1.534851099
1AsClS-1-2-1_-1_1_0-0_0.vasp,0.933,1.534851099
1AsClS-1-2-1_0_0_1--0.33_-0.67.vasp,0.938,1.534851099
1AsClS-1-2-1_0_0_1--0.67_-0.33.vasp,0.929,1.534851099
1AsClS-1-2-1_0_0_1-0_0.vasp,0.938,1.534851099
1AsClSe-1-2--1_0_0_-1-Iz--0.33_-0.67.vasp,1.194,1.37343953
1AsClSe-1-2--1_0_0_-1-Iz--0.67_-0.33.vasp,1.182,1.37343953
1AsClSe-1-2--1_0_0_-1-Iz-0_0.vasp,1.143,1.37343953
1AsClSe-1-2--1_1_-1_0-Iz--0.67_-0.33.vasp,1.157,1.37343953
1AsClSe-1-2--1_1_-1_0-Iz-0_0.vasp,1.173,1.37343953
1AsClSe-1-2-1_-1_1_0--0.33_-0.67.vasp,0.401,1.37343953
1AsClSe-1-2-1_-1_1_0--0.67_-0.33.vasp,0.403,1.37343953
1AsClSe-1-2-1_-1_1_0-0_0.vasp,0.35,1.37343953
1AsClSe-1-2-1_0_0_1--0.33_-0.67.vasp,0.397,1.37343953
1AsClSe-1-2-1_0_0_1--0.67_-0.33.vasp,0.351,1.37343953
1AsClSe-1-2-1_0_0_1-0_0.vasp,0.405,1.37343953
1AsClTe-1-2--1_0_0_-1-Iz--0.33_-0.67.vasp,1.288,1.478712992
1AsClTe-1-2--1_0_0_-1-Iz--0.67_-0.33.vasp,1.317,1.478712992
1AsClTe-1-2--1_0_0_-1-Iz-0_0.vasp,1.248,1.478712992
1AsClTe-1-2--1_1_-1_0-Iz--0.67_-0.33.vasp,1.259,1.478712992
1AsClTe-1-2--1_1_-1_0-Iz-0_0.vasp,1.303,1.478712992
1AsClTe-1-2-1_-1_1_0--0.33_-0.67.vasp,0.15,1.478712992
1AsClTe-1-2-1_-1_1_0--0.67_-0.33.vasp,0.144,1.478712992
1AsClTe-1-2-1_-1_1_0-0_0.vasp,0.064,1.478712992
1AsClTe-1-2-1_0_0_1--0.67_-0.33.vasp,0.066,1.478712992
1AsClTe-1-2-1_0_0_1-0_0.vasp,0.143,1.478712992
1AsIS-1-2--1_0_0_-1-Iz--0.33_-0.67.vasp,1.3,1.33647163
1AsIS-1-2--1_0_0_-1-Iz--0.67_-0.33.vasp,1.324,1.33647163
1AsIS-1-2--1_0_0_-1-Iz-0_0.vasp,1.318,1.33647163
1AsIS-1-2--1_1_-1_0-Iz--0.67_-0.33.vasp,1.284,1.33647163
1AsIS-1-2-1_-1_1_0--0.33_-0.67.vasp,0.958,1.33647163
1AsIS-1-2-1_-1_1_0--0.67_-0.33.vasp,0.918,1.33647163
1AsIS-1-2-1_0_0_1--0.33_-0.67.vasp,0.915,1.33647163
1AsIS-1-2-1_0_0_1--0.67_-0.33.vasp,0.801,1.33647163
1AsIS-1-2-1_0_0_1-0_0.vasp,0.947,1.33647163
1AsITe-1-2--1_0_0_-1-Iz--0.33_-0.67.vasp,0.819,0.982421026
1AsITe-1-2--1_0_0_-1-Iz--0.67_-0.33.vasp,0.846,0.982421026
1AsITe-1-2--1_0_0_-1-Iz-0_0.vasp,0.733,0.982421026
1AsITe-1-2--1_1_-1_0-Iz--0.67_-0.33.vasp,0.73,0.982421026
1AsITe-1-2--1_1_-1_0-Iz-0_0.vasp,0.848,0.982421026
1AsITe-1-2-1_-1_1_0--0.33_-0.67.vasp,0.456,0.982421026
1AsITe-1-2-1_-1_1_0--0.67_-0.33.vasp,0.499,0.982421026
1AsITe-1-2-1_-1_1_0-0_0.vasp,0.529,0.982421026
1AsITe-1-2-1_0_0_1--0.33_-0.67.vasp,0.489,0.982421026
1AsITe-1-2-1_0_0_1-0_0.vasp,0.486,0.982421026
1BiBrS-1-2--1_0_0_-1-Iz--0.33_-0.67.vasp,1.065,1.187876997
1BiBrS-1-2--1_0_0_-1-Iz-0.33_-0.33.vasp,1.099,1.187876997
1BiBrS-1-2--1_0_0_-1-Iz-0_0.vasp,0.951,1.187876997
1BiBrS-1-2--1_1_-1_0-Iz--0.67_-0.33.vasp,0.961,1.187876997
1BiBrS-1-2--1_1_-1_0-Iz-0_0.vasp,1.076,1.187876997
1BiBrS-1-2-1_-1_1_0--0.33_-0.67.vasp,0.828,1.187876997
1BiBrS-1-2-1_-1_1_0-0.33_-0.33.vasp,0.888,1.187876997
1BiBrS-1-2-1_-1_1_0-0_0.vasp,0.806,1.187876997
1BiBrS-1-2-1_0_0_1--0.67_-0.33.vasp,0.825,1.187876997
1BiBrS-1-2-1_0_0_1-0.67_0.33.vasp,0.836,1.187876997
1BiBrS-1-2-1_0_0_1-0_0.vasp,0.876,1.187876997
1BiBrSe-1-2--1_0_0_-1-Iz--0.33_-0.67.vasp,0.793,1.020446093
1BiBrSe-1-2--1_0_0_-1-Iz-0.33_-0.33.vasp,0.892,1.020446093
1BiBrSe-1-2--1_0_0_-1-Iz-0_0.vasp,0.615,1.020446093
1BiBrSe-1-2--1_1_-1_0-Iz--0.67_-0.33.vasp,0.656,1.020446093
1BiBrSe-1-2--1_1_-1_0-Iz-0_0.vasp,0.866,1.020446093
1BiBrSe-1-2-1_-1_1_0-0.33_-0.33.vasp,0.379,1.020446093
1BiBrTe-1-2--1_0_0_-1-Iz--0.33_-0.67.vasp,0.121,0.591080686
1BiBrTe-1-2--1_0_0_-1-Iz--0.67_-0.33.vasp,0.366,0.591080686
1BiBrTe-1-2--1_0_0_-1-Iz-0_0.vasp,0.033,0.591080686
1BiBrTe-1-2--1_1_-1_0-Iz--0.67_-0.33.vasp,0.075,0.591080686
1BiBrTe-1-2--1_1_-1_0-Iz-0_0.vasp,0.371,0.591080686
1BiBrTe-1-2-1_-1_1_0--0.33_-0.67.vasp,0.048,0.591080686
1BiBrTe-1-2-1_-1_1_0--0.67_-0.33.vasp,0.021,0.591080686
1BiBrTe-1-2-1_-1_1_0-0_0.vasp,0.0,0.591080686
1BiBrTe-1-2-1_0_0_1--0.33_-0.67.vasp,0.032,0.591080686
1BiBrTe-1-2-1_0_0_1--0.67_-0.33.vasp,0.0,0.591080686
1BiBrTe-1-2-1_0_0_1-0_0.vasp,0.021,0.591080686
1BiClS-1-2--1_0_0_-1-Iz--0.33_-0.67.vasp,1.224,1.430303052
1BiClS-1-2--1_0_0_-1-Iz-0.33_-0.33.vasp,1.293,1.430303052
1BiClS-1-2--1_0_0_-1-Iz-0_0.vasp,1.108,1.430303052
1BiClS-1-2--1_1_-1_0-Iz--0.67_-0.33.vasp,1.119,1.430303052
1BiClS-1-2--1_1_-1_0-Iz-0_0.vasp,1.291,1.430303052
1BiClS-1-2-1_-1_1_0-0_0.vasp,0.732,1.430303052
1BiClS-1-2-1_0_0_1--0.67_-0.33.vasp,0.755,1.430303052
1BiClS-1-2-1_0_0_1-0.67_0.33.vasp,0.788,1.430303052
1BiClS-2-2--1_0_0_-1-Iz--0.33_-0.67.vasp,0.644,1.001877088
1BiClS-2-2--1_0_0_-1-Iz--0.67_-0.33.vasp,0.774,1.001877088
1BiClS-2-2--1_0_0_-1-Iz-0_0.vasp,0.535,1.001877088
1BiClS-2-2--1_1_-1_0-Iz--0.67_-0.33.vasp,0.568,1.001877088
1BiClS-2-2--1_1_-1_0-Iz-0_0.vasp,0.779,1.001877088
1BiClS-2-2-1_-1_1_0--0.33_-0.67.vasp,0.727,1.001877088
1BiClS-2-2-1_-1_1_0--0.67_-0.33.vasp,0.666,1.001877088
1BiClS-2-2-1_-1_1_0-0_0.vasp,0.702,1.001877088
1BiClS-2-2-1_0_0_1--0.33_-0.67.vasp,0.699,1.001877088
1BiClS-2-2-1_0_0_1--0.67_-0.33.vasp,0.704,1.001877088
1BiClS-2-2-1_0_0_1-0_0.vasp,0.689,1.001877088
1BiClSe-1-2--1_0_0_-1-Iz--0.33_-0.67.vasp,0.915,1.235102827
1BiClSe-1-2--1_0_0_-1-Iz-0.33_-0.33.vasp,1.065,1.235102827
1BiClSe-1-2--1_0_0_-1-Iz-0_0.vasp,0.785,1.235102827
1BiClSe-1-2--1_1_-1_0-Iz--0.67_-0.33.vasp,0.789,1.235102827
1BiClSe-1-2--1_1_-1_0-Iz-0_0.vasp,1.049,1.235102827
1BiClSe-1-2-1_-1_1_0--0.33_-0.67.vasp,0.266,1.235102827
1BiClSe-1-2-1_-1_1_0-0.33_-0.33.vasp,0.23,1.235102827
1BiClSe-1-2-1_-1_1_0-0_0.vasp,0.228,1.235102827
1BiClSe-1-2-1_0_0_1--0.67_-0.33.vasp,0.272,1.235102827
1BiClSe-1-2-1_0_0_1-0_0.vasp,0.205,1.235102827
1BiClSe-2-2--1_0_0_-1-Iz--0.33_-0.67.vasp,0.414,0.850771441
1BiClSe-2-2--1_0_0_-1-Iz--0.67_-0.33.vasp,0.612,0.850771441
1BiClSe-2-2--1_0_0_-1-Iz-0_0.vasp,0.289,0.850771441
1BiClSe-2-2--1_1_-1_0-Iz--0.67_-0.33.vasp,0.343,0.850771441
1BiClSe-2-2--1_1_-1_0-Iz-0_0.vasp,0.626,0.850771441
1BiClSe-2-2-1_-1_1_0--0.33_-0.67.vasp,0.333,0.850771441
1BiClSe-2-2-1_-1_1_0--0.67_-0.33.vasp,0.265,0.850771441
1BiClSe-2-2-1_-1_1_0-0_0.vasp,0.251,0.850771441
1BiClSe-2-2-1_0_0_1--0.33_-0.67.vasp,0.311,0.850771441
1BiClSe-2-2-1_0_0_1--0.67_-0.33.vasp,0.249,0.850771441
1BiClSe-2-2-1_0_0_1-0_0.vasp,0.271,0.850771441
1BiClTe-1-2--1_0_0_-1-Iz--0.33_-0.67.vasp,0.199,0.599499779
1BiClTe-1-2--1_0_0_-1-Iz--0.67_-0.33.vasp,0.46,0.599499779
1BiClTe-1-2--1_0_0_-1-Iz-0_0.vasp,0.074,0.599499779
1BiClTe-1-2--1_1_-1_0-Iz--0.67_-0.33.vasp,0.144,0.599499779
1BiClTe-1-2--1_1_-1_0-Iz-0_0.vasp,0.472,0.599499779
1BiClTe-1-2-1_-1_1_0--0.33_-0.67.vasp,0.014,0.599499779
1BiClTe-1-2-1_-1_1_0--0.67_-0.33.vasp,0.011,0.599499779
1BiClTe-1-2-1_0_0_1--0.33_-0.67.vasp,0.0,0.599499779
1BiClTe-1-2-1_0_0_1-0_0.vasp,0.018,0.599499779
1BiClTe-2-2--1_0_0_-1-Iz--0.33_-0.67.vasp,0.412,0.530681918
1BiClTe-2-2--1_0_0_-1-Iz-0.33_-0.33.vasp,0.502,0.530681918
1BiClTe-2-2--1_0_0_-1-Iz-0_0.vasp,0.371,0.530681918
1BiClTe-2-2--1_1_-1_0-Iz--0.67_-0.33.vasp,0.358,0.530681918
1BiClTe-2-2--1_1_-1_0-Iz-0_0.vasp,0.508,0.530681918
1BiClTe-2-2-1_-1_1_0--0.33_-0.67.vasp,0.0,0.530681918
1BiClTe-2-2-1_-1_1_0-0.33_-0.33.vasp,0.0,0.530681918
1BiClTe-2-2-1_-1_1_0-0_0.vasp,0.0,0.530681918
1BiClTe-2-2-1_0_0_1--0.67_-0.33.vasp,0.0,0.530681918
1BiClTe-2-2-1_0_0_1-0.67_0.33.vasp,0.023,0.530681918
1BiClTe-2-2-1_0_0_1-0_0.vasp,0.0,0.530681918
1BiIS-1-2--1_0_0_-1-Iz--0.33_-0.67.vasp,0.428,0.401052907
1BiIS-1-2--1_0_0_-1-Iz-0.33_-0.33.vasp,0.421,0.401052907
1BiIS-1-2--1_0_0_-1-Iz-0_0.vasp,0.327,0.401052907
1BiIS-1-2--1_1_-1_0-Iz--0.67_-0.33.vasp,0.358,0.401052907
1BiIS-1-2--1_1_-1_0-Iz-0_0.vasp,0.42,0.401052907
1BiIS-1-2-1_-1_1_0--0.33_-0.67.vasp,0.357,0.401052907
1BiIS-1-2-1_-1_1_0-0.33_-0.33.vasp,0.307,0.401052907
1BiIS-1-2-1_-1_1_0-0_0.vasp,0.344,0.401052907
1BiIS-1-2-1_0_0_1--0.67_-0.33.vasp,0.347,0.401052907
1BiIS-1-2-1_0_0_1-0.67_0.33.vasp,0.338,0.401052907
1BiIS-1-2-1_0_0_1-0_0.vasp,0.311,0.401052907
1BiIS-2-2--1_0_0_-1-Iz--0.33_-0.67.vasp,0.606,0.7774808
1BiIS-2-2--1_0_0_-1-Iz-0_0.vasp,0.546,0.7774808
1BiIS-2-2--1_1_-1_0-Iz--0.67_-0.33.vasp,0.519,0.7774808
1BiIS-2-2-1_-1_1_0--0.33_-0.67.vasp,0.496,0.7774808
1BiIS-2-2-1_-1_1_0--0.67_-0.33.vasp,0.527,0.7774808
1BiIS-2-2-1_-1_1_0-0_0.vasp,0.344,0.7774808
1BiIS-2-2-1_0_0_1--0.33_-0.67.vasp,0.517,0.7774808
1BiIS-2-2-1_0_0_1-0_0.vasp,0.512,0.7774808
1BiISe-2-2--1_0_0_-1-Iz--0.33_-0.67.vasp,0.31,0.607278882
1BiISe-2-2--1_0_0_-1-Iz--0.67_-0.33.vasp,0.415,0.607278882
1BiISe-2-2--1_0_0_-1-Iz-0_0.vasp,0.112,0.607278882
1BiISe-2-2--1_1_-1_0-Iz--0.67_-0.33.vasp,0.21,0.607278882
1BiISe-2-2--1_1_-1_0-Iz-0_0.vasp,0.427,0.607278882
1BiISe-2-2-1_-1_1_0--0.33_-0.67.vasp,0.445,0.607278882
1BiISe-2-2-1_-1_1_0--0.67_-0.33.vasp,0.456,0.607278882
1BiISe-2-2-1_-1_1_0-0_0.vasp,0.461,0.607278882
1BiISe-2-2-1_0_0_1--0.33_-0.67.vasp,0.462,0.607278882
1BiISe-2-2-1_0_0_1--0.67_-0.33.vasp,0.465,0.607278882
1BiISe-2-2-1_0_0_1-0_0.vasp,0.467,0.607278882
1BiITe-1-2--1_0_0_-1-Iz--0.33_-0.67.vasp,0.005,0.412484367
1BiITe-1-2--1_0_0_-1-Iz--0.67_-0.33.vasp,0.247,0.412484367
1BiITe-1-2--1_0_0_-1-Iz-0_0.vasp,0.202,0.412484367
1BiITe-1-2--1_1_-1_0-Iz--0.67_-0.33.vasp,0.124,0.412484367
1BiITe-1-2--1_1_-1_0-Iz-0_0.vasp,0.229,0.412484367
1BiITe-1-2-1_-1_1_0--0.33_-0.67.vasp,0.05,0.412484367
1BiITe-1-2-1_-1_1_0--0.67_-0.33.vasp,0.056,0.412484367
1BiITe-1-2-1_-1_1_0-0_0.vasp,0.118,0.412484367
1BiITe-1-2-1_0_0_1--0.67_-0.33.vasp,0.108,0.412484367
1BiITe-1-2-1_0_0_1-0_0.vasp,0.057,0.412484367
1BrClHf-1-2--1_0_0_-1-Iz--0.33_-0.67.vasp,0.757,0.832303196
1BrClHf-1-2--1_0_0_-1-Iz-0.33_-0.33.vasp,0.769,0.832303196
1BrClHf-1-2--1_0_0_-1-Iz-0_0.vasp,0.771,0.832303196
1BrClHf-1-2--1_1_-1_0-Iz--0.67_-0.33.vasp,0.726,0.832303196
1BrClHf-1-2--1_1_-1_0-Iz-0_0.vasp,0.711,0.832303196
1BrClHf-1-2-1_-1_1_0--0.33_-0.67.vasp,0.489,0.832303196
1BrClHf-1-2-1_-1_1_0-0.33_-0.33.vasp,0.473,0.832303196
1BrClHf-1-2-1_-1_1_0-0_0.vasp,0.483,0.832303196
1BrClHf-1-2-1_0_0_1--0.67_-0.33.vasp,0.504,0.832303196
1BrClHf-1-2-1_0_0_1-0.67_0.33.vasp,0.46,0.832303196
1BrClTi-1-2--1_0_0_-1-Iz--0.33_-0.67.vasp,0.746,0.829768742
1BrClTi-1-2--1_0_0_-1-Iz-0.33_-0.33.vasp,0.761,0.829768742
1BrClTi-1-2--1_0_0_-1-Iz-0_0.vasp,0.763,0.829768742
1BrClTi-1-2--1_1_-1_0-Iz--0.67_-0.33.vasp,0.747,0.829768742
1BrClTi-1-2--1_1_-1_0-Iz-0_0.vasp,0.745,0.829768742
1BrClTi-1-2-1_-1_1_0--0.33_-0.67.vasp,0.416,0.829768742
1BrClTi-1-2-1_-1_1_0-0.33_-0.33.vasp,0.414,0.829768742
1BrClTi-1-2-1_-1_1_0-0_0.vasp,0.415,0.829768742
1BrClTi-1-2-1_0_0_1--0.67_-0.33.vasp,0.428,0.829768742
1BrClTi-1-2-1_0_0_1-0.67_0.33.vasp,0.396,0.829768742
1BrClV-1-2--1_0_0_-1-Iz--0.33_-0.67.vasp,4.504,1.28941058
1BrClV-1-2--1_0_0_-1-Iz-0_0.vasp,4.406,1.28941058
1BrClV-1-2--1_1_-1_0-Iz--0.67_-0.33.vasp,4.405,1.28941058
1BrClV-1-2-1_-1_1_0--0.67_-0.33.vasp,4.513,1.28941058
1BrClV-1-2-1_0_0_1--0.33_-0.67.vasp,4.392,1.28941058
1BrClV-1-2-1_0_0_1-0.67_0.33.vasp,4.392,1.28941058
1BrClZr-1-2--1_0_0_-1-Iz--0.33_-0.67.vasp,0.809,0.911907677
1BrClZr-1-2--1_0_0_-1-Iz-0.33_-0.33.vasp,0.817,0.911907677
1BrClZr-1-2--1_0_0_-1-Iz-0_0.vasp,0.823,0.911907677
1BrClZr-1-2--1_1_-1_0-Iz--0.67_-0.33.vasp,0.801,0.911907677
1BrClZr-1-2--1_1_-1_0-Iz-0_0.vasp,0.795,0.911907677
1BrClZr-1-2-1_-1_1_0--0.33_-0.67.vasp,0.537,0.911907677
1BrClZr-1-2-1_-1_1_0-0.33_-0.33.vasp,0.525,0.911907677
1BrClZr-1-2-1_-1_1_0-0_0.vasp,0.534,0.911907677
1BrClZr-1-2-1_0_0_1--0.67_-0.33.vasp,0.553,0.911907677
1BrClZr-1-2-1_0_0_1-0.67_0.33.vasp,0.512,0.911907677
1BrHfI-1-2--1_0_0_-1-Iz--0.33_-0.67.vasp,0.65,0.713127531
1BrHfI-1-2--1_0_0_-1-Iz-0.33_-0.33.vasp,0.651,0.713127531
1BrHfI-1-2--1_0_0_-1-Iz-0_0.vasp,0.655,0.713127531
1BrHfI-1-2--1_1_-1_0-Iz--0.67_-0.33.vasp,0.61,0.713127531
1BrHfI-1-2--1_1_-1_0-Iz-0_0.vasp,0.609,0.713127531
1BrHfI-1-2-1_-1_1_0--0.33_-0.67.vasp,0.357,0.713127531
1BrHfI-1-2-1_-1_1_0-0.33_-0.33.vasp,0.354,0.713127531
1BrHfI-1-2-1_-1_1_0-0_0.vasp,0.365,0.713127531
1BrHfI-1-2-1_0_0_1--0.67_-0.33.vasp,0.32,0.713127531
1BrHfI-1-2-1_0_0_1-0.67_0.33.vasp,0.392,0.713127531
1BrHfI-1-2-1_0_0_1-0_0.vasp,0.362,0.713127531
1BrITi-1-2--1_0_0_-1-Iz--0.33_-0.67.vasp,0.64,0.678962687
1BrITi-1-2--1_0_0_-1-Iz-0_0.vasp,0.647,0.678962687
1BrITi-1-2--1_1_-1_0-Iz--0.67_-0.33.vasp,0.62,0.678962687
1BrITi-1-2--1_1_-1_0-Iz-0_0.vasp,0.631,0.678962687
1BrITi-1-2-1_-1_1_0--0.33_-0.67.vasp,0.277,0.678962687
1BrITi-1-2-1_-1_1_0-0.33_-0.33.vasp,0.28,0.678962687
1BrITi-1-2-1_-1_1_0-0_0.vasp,0.283,0.678962687
1BrITi-1-2-1_0_0_1--0.67_-0.33.vasp,0.259,0.678962687
1BrITi-1-2-1_0_0_1-0.67_0.33.vasp,0.293,0.678962687
1BrITi-1-2-1_0_0_1-0_0.vasp,0.281,0.678962687
1BrIV-1-2--1_0_0_-1-Iz--0.33_-0.67.vasp,3.783,1.188397112
1BrIV-1-2--1_0_0_-1-Iz-0_0.vasp,3.725,1.188397112
1BrIV-1-2--1_1_-1_0-Iz--0.67_-0.33.vasp,3.717,1.188397112
1BrIV-1-2-1_-1_1_0--0.67_-0.33.vasp,3.551,1.188397112
1BrIV-1-2-1_0_0_1--0.33_-0.67.vasp,3.563,1.188397112
1BrIV-1-2-1_0_0_1-0.67_0.33.vasp,3.73,1.188397112
1BrIZr-1-2--1_0_0_-1-Iz--0.33_-0.67.vasp,0.699,0.773712656
1BrIZr-1-2--1_0_0_-1-Iz-0.33_-0.33.vasp,0.7,0.773712656
1BrIZr-1-2--1_0_0_-1-Iz-0_0.vasp,0.706,0.773712656
1BrIZr-1-2--1_1_-1_0-Iz--0.67_-0.33.vasp,0.684,0.773712656
1BrIZr-1-2--1_1_-1_0-Iz-0_0.vasp,0.685,0.773712656
1BrIZr-1-2-1_-1_1_0--0.33_-0.67.vasp,0.383,0.773712656
1BrIZr-1-2-1_-1_1_0-0.33_-0.33.vasp,0.379,0.773712656
1BrIZr-1-2-1_-1_1_0-0_0.vasp,0.389,0.773712656
1BrIZr-1-2-1_0_0_1--0.67_-0.33.vasp,0.354,0.773712656
1BrIZr-1-2-1_0_0_1-0.67_0.33.vasp,0.406,0.773712656
1BrIZr-1-2-1_0_0_1-0_0.vasp,0.384,0.773712656
1BrSSb-2-2--1_0_0_-1-Iz--0.33_-0.67.vasp,1.053,1.217321138
1BrSSb-2-2--1_0_0_-1-Iz--0.67_-0.33.vasp,1.081,1.217321138
1BrSSb-2-2--1_0_0_-1-Iz-0_0.vasp,1.079,1.217321138
1BrSSb-2-2--1_1_-1_0-Iz--0.67_-0.33.vasp,1.041,1.217321138
1BrSSb-2-2-1_-1_1_0--0.33_-0.67.vasp,1.14,1.217321138
1BrSSb-2-2-1_-1_1_0--0.67_-0.33.vasp,1.113,1.217321138
1BrSSb-2-2-1_-1_1_0-0_0.vasp,1.132,1.217321138
1BrSSb-2-2-1_0_0_1--0.33_-0.67.vasp,1.13,1.217321138
1BrSSb-2-2-1_0_0_1--0.67_-0.33.vasp,1.129,1.217321138
1BrSSb-2-2-1_0_0_1-0_0.vasp,1.128,1.217321138
1BrSbTe-1-2--1_0_0_-1-Iz--0.33_-0.67.vasp,0.768,1.051692278
1BrSbTe-1-2--1_0_0_-1-Iz--0.67_-0.33.vasp,0.858,1.051692278
1BrSbTe-1-2--1_0_0_-1-Iz-0_0.vasp,0.646,1.051692278
1BrSbTe-1-2--1_1_-1_0-Iz--0.67_-0.33.vasp,0.706,1.051692278
1BrSbTe-1-2--1_1_-1_0-Iz-0_0.vasp,0.856,1.051692278
1BrSbTe-1-2-1_-1_1_0--0.33_-0.67.vasp,0.32,1.051692278
1BrSbTe-1-2-1_-1_1_0--0.67_-0.33.vasp,0.301,1.051692278
1BrSbTe-1-2-1_-1_1_0-0_0.vasp,0.229,1.051692278
1BrSbTe-1-2-1_0_0_1--0.33_-0.67.vasp,0.306,1.051692278
1BrSbTe-1-2-1_0_0_1--0.67_-0.33.vasp,0.228,1.051692278
1BrSbTe-1-2-1_0_0_1-0_0.vasp,0.301,1.051692278
1BrSbTe-2-2--1_0_0_-1-Iz--0.33_-0.67.vasp,0.928,1.318948725
1BrSbTe-2-2--1_0_0_-1-Iz-0_0.vasp,1.129,1.318948725
1BrSbTe-2-2--1_1_-1_0-Iz--0.67_-0.33.vasp,1.03,1.318948725
1BrSbTe-2-2-1_-1_1_0--0.33_-0.67.vasp,0.152,1.318948725
1BrSbTe-2-2-1_-1_1_0-0_0.vasp,0.215,1.318948725
1ClHfI-1-2--1_0_0_-1-Iz--0.33_-0.67.vasp,0.817,0.813784506
1ClHfI-1-2--1_0_0_-1-Iz-0.33_-0.33.vasp,0.809,0.813784506
1ClHfI-1-2--1_0_0_-1-Iz-0_0.vasp,0.819,0.813784506
1ClHfI-1-2--1_1_-1_0-Iz--0.67_-0.33.vasp,0.786,0.813784506
1ClHfI-1-2--1_1_-1_0-Iz-0_0.vasp,0.776,0.813784506
1ClHfI-1-2-1_-1_1_0--0.33_-0.67.vasp,0.214,0.813784506
1ClHfI-1-2-1_-1_1_0-0.33_-0.33.vasp,0.208,0.813784506
1ClHfI-1-2-1_-1_1_0-0_0.vasp,0.206,0.813784506
1ClHfI-1-2-1_0_0_1--0.67_-0.33.vasp,0.181,0.813784506
1ClHfI-1-2-1_0_0_1-0.67_0.33.vasp,0.221,0.813784506
1ClHfI-1-2-1_0_0_1-0_0.vasp,0.213,0.813784506
1ClITi-1-2--1_0_0_-1-Iz--0.33_-0.67.vasp,0.746,0.744976642
1ClITi-1-2--1_0_0_-1-Iz-0.33_-0.33.vasp,0.743,0.744976642
1ClITi-1-2--1_0_0_-1-Iz-0_0.vasp,0.746,0.744976642
1ClITi-1-2--1_1_-1_0-Iz--0.67_-0.33.vasp,0.731,0.744976642
1ClITi-1-2--1_1_-1_0-Iz-0_0.vasp,0.735,0.744976642
1ClITi-1-2-1_-1_1_0--0.33_-0.67.vasp,0.183,0.744976642
1ClITi-1-2-1_-1_1_0-0.33_-0.33.vasp,0.197,0.744976642
1ClITi-1-2-1_-1_1_0-0_0.vasp,0.185,0.744976642
1ClITi-1-2-1_0_0_1--0.67_-0.33.vasp,0.173,0.744976642
1ClITi-1-2-1_0_0_1-0.67_0.33.vasp,0.188,0.744976642
1ClITi-1-2-1_0_0_1-0_0.vasp,0.199,0.744976642
1ClIV-1-2--1_0_0_-1-Iz--0.33_-0.67.vasp,3.691,1.099643943
1ClIV-1-2--1_0_0_-1-Iz-0_0.vasp,3.617,1.099643943
1ClIV-1-2--1_1_-1_0-Iz--0.67_-0.33.vasp,3.658,1.099643943
1ClIV-1-2-1_-1_1_0--0.67_-0.33.vasp,3.397,1.099643943
1ClIV-1-2-1_0_0_1--0.33_-0.67.vasp,3.406,1.099643943
1ClIV-1-2-1_0_0_1-0.67_0.33.vasp,3.615,1.099643943
1ClIZr-1-2--1_0_0_-1-Iz--0.33_-0.67.vasp,0.842,0.876759755
1ClIZr-1-2--1_0_0_-1-Iz-0_0.vasp,0.847,0.876759755
1ClIZr-1-2--1_1_-1_0-Iz--0.67_-0.33.vasp,0.837,0.876759755
1ClIZr-1-2--1_1_-1_0-Iz-0_0.vasp,0.827,0.876759755
1ClIZr-1-2-1_-1_1_0--0.33_-0.67.vasp,0.224,0.876759755
1ClIZr-1-2-1_-1_1_0-0.33_-0.33.vasp,0.231,0.876759755
1ClIZr-1-2-1_-1_1_0-0_0.vasp,0.219,0.876759755
1ClIZr-1-2-1_0_0_1--0.67_-0.33.vasp,0.204,0.876759755
1ClIZr-1-2-1_0_0_1-0.67_0.33.vasp,0.226,0.876759755
1ClIZr-1-2-1_0_0_1-0_0.vasp,0.231,0.876759755
1ClSbSe-1-2--1_0_0_-1-Iz--0.33_-0.67.vasp,0.888,1.17164036
1ClSbSe-1-2--1_0_0_-1-Iz--0.67_-0.33.vasp,0.945,1.17164036
1ClSbSe-1-2--1_0_0_-1-Iz-0_0.vasp,0.786,1.17164036
1ClSbSe-1-2--1_1_-1_0-Iz--0.67_-0.33.vasp,0.83,1.17164036
1ClSbSe-1-2--1_1_-1_0-Iz-0_0.vasp,0.943,1.17164036
1ClSbSe-1-2-1_-1_1_0--0.33_-0.67.vasp,0.526,1.17164036
1ClSbSe-1-2-1_-1_1_0--0.67_-0.33.vasp,0.475,1.17164036
1ClSbSe-1-2-1_0_0_1--0.33_-0.67.vasp,0.501,1.17164036
1ClSbSe-1-2-1_0_0_1--0.67_-0.33.vasp,0.399,1.17164036
1ClSbSe-1-2-1_0_0_1-0_0.vasp,0.486,1.17164036
1ClSbSe-2-2--1_0_0_-1-Iz--0.33_-0.67.vasp,1.32,1.673512439
1ClSbSe-2-2--1_0_0_-1-Iz-0.33_-0.33.vasp,1.422,1.673512439
1ClSbSe-2-2--1_0_0_-1-Iz-0_0.vasp,1.402,1.673512439
1ClSbSe-2-2--1_1_-1_0-Iz--0.67_-0.33.vasp,1.352,1.673512439
1ClSbSe-2-2--1_1_-1_0-Iz-0_0.vasp,1.369,1.673512439
1ClSbSe-2-2-1_-1_1_0--0.33_-0.67.vasp,0.489,1.673512439
1ClSbSe-2-2-1_-1_1_0-0.33_-0.33.vasp,0.508,1.673512439
1ClSbSe-2-2-1_-1_1_0-0_0.vasp,0.462,1.673512439
1ClSbSe-2-2-1_0_0_1--0.67_-0.33.vasp,0.554,1.673512439
1ClSbSe-2-2-1_0_0_1-0.67_0.33.vasp,0.563,1.673512439
1CrSSe-1-2--1_0_0_-1-Iz--0.33_-0.67.vasp,0.329,0.781991378
1CrSSe-1-2--1_1_-1_0-Iz--0.67_-0.33.vasp,0.276,0.781991378
1CrSSe-1-2-1_-1_1_0--0.33_-0.67.vasp,0.203,0.781991378
1CrSSe-1-2-1_-1_1_0-0.67_0.33.vasp,0.73,0.781991378
1CrSSe-1-2-1_-1_1_0-0_0.vasp,0.225,0.781991378
1CrSSe-1-2-1_0_0_1--0.67_-0.33.vasp,0.19,0.781991378
1CrSSe-1-2-1_0_0_1-0.67_0.33.vasp,0.223,0.781991378
1CrSTe-1-2-1_-1_1_0--0.33_-0.67.vasp,0.26,0.261206256
1CrSTe-1-2-1_-1_1_0-0.67_0.33.vasp,0.26,0.261206256
1CrSeTe-1-2--1_0_0_-1-Iz-0_0.vasp,0.011,0.57217765
1CrSeTe-1-2--1_1_-1_0-Iz--0.67_-0.33.vasp,0.003,0.57217765
1CrSeTe-1-2-1_-1_1_0--0.33_-0.67.vasp,0.153,0.57217765
1CrSeTe-1-2-1_-1_1_0-0.67_0.33.vasp,0.566,0.57217765
1CrSeTe-1-2-1_0_0_1--0.67_-0.33.vasp,0.55,0.57217765
1CrSeTe-1-2-1_0_0_1-0.67_0.33.vasp,0.55,0.57217765
1HfSSe-1-2--1_0_0_-1-Iz--0.33_-0.67.vasp,0.518,0.68359345
1HfSSe-1-2--1_0_0_-1-Iz--0.67_-0.33.vasp,0.59,0.68359345
1HfSSe-1-2--1_0_0_-1-Iz-0_0.vasp,0.622,0.68359345
1HfSSe-1-2--1_1_-1_0-Iz--0.67_-0.33.vasp,0.631,0.68359345
1HfSSe-1-2-1_-1_1_0--0.33_-0.67.vasp,0.627,0.68359345
1HfSSe-1-2-1_-1_1_0--0.67_-0.33.vasp,0.623,0.68359345
1HfSSe-1-2-1_-1_1_0-0_0.vasp,0.57,0.68359345
1HfSSe-1-2-1_0_0_1--0.33_-0.67.vasp,0.553,0.68359345
1HfSSe-1-2-1_0_0_1--0.67_-0.33.vasp,0.595,0.68359345
1HfSSe-1-2-1_0_0_1-0_0.vasp,0.625,0.68359345
1HfSSe-2-2--1_0_0_-1-Iz--0.33_-0.67.vasp,0.691,0.88681662
1HfSSe-2-2--1_0_0_-1-Iz-0_0.vasp,0.739,0.88681662
1HfSSe-2-2--1_1_-1_0-Iz--0.67_-0.33.vasp,0.713,0.88681662
1HfSSe-2-2--1_1_-1_0-Iz-0_0.vasp,0.686,0.88681662
1HfSSe-2-2-1_-1_1_0--0.33_-0.67.vasp,0.62,0.88681662
1HfSSe-2-2-1_-1_1_0-0.33_-0.33.vasp,0.678,0.88681662
1HfSSe-2-2-1_-1_1_0-0_0.vasp,0.624,0.88681662
1HfSSe-2-2-1_0_0_1--0.67_-0.33.vasp,0.678,0.88681662
1HfSSe-2-2-1_0_0_1-0.67_0.33.vasp,0.6,0.88681662
1HfSSe-2-2-1_0_0_1-0_0.vasp,0.629,0.88681662
1HfSTe-1-2--1_0_0_-1-Iz--0.33_-0.67.vasp,0.0,0.038424547
1HfSTe-1-2--1_0_0_-1-Iz-0.33_-0.33.vasp,0.015,0.038424547
1HfSTe-1-2--1_0_0_-1-Iz-0_0.vasp,0.0,0.038424547
1HfSTe-1-2--1_1_-1_0-Iz--0.67_-0.33.vasp,0.028,0.038424547
1HfSTe-1-2--1_1_-1_0-Iz-0_0.vasp,0.0,0.038424547
1HfSTe-1-2-1_-1_1_0--0.33_-0.67.vasp,0.0,0.038424547
1HfSTe-1-2-1_-1_1_0-0.33_-0.33.vasp,0.013,0.038424547
1HfSTe-1-2-1_-1_1_0-0_0.vasp,0.0,0.038424547
1HfSTe-1-2-1_0_0_1--0.67_-0.33.vasp,0.0,0.038424547
1HfSTe-1-2-1_0_0_1-0.67_0.33.vasp,0.0,0.038424547
1HfSTe-1-2-1_0_0_1-0_0.vasp,0.0,0.038424547
1HfSTe-2-2--1_0_0_-1-Iz--0.33_-0.67.vasp,0.0,0.0
1HfSTe-2-2--1_0_0_-1-Iz--0.67_-0.33.vasp,0.0,0.0
1HfSTe-2-2--1_0_0_-1-Iz-0_0.vasp,0.0,0.0
1HfSTe-2-2--1_1_-1_0-Iz--0.67_-0.33.vasp,0.0,0.0
1HfSTe-2-2--1_1_-1_0-Iz-0_0.vasp,0.0,0.0
1HfSTe-2-2-1_-1_1_0--0.33_-0.67.vasp,0.0,0.0
1HfSTe-2-2-1_-1_1_0--0.67_-0.33.vasp,0.0,0.0
1HfSTe-2-2-1_-1_1_0-0_0.vasp,0.0,0.0
1HfSTe-2-2-1_0_0_1--0.33_-0.67.vasp,0.0,0.0
1HfSTe-2-2-1_0_0_1--0.67_-0.33.vasp,0.0,0.0
1HfSTe-2-2-1_0_0_1-0_0.vasp,0.0,0.0
1HfSeTe-2-2--1_0_0_-1-Iz--0.33_-0.67.vasp,0.0,0.0
1HfSeTe-2-2--1_0_0_-1-Iz--0.67_-0.33.vasp,0.0,0.0
1HfSeTe-2-2--1_0_0_-1-Iz-0_0.vasp,0.0,0.0
1HfSeTe-2-2--1_1_-1_0-Iz--0.67_-0.33.vasp,0.0,0.0
1HfSeTe-2-2--1_1_-1_0-Iz-0_0.vasp,0.0,0.0
1HfSeTe-2-2-1_-1_1_0--0.33_-0.67.vasp,0.0,0.0
1HfSeTe-2-2-1_-1_1_0--0.67_-0.33.vasp,0.0,0.0
1HfSeTe-2-2-1_-1_1_0-0_0.vasp,0.0,0.0
1HfSeTe-2-2-1_0_0_1--0.33_-0.67.vasp,0.0,0.0
1HfSeTe-2-2-1_0_0_1--0.67_-0.33.vasp,0.0,0.0
1HfSeTe-2-2-1_0_0_1-0_0.vasp,0.0,0.0
1ISbSe-1-2--1_0_0_-1-Iz--0.33_-0.67.vasp,0.747,1.006599965
1ISbSe-1-2--1_0_0_-1-Iz-0.33_-0.33.vasp,0.845,1.006599965
1ISbSe-1-2--1_0_0_-1-Iz-0_0.vasp,0.82,1.006599965
1ISbSe-1-2--1_1_-1_0-Iz--0.67_-0.33.vasp,0.698,1.006599965
1ISbSe-1-2--1_1_-1_0-Iz-0_0.vasp,0.771,1.006599965
1ISbSe-1-2-1_-1_1_0--0.33_-0.67.vasp,0.597,1.006599965
1ISbSe-1-2-1_-1_1_0-0_0.vasp,0.579,1.006599965
1ISbSe-1-2-1_0_0_1--0.67_-0.33.vasp,0.658,1.006599965
1ISbSe-1-2-1_0_0_1-0.67_0.33.vasp,0.583,1.006599965
1ISbSe-1-2-1_0_0_1-0_0.vasp,0.682,1.006599965
1ISbSe-2-2--1_0_0_-1-Iz--0.33_-0.67.vasp,0.825,1.011790027
1ISbSe-2-2--1_0_0_-1-Iz--0.67_-0.33.vasp,0.85,1.011790027
1ISbSe-2-2--1_0_0_-1-Iz-0_0.vasp,0.717,1.011790027
1ISbSe-2-2--1_1_-1_0-Iz--0.67_-0.33.vasp,0.752,1.011790027
1ISbSe-2-2--1_1_-1_0-Iz-0_0.vasp,0.845,1.011790027
1ISbSe-2-2-1_-1_1_0--0.33_-0.67.vasp,0.906,1.011790027
1ISbSe-2-2-1_-1_1_0--0.67_-0.33.vasp,0.904,1.011790027
1ISbSe-2-2-1_-1_1_0-0_0.vasp,0.856,1.011790027
1ISbSe-2-2-1_0_0_1--0.33_-0.67.vasp,0.915,1.011790027
1ISbSe-2-2-1_0_0_1--0.67_-0.33.vasp,0.866,1.011790027
1ISbSe-2-2-1_0_0_1-0_0.vasp,0.918,1.011790027
1ISbTe-1-2--1_0_0_-1-Iz--0.33_-0.67.vasp,0.601,1.01063349
1ISbTe-1-2--1_0_0_-1-Iz-0.33_-0.33.vasp,0.89,1.01063349
1ISbTe-1-2--1_0_0_-1-Iz-0_0.vasp,0.666,1.01063349
1ISbTe-1-2--1_1_-1_0-Iz--0.67_-0.33.vasp,0.677,1.01063349
1ISbTe-1-2--1_1_-1_0-Iz-0_0.vasp,0.7,1.01063349
1ISbTe-1-2-1_-1_1_0--0.33_-0.67.vasp,0.193,1.01063349
1ISbTe-1-2-1_-1_1_0-0.33_-0.33.vasp,0.296,1.01063349
1ISbTe-1-2-1_-1_1_0-0_0.vasp,0.248,1.01063349
1ISbTe-1-2-1_0_0_1--0.67_-0.33.vasp,0.314,1.01063349
1ISbTe-1-2-1_0_0_1-0.67_0.33.vasp,0.239,1.01063349
1ISbTe-2-2--1_0_0_-1-Iz--0.33_-0.67.vasp,0.57,0.837731632
1ISbTe-2-2--1_0_0_-1-Iz--0.67_-0.33.vasp,0.669,0.837731632
1ISbTe-2-2--1_0_0_-1-Iz-0_0.vasp,0.375,0.837731632
1ISbTe-2-2--1_1_-1_0-Iz--0.67_-0.33.vasp,0.477,0.837731632
1ISbTe-2-2--1_1_-1_0-Iz-0_0.vasp,0.673,0.837731632
1ISbTe-2-2-1_-1_1_0--0.33_-0.67.vasp,0.393,0.837731632
1ISbTe-2-2-1_-1_1_0--0.67_-0.33.vasp,0.423,0.837731632
1ISbTe-2-2-1_0_0_1--0.33_-0.67.vasp,0.422,0.837731632
1ISbTe-2-2-1_0_0_1--0.67_-0.33.vasp,0.449,0.837731632
1ISbTe-2-2-1_0_0_1-0_0.vasp,0.408,0.837731632
1MoOS-1-2--1_0_0_-1--0.14_-0.57.vasp,0.0,1.060118401
1MoOS-1-2--1_0_0_-1--0.8_-0.9.vasp,0.0,1.060118401
1MoOS-1-2--1_0_0_-1-0.53_-0.24.vasp,0.0,1.060118401
1MoOS-1-2--1_0_0_-1-Iz--0.14_-0.57.vasp,0.803,1.060118401
1MoOS-1-2--1_0_0_-1-Iz--0.8_-0.9.vasp,0.7,1.060118401
1MoOS-1-2--1_0_0_-1-Iz-0.53_-0.24.vasp,0.782,1.060118401
1MoOS-1-2-1_-1_0_-1-0.5_0.vasp,0.0,1.060118401
1MoOS-1-2-1_-1_0_-1-Iz-0.5_0.vasp,0.775,1.060118401
1MoOS-1-2-1_0_0_1--0.67_-0.33.vasp,0.0,1.060118401
1MoOS-1-2-1_0_0_1-0.5_0.vasp,0.0,1.060118401
1MoOS-1-2-1_0_0_1-0.67_0.33.vasp,0.0,1.060118401
1MoOS-1-2-1_0_0_1-0_0.vasp,0.0,1.060118401
1MoOS-1-2-1_0_0_1-Iz--0.67_-0.33.vasp,0.747,1.060118401
1MoOS-1-2-1_0_0_1-Iz-0.5_0.vasp,0.755,1.060118401
1MoSSe-1-2--1_0_0_-1-Iz--0.33_-0.67.vasp,0.9,1.452982616
1MoSSe-1-2--1_0_0_-1-Iz-0.33_-0.33.vasp,1.112,1.452982616
1MoSSe-1-2--1_0_0_-1-Iz-0_0.vasp,0.869,1.452982616
1MoSSe-1-2--1_1_-1_0-Iz--0.67_-0.33.vasp,0.817,1.452982616
1MoSSe-1-2--1_1_-1_0-Iz-0_0.vasp,1.129,1.452982616
1MoSSe-1-2-1_-1_1_0--0.33_-0.67.vasp,0.704,1.452982616
1MoSSe-1-2-1_-1_1_0-0.33_-0.33.vasp,0.77,1.452982616
1MoSSe-1-2-1_-1_1_0-0_0.vasp,0.73,1.452982616
1MoSSe-1-2-1_0_0_1--0.67_-0.33.vasp,0.66,1.452982616
1MoSSe-1-2-1_0_0_1-0.67_0.33.vasp,0.739,1.452982616
1MoSSe-1-2-1_0_0_1-0_0.vasp,0.777,1.452982616
1MoSTe-1-2--1_0_0_-1-Iz--0.33_-0.67.vasp,0.32,0.992452026
1MoSTe-1-2--1_0_0_-1-Iz-0_0.vasp,0.195,0.992452026
1MoSTe-1-2--1_1_-1_0-Iz--0.67_-0.33.vasp,0.206,0.992452026
1MoSTe-1-2-1_-1_1_0--0.33_-0.67.vasp,0.07,0.992452026
1MoSTe-1-2-1_-1_1_0-0.33_-0.33.vasp,0.107,0.992452026
1MoSTe-1-2-1_-1_1_0-0_0.vasp,0.101,0.992452026
1MoSTe-1-2-1_0_0_1--0.67_-0.33.vasp,0.063,0.992452026
1MoSTe-1-2-1_0_0_1-0.67_0.33.vasp,0.086,0.992452026
1MoSTe-1-2-1_0_0_1-0_0.vasp,0.116,0.992452026
1MoSeTe-1-2--1_0_0_-1-Iz--0.33_-0.67.vasp,0.658,1.135952912
1MoSeTe-1-2--1_0_0_-1-Iz-0.33_-0.33.vasp,0.898,1.135952912
1MoSeTe-1-2--1_0_0_-1-Iz-0_0.vasp,0.603,1.135952912
1MoSeTe-1-2--1_1_-1_0-Iz--0.67_-0.33.vasp,0.554,1.135952912
1MoSeTe-1-2-1_-1_1_0--0.33_-0.67.vasp,0.611,1.135952912
1MoSeTe-1-2-1_-1_1_0-0.33_-0.33.vasp,0.584,1.135952912
1MoSeTe-1-2-1_-1_1_0-0_0.vasp,0.643,1.135952912
1MoSeTe-1-2-1_0_0_1--0.67_-0.33.vasp,0.549,1.135952912
1MoSeTe-1-2-1_0_0_1-0.67_0.33.vasp,0.672,1.135952912
1MoSeTe-1-2-1_0_0_1-0_0.vasp,0.595,1.135952912
1NbSSe-1-2--1_0_0_-1-Iz--0.33_-0.67.vasp,0.0,0.0
1NbSSe-1-2--1_0_0_-1-Iz--0.67_-0.33.vasp,0.0,0.0
1NbSSe-1-2--1_0_0_-1-Iz-0_0.vasp,0.0,0.0
1NbSSe-1-2--1_1_-1_0-Iz--0.67_-0.33.vasp,0.0,0.0
1NbSSe-1-2--1_1_-1_0-Iz-0_0.vasp,0.0,0.0
1NbSSe-1-2-1_-1_1_0--0.33_-0.67.vasp,0.0,0.0
1NbSSe-1-2-1_-1_1_0--0.67_-0.33.vasp,0.0,0.0
1NbSSe-1-2-1_-1_1_0-0_0.vasp,0.0,0.0
1NbSSe-1-2-1_0_0_1--0.33_-0.67.vasp,0.0,0.0
1NbSSe-1-2-1_0_0_1--0.67_-0.33.vasp,0.0,0.0
1NbSSe-1-2-1_0_0_1-0_0.vasp,0.0,0.0
1NbSTe-1-2--1_0_0_-1-Iz--0.33_-0.67.vasp,0.0,0.0
1NbSTe-1-2--1_1_-1_0-Iz--0.67_-0.33.vasp,0.0,0.0
1NbSTe-1-2--1_1_-1_0-Iz-0_0.vasp,0.0,0.0
1NbSTe-1-2-1_-1_1_0--0.33_-0.67.vasp,0.0,0.0
1NbSTe-1-2-1_-1_1_0--0.67_-0.33.vasp,0.0,0.0
1NbSTe-1-2-1_0_0_1--0.33_-0.67.vasp,0.0,0.0
1NbSTe-1-2-1_0_0_1-0_0.vasp,0.0,0.0
1NbSTe-2-2--1_0_0_-1-Iz-0_0.vasp,0.0,0.0
1OSW-1-2--1_0_0_-1--0.16_-0.58.vasp,0.06,1.502518585
1OSW-1-2--1_0_0_-1--0.82_-0.91.vasp,0.048,1.502518585
1OSW-1-2--1_0_0_-1-0.51_-0.24.vasp,0.062,1.502518585
1OSW-1-2--1_0_0_-1-Iz--0.16_-0.58.vasp,1.268,1.502518585
1OSW-1-2--1_0_0_-1-Iz--0.82_-0.91.vasp,1.158,1.502518585
1OSW-1-2--1_0_0_-1-Iz-0.51_-0.24.vasp,1.249,1.502518585
1OSW-1-2-1_-1_0_-1-0.5_0.vasp,0.066,1.502518585
1OSW-1-2-1_-1_0_-1-Iz-0.5_0.vasp,1.238,1.502518585
1OSW-1-2-1_0_0_1--0.67_-0.33.vasp,0.053,1.502518585
1OSW-1-2-1_0_0_1-0.5_0.vasp,0.052,1.502518585
1OSW-1-2-1_0_0_1-0.67_0.33.vasp,0.05,1.502518585
1OSW-1-2-1_0_0_1-0_0.vasp,0.063,1.502518585
1OSW-1-2-1_0_0_1-Iz--0.67_-0.33.vasp,1.209,1.502518585
1OSW-1-2-1_0_0_1-Iz-0.5_0.vasp,1.217,1.502518585
1OSW-1-2-1_0_0_1-Iz-0_0.vasp,1.231,1.502518585
1OSeW-1-2--1_0_0_-1--0.2_-0.6.vasp,0.0,1.244370247
1OSeW-1-2--1_0_0_-1--0.87_-0.93.vasp,0.0,1.244370247
1OSeW-1-2--1_0_0_-1-0.47_-0.27.vasp,0.0,1.244370247
1OSeW-1-2--1_0_0_-1-Iz--0.87_-0.93.vasp,0.857,1.244370247
1OSeW-1-2-1_-1_0_-1-0.5_0.vasp,0.0,1.244370247
1OSeW-1-2-1_0_0_1--0.67_-0.33.vasp,0.0,1.244370247
1OSeW-1-2-1_0_0_1-0.5_0.vasp,0.0,1.244370247
1OSeW-1-2-1_0_0_1-0.67_0.33.vasp,0.0,1.244370247
1OSeW-1-2-1_0_0_1-0_0.vasp,0.0,1.244370247
1OSeW-1-2-1_0_0_1-Iz--0.67_-0.33.vasp,0.919,1.244370247
1OSeW-1-2-1_0_0_1-Iz-0.5_0.vasp,0.933,1.244370247
1SSeTa-1-2--1_0_0_-1-Iz--0.33_-0.67.vasp,0.0,0.0
1SSeTa-1-2--1_0_0_-1-Iz--0.67_-0.33.vasp,0.0,0.0
1SSeTa-1-2--1_0_0_-1-Iz-0_0.vasp,0.0,0.0
1SSeTa-1-2--1_1_-1_0-Iz--0.67_-0.33.vasp,0.0,0.0
1SSeTa-1-2--1_1_-1_0-Iz-0_0.vasp,0.0,0.0
1SSeTa-1-2-1_-1_1_0--0.33_-0.67.vasp,0.0,0.0
1SSeTa-1-2-1_-1_1_0--0.67_-0.33.vasp,0.0,0.0
1SSeTa-1-2-1_-1_1_0-0_0.vasp,0.0,0.0
1SSeTa-1-2-1_0_0_1--0.33_-0.67.vasp,0.0,0.0
1SSeTa-1-2-1_0_0_1--0.67_-0.33.vasp,0.0,0.0
1SSeTa-1-2-1_0_0_1-0_0.vasp,0.0,0.0
1SSeTi-1-2--1_0_0_-1-Iz--0.33_-0.67.vasp,0.392,0.505327346
1SSeTi-1-2--1_0_0_-1-Iz-0.33_-0.33.vasp,0.462,0.505327346
1SSeTi-1-2--1_0_0_-1-Iz-0_0.vasp,0.441,0.505327346
1SSeTi-1-2--1_1_-1_0-Iz--0.67_-0.33.vasp,0.387,0.505327346
1SSeTi-1-2--1_1_-1_0-Iz-0_0.vasp,0.416,0.505327346
1SSeTi-1-2-1_-1_1_0--0.33_-0.67.vasp,0.381,0.505327346
1SSeTi-1-2-1_-1_1_0-0.33_-0.33.vasp,0.339,0.505327346
1SSeTi-1-2-1_-1_1_0-0_0.vasp,0.336,0.505327346
1SSeTi-1-2-1_0_0_1--0.67_-0.33.vasp,0.44,0.505327346
1SSeTi-1-2-1_0_0_1-0.67_0.33.vasp,0.332,0.505327346
1SSeV-1-2--1_0_0_-1-Iz--0.33_-0.67.vasp,0.0,0.013308938
1SSeV-1-2--1_0_0_-1-Iz-0_0.vasp,0.0,0.013308938
1SSeV-1-2--1_1_-1_0-Iz--0.67_-0.33.vasp,0.0,0.013308938
1SSeV-2-2--1_0_0_-1-Iz-0_0.vasp,0.0,0.0
1SSeV-2-2--1_1_-1_0-Iz--0.67_-0.33.vasp,0.0,0.0
1SSeV-2-2-1_-1_1_0--0.67_-0.33.vasp,0.0,0.0
1SSeV-2-2-1_0_0_1--0.33_-0.67.vasp,0.0,0.0
1SSeV-2-2-1_0_0_1-0.67_0.33.vasp,0.0,0.0
1SSeW-1-2--1_0_0_-1-Iz--0.33_-0.67.vasp,1.087,1.401613308
1SSeW-1-2--1_0_0_-1-Iz-0.33_-0.33.vasp,1.276,1.401613308
1SSeW-1-2--1_0_0_-1-Iz-0_0.vasp,1.089,1.401613308
1SSeW-1-2--1_1_-1_0-Iz--0.67_-0.33.vasp,0.994,1.401613308
1SSeW-1-2-1_-1_1_0--0.33_-0.67.vasp,0.76,1.401613308
1SSeW-1-2-1_-1_1_0-0.33_-0.33.vasp,0.722,1.401613308
1SSeW-1-2-1_-1_1_0-0_0.vasp,0.759,1.401613308
1SSeW-1-2-1_0_0_1--0.67_-0.33.vasp,0.691,1.401613308
1SSeW-1-2-1_0_0_1-0.67_0.33.vasp,0.817,1.401613308
1SSeW-1-2-1_0_0_1-0_0.vasp,0.729,1.401613308
1SSeZr-1-2--1_0_0_-1-Iz--0.33_-0.67.vasp,0.433,0.613229457
1SSeZr-1-2--1_0_0_-1-Iz--0.67_-0.33.vasp,0.52,0.613229457
1SSeZr-1-2--1_0_0_-1-Iz-0_0.vasp,0.538,0.613229457
1SSeZr-1-2--1_1_-1_0-Iz--0.67_-0.33.vasp,0.573,0.613229457
1SSeZr-1-2--1_1_-1_0-Iz-0_0.vasp,0.469,0.613229457
1SSeZr-1-2-1_-1_1_0--0.33_-0.67.vasp,0.526,0.613229457
1SSeZr-1-2-1_-1_1_0--0.67_-0.33.vasp,0.566,0.613229457
1SSeZr-1-2-1_-1_1_0-0_0.vasp,0.465,0.613229457
1SSeZr-1-2-1_0_0_1--0.33_-0.67.vasp,0.458,0.613229457
1SSeZr-1-2-1_0_0_1--0.67_-0.33.vasp,0.501,0.613229457
1SSeZr-1-2-1_0_0_1-0_0.vasp,0.538,0.613229457
1STaTe-1-2--1_0_0_-1-Iz--0.33_-0.67.vasp,0.0,0.0
1STaTe-1-2--1_1_-1_0-Iz--0.67_-0.33.vasp,0.0,0.0
1STaTe-1-2-1_-1_1_0--0.33_-0.67.vasp,0.0,0.0
1STaTe-1-2-1_-1_1_0--0.67_-0.33.vasp,0.0,0.0
1STaTe-1-2-1_0_0_1--0.33_-0.67.vasp,0.0,0.0
1STaTe-1-2-1_0_0_1-0_0.vasp,0.0,0.0
1STeTi-1-2--1_0_0_-1-Iz--0.33_-0.67.vasp,0.0,0.093106235
1STeTi-1-2--1_0_0_-1-Iz-0.33_-0.33.vasp,0.03,0.093106235
1STeTi-1-2--1_0_0_-1-Iz-0_0.vasp,0.0,0.093106235
1STeTi-1-2--1_1_-1_0-Iz--0.67_-0.33.vasp,0.062,0.093106235
1STeTi-1-2--1_1_-1_0-Iz-0_0.vasp,0.0,0.093106235
1STeTi-1-2-1_-1_1_0--0.33_-0.67.vasp,0.044,0.093106235
1STeTi-1-2-1_-1_1_0-0.33_-0.33.vasp,0.065,0.093106235
1STeTi-1-2-1_-1_1_0-0_0.vasp,0.08,0.093106235
1STeTi-1-2-1_0_0_1--0.67_-0.33.vasp,0.018,0.093106235
1STeTi-1-2-1_0_0_1-0.67_0.33.vasp,0.061,0.093106235
1STeTi-1-2-1_0_0_1-0_0.vasp,0.078,0.093106235
1STeTi-2-2--1_0_0_-1-Iz--0.33_-0.67.vasp,0.0,0.0
1STeTi-2-2--1_0_0_-1-Iz--0.67_-0.33.vasp,0.0,0.0
1STeTi-2-2--1_0_0_-1-Iz-0_0.vasp,0.0,0.0
1STeTi-2-2--1_1_-1_0-Iz--0.67_-0.33.vasp,0.0,0.0
1STeTi-2-2--1_1_-1_0-Iz-0_0.vasp,0.0,0.0
1STeTi-2-2-1_-1_1_0--0.33_-0.67.vasp,0.0,0.0
1STeTi-2-2-1_-1_1_0--0.67_-0.33.vasp,0.0,0.0
1STeTi-2-2-1_-1_1_0-0_0.vasp,0.0,0.0
1STeTi-2-2-1_0_0_1--0.33_-0.67.vasp,0.0,0.0
1STeTi-2-2-1_0_0_1--0.67_-0.33.vasp,0.0,0.0
1STeTi-2-2-1_0_0_1-0_0.vasp,0.0,0.0
1STeV-2-2-1_-1_1_0--0.33_-0.67.vasp,0.0,0.0
1STeV-2-2-1_0_0_1-0_0.vasp,0.0,0.0
1STeZr-1-2--1_0_0_-1-Iz--0.33_-0.67.vasp,0.016,0.207602933
1STeZr-1-2--1_0_0_-1-Iz-0.33_-0.33.vasp,0.167,0.207602933
1STeZr-1-2--1_0_0_-1-Iz-0_0.vasp,0.142,0.207602933
1STeZr-1-2--1_1_-1_0-Iz--0.67_-0.33.vasp,0.194,0.207602933
1STeZr-1-2--1_1_-1_0-Iz-0_0.vasp,0.089,0.207602933
1STeZr-1-2-1_-1_1_0--0.33_-0.67.vasp,0.069,0.207602933
1STeZr-1-2-1_-1_1_0-0.33_-0.33.vasp,0.12,0.207602933
1STeZr-1-2-1_-1_1_0-0_0.vasp,0.099,0.207602933
1STeZr-1-2-1_0_0_1--0.67_-0.33.vasp,0.161,0.207602933
1STeZr-1-2-1_0_0_1-0.67_0.33.vasp,0.095,0.207602933
1STeZr-1-2-1_0_0_1-0_0.vasp,0.082,0.207602933
1STeZr-2-2--1_0_0_-1-Iz--0.33_-0.67.vasp,0.0,0.0
1STeZr-2-2--1_0_0_-1-Iz--0.67_-0.33.vasp,0.0,0.0
1STeZr-2-2--1_0_0_-1-Iz-0_0.vasp,0.0,0.0
1STeZr-2-2--1_1_-1_0-Iz--0.67_-0.33.vasp,0.0,0.0
1STeZr-2-2--1_1_-1_0-Iz-0_0.vasp,0.0,0.0
1STeZr-2-2-1_-1_1_0--0.33_-0.67.vasp,0.0,0.0
1STeZr-2-2-1_-1_1_0--0.67_-0.33.vasp,0.0,0.0
1STeZr-2-2-1_-1_1_0-0_0.vasp,0.0,0.0
1STeZr-2-2-1_0_0_1--0.33_-0.67.vasp,0.0,0.0
1STeZr-2-2-1_0_0_1--0.67_-0.33.vasp,0.0,0.0
1STeZr-2-2-1_0_0_1-0_0.vasp,0.0,0.0
1SeTaTe-1-2--1_0_0_-1-Iz--0.67_-0.33.vasp,0.0,0.0
1SeTaTe-1-2--1_0_0_-1-Iz-0_0.vasp,0.0,0.0
1SeTaTe-1-2--1_1_-1_0-Iz--0.67_-0.33.vasp,0.0,0.0
1SeTaTe-1-2--1_1_-1_0-Iz-0_0.vasp,0.0,0.0
1SeTaTe-1-2-1_-1_1_0--0.33_-0.67.vasp,0.0,0.0
1SeTaTe-1-2-1_-1_1_0--0.67_-0.33.vasp,0.0,0.0
1SeTaTe-1-2-1_0_0_1--0.33_-0.67.vasp,0.0,0.0
1SeTaTe-1-2-1_0_0_1-0_0.vasp,0.0,0.0
1SeTeTi-1-2--1_0_0_-1-Iz--0.33_-0.67.vasp,0.0,0.064648168
1SeTeTi-1-2--1_0_0_-1-Iz-0.33_-0.33.vasp,0.002,0.064648168
1SeTeTi-1-2--1_0_0_-1-Iz-0_0.vasp,0.0,0.064648168
1SeTeTi-1-2--1_1_-1_0-Iz--0.67_-0.33.vasp,0.015,0.064648168
1SeTeTi-1-2--1_1_-1_0-Iz-0_0.vasp,0.0,0.064648168
1SeTeTi-1-2-1_-1_1_0--0.33_-0.67.vasp,0.003,0.064648168
1SeTeTi-1-2-1_-1_1_0-0_0.vasp,0.0,0.064648168
1SeTeTi-1-2-1_0_0_1--0.67_-0.33.vasp,0.025,0.064648168
1SeTeTi-1-2-1_0_0_1-0.67_0.33.vasp,0.007,0.064648168
1SeTeTi-1-2-1_0_0_1-0_0.vasp,0.0,0.064648168
1SeTeV-1-2--1_0_0_-1-Iz--0.33_-0.67.vasp,0.0,0.119801996
1SeTeV-1-2--1_0_0_-1-Iz-0_0.vasp,0.0,0.119801996
1SeTeV-1-2--1_1_-1_0-Iz--0.67_-0.33.vasp,0.0,0.119801996
1SeTeW-1-2--1_0_0_-1-Iz--0.33_-0.67.vasp,0.76,1.036539018
1SeTeW-1-2--1_0_0_-1-Iz-0_0.vasp,0.754,1.036539018
1SeTeW-1-2--1_1_-1_0-Iz--0.67_-0.33.vasp,0.655,1.036539018
1SeTeW-1-2-1_-1_1_0--0.33_-0.67.vasp,0.517,1.036539018
1SeTeW-1-2-1_-1_1_0-0.33_-0.33.vasp,0.495,1.036539018
1SeTeW-1-2-1_0_0_1--0.67_-0.33.vasp,0.443,1.036539018
1SeTeW-1-2-1_0_0_1-0.67_0.33.vasp,0.576,1.036539018
1SeTeZr-1-2--1_0_0_-1-Iz--0.33_-0.67.vasp,0.0,0.0
1SeTeZr-1-2--1_0_0_-1-Iz--0.67_-0.33.vasp,0.0,0.0
1SeTeZr-1-2--1_0_0_-1-Iz-0_0.vasp,0.0,0.0
1SeTeZr-1-2--1_1_-1_0-Iz--0.67_-0.33.vasp,0.0,0.0
1SeTeZr-1-2--1_1_-1_0-Iz-0_0.vasp,0.0,0.0
1SeTeZr-1-2-1_-1_1_0--0.33_-0.67.vasp,0.0,0.0
1SeTeZr-1-2-1_-1_1_0--0.67_-0.33.vasp,0.0,0.0
1SeTeZr-1-2-1_-1_1_0-0_0.vasp,0.0,0.0
1SeTeZr-1-2-1_0_0_1--0.33_-0.67.vasp,0.0,0.0
1SeTeZr-1-2-1_0_0_1--0.67_-0.33.vasp,0.0,0.0
1SeTeZr-1-2-1_0_0_1-0_0.vasp,0.0,0.0
2AlBrSe-1-2-1_0_0_1-0.5_0.vasp,1.525,1.534616976
2AlBrSe-1-2-1_0_0_1-0_-0.5.vasp,1.452,1.534616976
2AlBrSe-1-2-1_0_0_1-0_0.vasp,1.473,1.534616976
2AlClS-1-2-1_0_0_1-0.5_0.vasp,2.325,2.334344797
2AlClS-1-2-1_0_0_1-0_-0.5.vasp,2.318,2.334344797
2AlClS-1-2-1_0_0_1-0_0.vasp,2.301,2.334344797
2AlClSe-1-2-1_0_0_1-0.5_0.vasp,1.399,1.416123
2AlClSe-1-2-1_0_0_1-0_0.vasp,1.329,1.416123
2AlISe-1-2-1_0_0_1-0_-0.5.vasp,1.481,1.492924982
2AlISe-1-2-1_0_0_1-0_0.vasp,1.463,1.492924982
2AsCoNa-1-2-1_0_0_1-0_0.vasp,0.0,0.0
2AsNaNi-1-2-1_0_0_1-0_0.vasp,0.0,0.0
2BrCoO-1-2-1_0_0_1-0_0.vasp,0.0,0.0
2BrCoS-1-2-1_0_0_1-0_0.vasp,0.0,0.0
2BrCoSe-1-2-1_0_0_1-0_0.vasp,0.0,0.0
2BrCrS-1-2-1_0_0_1-0_0.vasp,0.874,0.455425577
2BrGaS-1-2-1_0_0_1-0_0.vasp,1.459,1.484856462
2BrHSr-1-2-1_0_0_1--0.5_0.vasp,4.312,4.354041322
2BrHSr-1-2-1_0_0_1-0_0.vasp,4.259,4.354041322
2BrHfN-2-2-1_-1_1_0--0.67_-0.33.vasp,1.847,1.954791844
2BrHfN-2-2-1_-1_1_0-0_0.vasp,1.864,1.954791844
2BrHfN-2-2-1_0_0_1--0.33_-0.67.vasp,1.867,1.954791844
2BrHfN-2-2-1_0_0_1--0.67_-0.33.vasp,1.869,1.954791844
2BrHfN-2-2-1_0_0_1-0_0.vasp,1.86,1.954791844
2BrHfS-1-2-1_0_0_1-0.5_0.vasp,0.0,0.0
2BrHfS-1-2-1_0_0_1-0_-0.5.vasp,0.0,0.0
2BrHfS-1-2-1_0_0_1-0_0.vasp,0.0,0.0
2BrInO-1-2-1_0_0_1-0_0.vasp,2.068,2.290311643
2BrInSe-1-2-1_0_0_1-0.5_0.vasp,1.091,1.230333428
2BrInSe-1-2-1_0_0_1-0_-0.5.vasp,1.107,1.230333428
2BrInSe-1-2-1_0_0_1-0_0.vasp,1.041,1.230333428
2BrIrS-1-2-1_0_0_1-0.5_-0.5.vasp,0.333,0.343797525
2BrIrS-1-2-1_0_0_1-0_0.vasp,0.254,0.343797525
2BrMnSe-1-2-1_0_0_1-0_0.vasp,0.0,0.0
2BrNZr-1-2-1_0_0_1-0_0.vasp,1.807,1.816221845
2BrNZr-2-2-1_-1_1_0--0.33_-0.67.vasp,1.525,1.618029078
2BrNZr-2-2-1_-1_1_0-0_0.vasp,1.527,1.618029078
2BrNZr-2-2-1_0_0_1--0.33_-0.67.vasp,1.53,1.618029078
2BrNZr-2-2-1_0_0_1--0.67_-0.33.vasp,1.527,1.618029078
2BrNZr-2-2-1_0_0_1-0_0.vasp,1.528,1.618029078
2BrNiS-1-2-1_0_0_1-0_0.vasp,0.0,0.0
2BrNiSe-1-2-1_0_0_1-0_0.vasp,0.0,0.0
2BrORh-1-2-1_0_0_1-0_0.vasp,0.0,0.0
2BrOTl-1-2-1_0_0_1-0.5_-0.5.vasp,0.851,1.012513163
2BrOTl-1-2-1_0_0_1-0.5_0.vasp,0.81,1.012513163
2BrOTl-1-2-1_0_0_1-0_-0.5.vasp,0.805,1.012513163
2BrOTl-1-2-1_0_0_1-0_0.vasp,0.753,1.012513163
2BrOV-1-2-1_0_0_1-0_0.vasp,2.232,0.0
2BrRhS-1-2-1_0_0_1-0.5_-0.5.vasp,0.009,0.042762669
2BrRhS-1-2-1_0_0_1-0.5_0.vasp,0.019,0.042762669
2BrRhS-1-2-1_0_0_1-0_-0.5.vasp,0.025,0.042762669
2BrRhS-1-2-1_0_0_1-0_0.vasp,0.008,0.042762669
2BrRhSe-1-2-1_0_0_1-0_0.vasp,0.0,0.0
2BrRuSe-1-2-1_0_0_1-0.5_-0.5.vasp,0.0,0.0
2BrRuSe-1-2-1_0_0_1-0.5_0.vasp,0.0,0.0
2BrRuSe-1-2-1_0_0_1-0_-0.5.vasp,0.0,0.0
2BrRuSe-1-2-1_0_0_1-0_0.vasp,0.0,0.0
2BrSSc-1-2-1_0_0_1-0_-0.5.vasp,2.12,2.130096575
2BrSSc-1-2-1_0_0_1-0_0.vasp,2.076,2.130096575
2BrSZr-1-2-1_0_0_1-0.5_0.vasp,0.0,0.0
2BrSZr-1-2-1_0_0_1-0_-0.5.vasp,0.0,0.0
2BrSZr-1-2-1_0_0_1-0_0.vasp,0.0,0.0
2BrScSe-1-2-1_0_0_1-0.5_-0.5.vasp,1.5,1.510187808
2BrScSe-1-2-1_0_0_1-0.5_0.vasp,1.494,1.510187808
2BrScSe-1-2-1_0_0_1-0_-0.5.vasp,1.487,1.510187808
2BrScSe-1-2-1_0_0_1-0_0.vasp,1.453,1.510187808
2BrSeTi-1-2-1_0_0_1-0.5_0.vasp,0.0,0.0
2BrSeTi-1-2-1_0_0_1-0_-0.5.vasp,0.0,0.0
2BrSeTi-1-2-1_0_0_1-0_0.vasp,0.0,0.0
2BrSeZr-1-2-1_0_0_1-0.5_0.vasp,0.0,0.0
2BrSeZr-1-2-1_0_0_1-0_-0.5.vasp,0.0,0.0
2BrSeZr-1-2-1_0_0_1-0_0.vasp,0.0,0.0
2CaFeSi-1-2-1_0_0_1-0_0.vasp,0.0,0.0
2ClCoO-1-2-1_0_0_1-0_0.vasp,0.0,0.0
2ClCoS-1-2-1_0_0_1-0_0.vasp,0.0,0.008059259
2ClCoSe-1-2-1_0_0_1-0_0.vasp,0.0,0.0
2ClCrS-1-2-1_0_0_1-0_0.vasp,1.004,0.459849547
2ClCrSe-1-2-1_0_0_1-0_0.vasp,0.101,0.176131479
2ClGaS-1-2-1_0_0_1-0.5_-0.5.vasp,1.377,1.417121466
2ClGaS-1-2-1_0_0_1-0.5_0.vasp,1.407,1.417121466
2ClGaS-1-2-1_0_0_1-0_-0.5.vasp,1.348,1.417121466
2ClGaS-1-2-1_0_0_1-0_0.vasp,1.355,1.417121466
2ClHSc-1-2-1_-1_1_0--0.33_-0.67.vasp,0.0,0.0
2ClHSc-1-2-1_-1_1_0-0_0.vasp,0.0,0.0
2ClHSc-1-2-1_0_0_1--0.33_-0.67.vasp,0.0,0.0
2ClHSc-1-2-1_0_0_1--0.67_-0.33.vasp,0.0,0.0
2ClHSc-1-2-1_0_0_1-0_0.vasp,0.0,0.0
2ClHfN-1-2-1_0_0_1-0_0.vasp,2.105,2.1014991
2ClHfN-2-2-1_-1_1_0--0.33_-0.67.vasp,2.237,2.330356172
2ClHfN-2-2-1_-1_1_0-0_0.vasp,2.23,2.330356172
2ClHfN-2-2-1_0_0_1--0.33_-0.67.vasp,2.232,2.330356172
2ClHfN-2-2-1_0_0_1--0.67_-0.33.vasp,2.234,2.330356172
2ClHfN-2-2-1_0_0_1-0_0.vasp,2.247,2.330356172
2ClHfS-1-2-1_0_0_1-0_-0.5.vasp,0.0,0.0
2ClHfS-1-2-1_0_0_1-0_0.vasp,0.0,0.0
2ClHfSe-1-2-1_0_0_1-0.5_0.vasp,0.0,0.0
2ClHfSe-1-2-1_0_0_1-0_-0.5.vasp,0.0,0.0
2ClHfSe-1-2-1_0_0_1-0_0.vasp,0.0,0.0
2ClInO-1-2-1_0_0_1-0.5_0.vasp,2.491,2.606966761
2ClInO-1-2-1_0_0_1-0_-0.5.vasp,2.507,2.606966761
2ClInO-1-2-1_0_0_1-0_0.vasp,2.471,2.606966761
2ClInSe-1-2-1_0_0_1-0.5_0.vasp,0.959,1.066938566
2ClInSe-1-2-1_0_0_1-0_-0.5.vasp,0.934,1.066938566
2ClInSe-1-2-1_0_0_1-0_0.vasp,0.9,1.066938566
2ClIrS-1-2-1_0_0_1-0.5_0.vasp,0.345,0.354529485
2ClIrS-1-2-1_0_0_1-0_-0.5.vasp,0.311,0.354529485
2ClIrS-1-2-1_0_0_1-0_0.vasp,0.296,0.354529485
2ClIrSe-1-2-1_0_0_1-0_-0.5.vasp,0.01,0.061521206
2ClIrSe-1-2-1_0_0_1-0_0.vasp,0.007,0.061521206
2ClMnN-1-2-1_0_0_1-0.5_0.vasp,0.183,0.176092592
2ClMnN-1-2-1_0_0_1-0_0.vasp,0.184,0.176092592
2ClMnSe-1-2-1_0_0_1-0_0.vasp,0.0,0.0
2ClNZr-1-2-1_0_0_1-0.5_0.vasp,1.849,1.849094399
2ClNZr-1-2-1_0_0_1-0_-0.5.vasp,1.848,1.849094399
2ClNZr-1-2-1_0_0_1-0_0.vasp,1.846,1.849094399
2ClNZr-2-2-1_-1_1_0--0.67_-0.33.vasp,1.84,1.922950572
2ClNZr-2-2-1_-1_1_0-0_0.vasp,1.846,1.922950572
2ClNZr-2-2-1_0_0_1--0.33_-0.67.vasp,1.842,1.922950572
2ClNZr-2-2-1_0_0_1--0.67_-0.33.vasp,1.839,1.922950572
2ClNZr-2-2-1_0_0_1-0_0.vasp,1.851,1.922950572
2ClNiS-1-2-1_0_0_1-0_0.vasp,0.0,0.0
2ClNiSe-1-2-1_0_0_1-0_0.vasp,0.0,0.0
2ClORh-1-2-1_0_0_1-0.5_-0.5.vasp,0.003,0.039788867
2ClORh-1-2-1_0_0_1-0.5_0.vasp,0.01,0.039788867
2ClORh-1-2-1_0_0_1-0_-0.5.vasp,0.0,0.039788867
2ClORh-1-2-1_0_0_1-0_0.vasp,0.0,0.039788867
2ClOTl-1-2-1_0_0_1-0.5_-0.5.vasp,0.921,1.029800134
2ClOTl-1-2-1_0_0_1-0.5_0.vasp,0.886,1.029800134
2ClOTl-1-2-1_0_0_1-0_-0.5.vasp,0.917,1.029800134
2ClOTl-1-2-1_0_0_1-0_0.vasp,0.877,1.029800134
2ClPdS-1-2-1_0_0_1-0.5_0.vasp,0.0,0.0
2ClPdS-1-2-1_0_0_1-0_0.vasp,0.0,0.0
2ClRhS-1-2-1_0_0_1-0_0.vasp,0.009,0.011135067
2ClRhSe-1-2-1_0_0_1-0.5_0.vasp,0.0,0.0
2ClRhSe-1-2-1_0_0_1-0_-0.5.vasp,0.0,0.0
2ClRhSe-1-2-1_0_0_1-0_0.vasp,0.0,0.0
2ClRhTe-1-2--1_0_0_-1--0.5_-0.18.vasp,0.868,1.038226318
2ClRhTe-1-2--1_0_0_-1--0.5_-0.19.vasp,0.869,1.038226318
2ClRhTe-1-2--1_0_0_-1--0.5_-0.51.vasp,0.748,1.038226318
2ClRhTe-1-2--1_0_0_-1-0.5_0.vasp,0.885,1.038226318
2ClRhTe-1-2--1_0_0_-1-0_-0.01.vasp,0.936,1.038226318
2ClRhTe-1-2--1_0_0_-1-0_-0.33.vasp,0.742,1.038226318
2ClRhTe-1-2--1_0_0_-1-0_0.5.vasp,0.566,1.038226318
2ClRhTe-1-2-1_0_0_1--0.5_-0.17.vasp,0.839,1.038226318
2ClRhTe-1-2-1_0_0_1--0.5_-0.18.vasp,0.835,1.038226318
2ClRhTe-1-2-1_0_0_1--0.5_-0.49.vasp,0.829,1.038226318
2ClRhTe-1-2-1_0_0_1--0.5_-0.82.vasp,0.749,1.038226318
2ClRhTe-1-2-1_0_0_1-0.5_0.vasp,0.835,1.038226318
2ClRhTe-1-2-1_0_0_1-0_-0.32.vasp,0.873,1.038226318
2ClRhTe-1-2-1_0_0_1-0_-0.66.vasp,0.79,1.038226318
2ClRhTe-1-2-1_0_0_1-0_-0.67.vasp,0.772,1.038226318
2ClRhTe-1-2-1_0_0_1-0_-1.0.vasp,0.734,1.038226318
2ClRhTe-1-2-1_0_0_1-0_-1.03.vasp,0.792,1.038226318
2ClRhTe-1-2-1_0_0_1-0_0.5.vasp,0.886,1.038226318
2ClRuS-1-2-1_0_0_1-0.5_-0.5.vasp,0.0,0.0
2ClRuS-1-2-1_0_0_1-0.5_0.vasp,0.0,0.0
2ClRuS-1-2-1_0_0_1-0_-0.5.vasp,0.0,0.0
2ClRuS-1-2-1_0_0_1-0_0.vasp,0.0,0.0
2ClSSc-1-2-1_0_0_1-0_0.vasp,2.069,2.109342912
2ClSTi-1-2-1_0_0_1-0.5_0.vasp,0.0,0.0
2ClSTi-1-2-1_0_0_1-0_-0.5.vasp,0.0,0.0
2ClSTi-1-2-1_0_0_1-0_0.vasp,0.0,0.0
2ClSZr-1-2-1_0_0_1-0.5_0.vasp,0.0,0.0
2ClSZr-1-2-1_0_0_1-0_-0.5.vasp,0.0,0.0
2ClSZr-1-2-1_0_0_1-0_0.vasp,0.0,0.0
2ClSeTi-1-2-1_0_0_1-0_-0.5.vasp,0.0,0.0
2ClSeTi-1-2-1_0_0_1-0_0.vasp,0.0,0.0
2ClSeZr-1-2-1_0_0_1-0.5_0.vasp,0.0,0.0
2ClSeZr-1-2-1_0_0_1-0_-0.5.vasp,0.0,0.0
2ClSeZr-1-2-1_0_0_1-0_0.vasp,0.0,0.0
2CoISe-1-2-1_0_0_1-0_0.vasp,0.0,0.0
2CoLiP-1-2-1_0_0_1-0_0.vasp,0.0,0.0
2CoLiSb-1-2-1_0_0_1-0_0.vasp,0.0,0.0
2CoNaSb-1-2-1_0_0_1-0_0.vasp,0.0,0.0
2CrIS-1-2-1_0_0_1-0_0.vasp,0.547,0.331008143
2CrISe-1-2-1_0_0_1-0_0.vasp,0.0,0.0
2FISr-1-2-1_0_0_1--0.5_-0.5.vasp,4.085,4.21907556
2FISr-1-2-1_0_0_1--0.5_0.vasp,4.075,4.21907556
2FISr-1-2-1_0_0_1-0_0.vasp,3.973,4.21907556
2FeLiSb-1-2-1_0_0_1-0_0.vasp,0.0,0.0
2FeNaP-1-2-1_0_0_1-0_0.vasp,0.0,0.0
2FeSiSr-1-2-1_0_0_1-0_0.vasp,0.0,0.0
2GaGeTe-1-2-1_-1_1_0--0.67_0.67.vasp,0.467,0.67440237
2GaGeTe-1-2-1_-1_1_0-0_1.0.vasp,0.347,0.67440237
2GaGeTe-1-2-1_0_0_1--0.33_0.33.vasp,0.351,0.67440237
2GaGeTe-1-2-1_0_0_1--0.67_0.67.vasp,0.357,0.67440237
2GaGeTe-1-2-1_0_0_1-0_1.0.vasp,0.467,0.67440237
2GaIS-1-2-1_0_0_1-0.5_-0.5.vasp,0.805,0.832655982
2GaIS-1-2-1_0_0_1-0_0.vasp,0.734,0.832655982
2GaIY-1-2--1_0_0_-1-0.67_-0.67.vasp,0.0,0.0
2GaIY-1-2--1_0_0_-1-0_-1.0.vasp,0.0,0.0
2GaIY-1-2-1_0_0_1-0.33_-0.33.vasp,0.0,0.0
2GaIY-1-2-1_0_0_1-0.67_-0.67.vasp,0.0,0.0
2GaIY-1-2-1_0_0_1-1.0_0.vasp,0.0,0.0
2GeIS-1-2-1_0_0_1-0_-0.5.vasp,0.0,0.0
2GeIS-1-2-1_0_0_1-0_0.vasp,0.0,0.0
2HLiO-1-2-1_0_0_1-0.5_0.vasp,3.962,3.935352441
2HLiO-1-2-1_0_0_1-1.0_0.vasp,3.894,3.935352441
2HLiS-1-2--1_0_0_-1-0.5_0.5.vasp,3.779,3.968592387
2HLiS-1-2--1_0_0_-1-Iz-0.5_0.5.vasp,3.41,3.968592387
2HLiS-1-2--1_0_0_-1-Iz-0.5_0.vasp,3.813,3.968592387
2HLiS-1-2-1_0_0_1-0.5_0.vasp,3.634,3.968592387
2HLiS-1-2-1_0_0_1-0_0.vasp,3.319,3.968592387
2HNaO-1-2-1_0_0_1-0.5_0.vasp,3.293,3.503657422
2HNaO-1-2-1_0_0_1-0_0.vasp,3.193,3.503657422
2HNaO-2-2-1_0_0_1-0.5_0.vasp,2.815,2.802194793
2HNaO-2-2-1_0_0_1-0_0.vasp,2.77,2.802194793
2HNaS-1-2--1_0_0_-1-Iz-0.5_0.vasp,3.353,3.55980965
2HNaS-1-2-1_0_0_1-0.5_0.vasp,3.278,3.55980965
2HNaS-1-2-1_0_0_1-0_0.vasp,3.308,3.55980965
2HfIN-1-2-1_0_0_1-0.5_-0.5.vasp,1.579,1.584659285
2HfIN-1-2-1_0_0_1-0.5_0.vasp,1.562,1.584659285
2HfIN-1-2-1_0_0_1-0_-0.5.vasp,1.584,1.584659285
2HfIN-1-2-1_0_0_1-0_0.vasp,1.528,1.584659285
2HfIN-2-2-1_-1_1_0--0.33_-0.67.vasp,0.491,0.544683699
2HfIN-2-2-1_-1_1_0-0_0.vasp,0.521,0.544683699
2HfIN-2-2-1_0_0_1--0.33_-0.67.vasp,0.526,0.544683699
2HfIN-2-2-1_0_0_1--0.67_-0.33.vasp,0.524,0.544683699
2HfIN-2-2-1_0_0_1-0_0.vasp,0.503,0.544683699
2HfISe-1-2-1_0_0_1-0.5_0.vasp,0.0,0.0
2HfISe-1-2-1_0_0_1-0_-0.5.vasp,0.0,0.0
2HfISe-1-2-1_0_0_1-0_0.vasp,0.0,0.0
2HfSiTe-1-2-1_0_0_1-0_0.vasp,0.0,0.0
2IInS-1-2-1_0_0_1-0.5_-0.5.vasp,1.489,1.539355644
2IInS-1-2-1_0_0_1-0.5_0.vasp,1.468,1.539355644
2IInS-1-2-1_0_0_1-0_-0.5.vasp,1.518,1.539355644
2IInS-1-2-1_0_0_1-0_0.vasp,1.375,1.539355644
2IIrS-1-2-1_0_0_1-0.5_-0.5.vasp,0.169,0.214980206
2IIrS-1-2-1_0_0_1-0_-0.5.vasp,0.101,0.214980206
2IIrS-1-2-1_0_0_1-0_0.vasp,0.085,0.214980206
2INTa-1-2-1_0_0_1-0.5_-0.5.vasp,0.0,0.0
2INTa-1-2-1_0_0_1-0.5_0.vasp,0.0,0.0
2INTa-1-2-1_0_0_1-0_-0.5.vasp,0.0,0.0
2INTa-1-2-1_0_0_1-0_0.vasp,0.0,0.0
2INTi-1-2-1_0_0_1-0_0.vasp,0.049,0.062274517
2INiSe-1-2-1_0_0_1-0_0.vasp,0.0,0.0
2IORh-1-2-1_0_0_1-0.5_-0.5.vasp,0.0,0.0
2IORh-1-2-1_0_0_1-0.5_0.vasp,0.0,0.0
2IORh-1-2-1_0_0_1-0_-0.5.vasp,0.0,0.0
2IORh-1-2-1_0_0_1-0_0.vasp,0.0,0.0
2IOTi-1-2-1_0_0_1-0.5_-0.5.vasp,0.0,0.0
2IOTi-1-2-1_0_0_1-0.5_0.vasp,0.0,0.0
2IOTi-1-2-1_0_0_1-0_-0.5.vasp,0.0,0.0
2IOTi-1-2-1_0_0_1-0_0.vasp,0.0,0.0
2IOZr-1-2-1_0_0_1-0.5_-0.5.vasp,0.0,0.0
2IOZr-1-2-1_0_0_1-0.5_0.vasp,0.0,0.0
2IOZr-1-2-1_0_0_1-0_-0.5.vasp,0.0,0.0
2IOZr-1-2-1_0_0_1-0_0.vasp,0.0,0.0
2IPdS-1-2-1_0_0_1-0.5_-0.5.vasp,0.0,0.0
2IPdS-1-2-1_0_0_1-0_-0.5.vasp,0.0,0.0
2IPdS-1-2-1_0_0_1-0_0.vasp,0.0,0.0
2IPdSe-1-2-1_0_0_1-0.5_0.vasp,0.0,0.0
2IPdSe-1-2-1_0_0_1-0_-0.5.vasp,0.0,0.0
2IPdSe-1-2-1_0_0_1-0_0.vasp,0.0,0.0
2IRhSe-1-2-1_0_0_1-0_-0.5.vasp,0.0,0.0
2IRhSe-1-2-1_0_0_1-0_0.vasp,0.0,0.0
2IRuS-1-2-1_0_0_1-0.5_0.vasp,0.0,0.0
2IRuS-1-2-1_0_0_1-0_0.vasp,0.0,0.0
2ISSc-1-2-1_0_0_1-0.5_-0.5.vasp,1.662,1.662454423
2ISSc-1-2-1_0_0_1-0.5_0.vasp,1.629,1.662454423
2ISSc-1-2-1_0_0_1-0_-0.5.vasp,1.668,1.662454423
2ISSc-1-2-1_0_0_1-0_0.vasp,1.596,1.662454423
2ISZr-1-2-1_0_0_1-0.5_-0.5.vasp,0.0,0.0
2ISZr-1-2-1_0_0_1-0.5_0.vasp,0.0,0.0
2ISZr-1-2-1_0_0_1-0_-0.5.vasp,0.0,0.0
2ISZr-1-2-1_0_0_1-0_0.vasp,0.0,0.0
2ISeSn-1-2-1_0_0_1-0.5_-0.5.vasp,0.0,0.0
2ISeSn-1-2-1_0_0_1-0_-0.5.vasp,0.0,0.0
2ISeSn-1-2-1_0_0_1-0_0.vasp,0.0,0.0
2ISeTi-1-2-1_0_0_1-0.5_0.vasp,0.0,0.0
2ISeTi-1-2-1_0_0_1-0_0.vasp,0.0,0.0
2ISeZr-1-2-1_0_0_1-0_0.vasp,0.0,0.0
2NaNiP-1-2-1_0_0_1-0_0.vasp,0.0,0.0
1ORuCl2-1-2-1_0_0_1--0.5_-0.5.vasp,0.0,0.0
1ORuCl2-1-2-1_0_0_1-0.5_0.vasp,0.0,0.0
1ORuCl2-1-2-1_0_0_1-0_-0.5.vasp,0.0,0.0
1ORuCl2-1-2-1_0_0_1-0_0.vasp,0.0,0.0
1OVCl2-1-2--1_0_0_-1-Iz-0.5_-0.49.vasp,2.573,0.8055005
1OVCl2-1-2-1_0_0_1-0.5_0.49.vasp,2.594,0.8055005
1OVF2-1-2--1_0_0_-1-Iz-0.5_-0.49.vasp,3.507,0.758579554
1OVF2-1-2-1_0_0_1-0.5_0.5.vasp,3.503,0.758579554
2AgBrTe2-1-2--1_0_0_-1--0.11_-0.11.vasp,1.051,1.213898727
2AgBrTe2-1-2--1_0_0_-1--0.14_0.59.vasp,1.119,1.213898727
2AgBrTe2-1-2--1_0_0_-1--0.25_0.37.vasp,1.06,1.213898727
2AgBrTe2-1-2--1_0_0_-1--0.29_0.11.vasp,1.097,1.213898727
2AgBrTe2-1-2--1_0_0_-1--0.44_0.57.vasp,0.956,1.213898727
2AgBrTe2-1-2--1_0_0_-1--0.64_0.29.vasp,0.932,1.213898727
2AgBrTe2-1-2--1_0_0_-1--0.79_0.77.vasp,1.008,1.213898727
2AgBrTe2-1-2--1_0_0_-1--0.94_0.31.vasp,1.121,1.213898727
2AgBrTe2-1-2--1_0_0_-1--0.98_0.98.vasp,1.008,1.213898727
2AgBrTe2-1-2--1_0_0_-1-0.04_0.38.vasp,1.108,1.213898727
2AgBrTe2-1-2--1_0_0_-1-0.09_0.17.vasp,1.109,1.213898727
2AgBrTe2-1-2--1_0_0_-1-0.19_-0.1.vasp,1.014,1.213898727
2AgBrTe2-1-2--1_0_0_-1-0.39_0.19.vasp,0.901,1.213898727
2AgBrTe2-1-2--1_0_0_-1-0.5_0.5.vasp,0.908,1.213898727
2AgBrTe2-1-2--1_0_0_-1-0.69_0.21.vasp,1.066,1.213898727
2AgBrTe2-1-2--1_0_0_-1-Iz--0.14_0.22.vasp,0.95,1.213898727
2AgBrTe2-1-2--1_0_0_-1-Iz--0.14_0.59.vasp,0.925,1.213898727
2AgBrTe2-1-2--1_0_0_-1-Iz--0.25_0.37.vasp,1.055,1.213898727
2AgBrTe2-1-2--1_0_0_-1-Iz--0.26_-0.56.vasp,1.003,1.213898727
2AgBrTe2-1-2--1_0_0_-1-Iz--0.29_0.11.vasp,1.075,1.213898727
2AgBrTe2-1-2--1_0_0_-1-Iz--0.29_0.7.vasp,1.032,1.213898727
2AgBrTe2-1-2--1_0_0_-1-Iz--0.31_-0.4.vasp,0.991,1.213898727
2AgBrTe2-1-2--1_0_0_-1-Iz--0.44_0.23.vasp,1.193,1.213898727
2AgBrTe2-1-2--1_0_0_-1-Iz--0.44_0.57.vasp,1.122,1.213898727
2AgBrTe2-1-2--1_0_0_-1-Iz--0.46_0.08.vasp,1.214,1.213898727
2AgBrTe2-1-2--1_0_0_-1-Iz--0.48_0.9.vasp,1.004,1.213898727
2AgBrTe2-1-2--1_0_0_-1-Iz--0.61_-0.38.vasp,1.173,1.213898727
2AgBrTe2-1-2--1_0_0_-1-Iz--0.64_0.29.vasp,1.21,1.213898727
2AgBrTe2-1-2--1_0_0_-1-Iz--0.91_-0.37.vasp,1.121,1.213898727
2AgBrTe2-1-2--1_0_0_-1-Iz--0.94_0.31.vasp,0.928,1.213898727
2AgBrTe2-1-2--1_0_0_-1-Iz-0.04_0.38.vasp,0.989,1.213898727
2AgBrTe2-1-2--1_0_0_-1-Iz-0.06_0.5.vasp,1.062,1.213898727
2AgBrTe2-1-2--1_0_0_-1-Iz-0.09_0.17.vasp,0.931,1.213898727
2AgBrTe2-1-2--1_0_0_-1-Iz-0.21_0.04.vasp,1.043,1.213898727
2AgBrTe2-1-2--1_0_0_-1-Iz-0.36_0.52.vasp,1.157,1.213898727
2AgBrTe2-1-2--1_0_0_-1-Iz-0.39_0.19.vasp,1.246,1.213898727
2AgBrTe2-1-2--1_0_0_-1-Iz-0.54_-0.27.vasp,1.145,1.213898727
2AgBrTe2-1-2--1_0_0_-1-Iz-0.5_0.5.vasp,1.158,1.213898727
2AgBrTe2-1-2--1_0_0_-1-Iz-0.5_0.vasp,1.124,1.213898727
2AgBrTe2-1-2--1_0_0_-1-Iz-0.69_0.21.vasp,1.118,1.213898727
2AgBrTe2-1-2--1_0_0_1-0_0.5.vasp,1.185,1.213898727
2AgBrTe2-1-2--1_0_0_1-Iz-0.5_0.vasp,0.993,1.213898727
2AgBrTe2-1-2--1_0_0_1-Iz-0_0.5.vasp,0.914,1.213898727
2AgBrTe2-1-2-1_0_0_-1-0.5_0.5.vasp,0.873,1.213898727
2AgBrTe2-1-2-1_0_0_-1-Iz-0.5_0.5.vasp,1.149,1.213898727
2AgBrTe2-1-2-1_0_0_-1-Iz-0.5_0.vasp,1.067,1.213898727
2AgBrTe2-1-2-1_0_0_1--0.04_0.33.vasp,1.163,1.213898727
2AgBrTe2-1-2-1_0_0_1--0.04_0.67.vasp,1.166,1.213898727
2AgBrTe2-1-2-1_0_0_1--0.15_-0.46.vasp,1.044,1.213898727
2AgBrTe2-1-2-1_0_0_1--0.15_0.46.vasp,1.063,1.213898727
2AgBrTe2-1-2-1_0_0_1--0.19_0.21.vasp,1.11,1.213898727
2AgBrTe2-1-2-1_0_0_1--0.19_0.79.vasp,1.118,1.213898727
2AgBrTe2-1-2-1_0_0_1--0.33_0.31.vasp,0.927,1.213898727
2AgBrTe2-1-2-1_0_0_1--0.33_0.69.vasp,1.028,1.213898727
2AgBrTe2-1-2-1_0_0_1--0.54_0.4.vasp,0.876,1.213898727
2AgBrTe2-1-2-1_0_0_1--0.5_-0.27.vasp,0.993,1.213898727
2AgBrTe2-1-2-1_0_0_1--0.83_0.38.vasp,1.058,1.213898727
2AgBrTe2-1-2-1_0_0_1--0.8_-0.29.vasp,1.074,1.213898727
2AgBrTe2-1-2-1_0_0_1-0.17_0.62.vasp,1.019,1.213898727
2AgBrTe2-1-2-1_0_0_1-0.2_0.29.vasp,1.064,1.213898727
2AgBrTe2-1-2-1_0_0_1-0.31_0.14.vasp,0.996,1.213898727
2AgBrTe2-1-2-1_0_0_1-0.46_0.6.vasp,0.976,1.213898727
2AgBrTe2-1-2-1_0_0_1-0.5_0.27.vasp,0.846,1.213898727
2AgBrTe2-1-2-1_0_0_1-0.5_0.5.vasp,0.959,1.213898727
2AgBrTe2-1-2-1_0_0_1-0_0.5.vasp,1.115,1.213898727
2AgBrTe2-1-2-1_0_0_1-0_0.vasp,1.001,1.213898727
2AgBrTe2-1-2-1_0_0_1-Iz--0.04_0.67.vasp,0.852,1.213898727
2AgBrTe2-1-2-1_0_0_1-Iz--0.15_-0.46.vasp,0.959,1.213898727
2AgBrTe2-1-2-1_0_0_1-Iz--0.15_0.46.vasp,1.019,1.213898727
2AgBrTe2-1-2-1_0_0_1-Iz--0.19_0.21.vasp,1.045,1.213898727
2AgBrTe2-1-2-1_0_0_1-Iz--0.19_0.79.vasp,0.974,1.213898727
2AgBrTe2-1-2-1_0_0_1-Iz--0.33_0.31.vasp,1.092,1.213898727
2AgBrTe2-1-2-1_0_0_1-Iz--0.33_0.69.vasp,1.074,1.213898727
2AgBrTe2-1-2-1_0_0_1-Iz--0.54_0.4.vasp,1.149,1.213898727
2AgBrTe2-1-2-1_0_0_1-Iz--0.5_0.07.vasp,1.02,1.213898727
2AgBrTe2-1-2-1_0_0_1-Iz--0.69_0.86.vasp,1.089,1.213898727
2AgBrTe2-1-2-1_0_0_1-Iz--0.83_0.38.vasp,0.889,1.213898727
2AgBrTe2-1-2-1_0_0_1-Iz--0.8_-0.29.vasp,1.036,1.213898727
2AgBrTe2-1-2-1_0_0_1-Iz-0.17_0.62.vasp,1.035,1.213898727
2AgBrTe2-1-2-1_0_0_1-Iz-0.2_0.29.vasp,0.943,1.213898727
2AgBrTe2-1-2-1_0_0_1-Iz-0.31_0.14.vasp,1.118,1.213898727
2AgBrTe2-1-2-1_0_0_1-Iz-0.5_0.27.vasp,1.164,1.213898727
2AgBrTe2-1-2-1_0_0_1-Iz-0.5_0.5.vasp,1.183,1.213898727
2AgBrTe2-1-2-1_0_0_1-Iz-0.5_0.vasp,1.021,1.213898727
2AgBrTe2-1-2-1_0_0_1-Iz-0_0.5.vasp,0.922,1.213898727
2AgClSe2-1-2--1_0_0_-1--0.25_0.01.vasp,1.124,1.339793295
2AgClSe2-1-2--1_0_0_-1-0.06_0.02.vasp,1.143,1.339793295
2AgClSe2-1-2--1_0_0_-1-0.07_0.33.vasp,1.318,1.339793295
2AgClSe2-1-2--1_0_0_-1-0.22_0.46.vasp,1.315,1.339793295
2AgClSe2-1-2--1_0_0_-1-0.23_0.8.vasp,1.235,1.339793295
2AgClSe2-1-2--1_0_0_-1-0.38_0.34.vasp,1.218,1.339793295
2AgClSe2-1-2--1_0_0_-1-0.4_-0.19.vasp,1.218,1.339793295
2AgClSe2-1-2--1_0_0_-1-0.56_-0.65.vasp,1.136,1.339793295
2AgClSe2-1-2--1_0_0_-1-0.56_0.26.vasp,1.168,1.339793295
2AgClSe2-1-2--1_0_0_-1-0.57_0.6.vasp,1.171,1.339793295
2AgClSe2-1-2--1_0_0_-1-0.5_0.5.vasp,1.192,1.339793295
2AgClSe2-1-2--1_0_0_-1-0.72_-0.2.vasp,1.181,1.339793295
2AgClSe2-1-2--1_0_0_-1-0.73_0.13.vasp,1.148,1.339793295
2AgClSe2-1-2--1_0_0_-1-0.87_0.21.vasp,1.203,1.339793295
2AgClSe2-1-2--1_0_0_-1-0.87_0.22.vasp,1.212,1.339793295
2AgClSe2-1-2--1_0_0_-1-0.88_0.25.vasp,1.242,1.339793295
2AgClSe2-1-2--1_0_0_-1-0.88_0.58.vasp,1.318,1.339793295
2AgClSe2-1-2--1_0_0_-1-0.89_0.92.vasp,1.112,1.339793295
2AgClSe2-1-2--1_0_0_-1-0_0.5.vasp,1.352,1.339793295
2AgClSe2-1-2--1_0_0_-1-Iz--0.12_-0.23.vasp,1.173,1.339793295
2AgClSe2-1-2--1_0_0_-1-Iz--0.12_-0.56.vasp,1.276,1.339793295
2AgClSe2-1-2--1_0_0_-1-Iz--0.27_-0.11.vasp,1.101,1.339793295
2AgClSe2-1-2--1_0_0_-1-Iz--0.43_-0.58.vasp,1.327,1.339793295
2AgClSe2-1-2--1_0_0_-1-Iz--0.44_-0.24.vasp,1.375,1.339793295
2AgClSe2-1-2--1_0_0_-1-Iz--0.44_0.67.vasp,1.382,1.339793295
2AgClSe2-1-2--1_0_0_-1-Iz--0.6_0.21.vasp,1.362,1.339793295
2AgClSe2-1-2--1_0_0_-1-Iz-0.07_-0.31.vasp,1.217,1.339793295
2AgClSe2-1-2--1_0_0_-1-Iz-0.07_0.33.vasp,1.17,1.339793295
2AgClSe2-1-2--1_0_0_-1-Iz-0.22_-0.44.vasp,1.256,1.339793295
2AgClSe2-1-2--1_0_0_-1-Iz-0.22_0.46.vasp,1.183,1.339793295
2AgClSe2-1-2--1_0_0_-1-Iz-0.23_-0.77.vasp,1.252,1.339793295
2AgClSe2-1-2--1_0_0_-1-Iz-0.23_0.8.vasp,1.273,1.339793295
2AgClSe2-1-2--1_0_0_-1-Iz-0.38_-0.32.vasp,1.369,1.339793295
2AgClSe2-1-2--1_0_0_-1-Iz-0.38_0.34.vasp,1.272,1.339793295
2AgClSe2-1-2--1_0_0_-1-Iz-0.39_0.01.vasp,1.093,1.339793295
2AgClSe2-1-2--1_0_0_-1-Iz-0.4_-0.19.vasp,1.309,1.339793295
2AgClSe2-1-2--1_0_0_-1-Iz-0.56_-0.65.vasp,1.32,1.339793295
2AgClSe2-1-2--1_0_0_-1-Iz-0.56_0.26.vasp,1.331,1.339793295
2AgClSe2-1-2--1_0_0_-1-Iz-0.57_0.6.vasp,1.378,1.339793295
2AgClSe2-1-2--1_0_0_-1-Iz-0.5_0.5.vasp,1.347,1.339793295
2AgClSe2-1-2--1_0_0_-1-Iz-0.88_0.58.vasp,1.248,1.339793295
2AgClSe2-1-2--1_0_0_-1-Iz-0.89_0.92.vasp,1.159,1.339793295
2AgClSe2-1-2--1_0_0_-1-Iz-0_0.5.vasp,1.166,1.339793295
2AgClSe2-1-2-1_0_0_1--0.18_-0.59.vasp,1.182,1.339793295
2AgClSe2-1-2-1_0_0_1--0.33_-0.12.vasp,1.11,1.339793295
2AgClSe2-1-2-1_0_0_1--0.49_-0.57.vasp,1.19,1.339793295
2AgClSe2-1-2-1_0_0_1--0.5_-0.27.vasp,1.129,1.339793295
2AgClSe2-1-2-1_0_0_1-0.01_-0.33.vasp,1.375,1.339793295
2AgClSe2-1-2-1_0_0_1-0.01_0.33.vasp,1.389,1.339793295
2AgClSe2-1-2-1_0_0_1-0.17_-0.78.vasp,1.268,1.339793295
2AgClSe2-1-2-1_0_0_1-0.17_0.79.vasp,1.286,1.339793295
2AgClSe2-1-2-1_0_0_1-0.32_-0.32.vasp,1.179,1.339793295
2AgClSe2-1-2-1_0_0_1-0.32_0.32.vasp,1.195,1.339793295
2AgClSe2-1-2-1_0_0_1-0.34_-0.2.vasp,1.171,1.339793295
2AgClSe2-1-2-1_0_0_1-0.51_0.57.vasp,1.191,1.339793295
2AgClSe2-1-2-1_0_0_1-0.5_0.27.vasp,1.219,1.339793295
2AgClSe2-1-2-1_0_0_1-0.5_0.91.vasp,1.124,1.339793295
2AgClSe2-1-2-1_0_0_1-0.82_0.59.vasp,1.252,1.339793295
2AgClSe2-1-2-1_0_0_1-0_0.5.vasp,1.301,1.339793295
2AgClSe2-1-2-1_0_0_1-0_0.vasp,1.114,1.339793295
2AgClSe2-1-2-1_0_0_1-Iz--0.18_-0.59.vasp,1.252,1.339793295
2AgClSe2-1-2-1_0_0_1-Iz--0.31_0.01.vasp,1.162,1.339793295
2AgClSe2-1-2-1_0_0_1-Iz--0.33_-0.12.vasp,1.18,1.339793295
2AgClSe2-1-2-1_0_0_1-Iz--0.66_0.2.vasp,1.284,1.339793295
2AgClSe2-1-2-1_0_0_1-Iz-0.01_0.33.vasp,1.141,1.339793295
2AgClSe2-1-2-1_0_0_1-Iz-0.17_-0.78.vasp,1.175,1.339793295
2AgClSe2-1-2-1_0_0_1-Iz-0.17_0.79.vasp,1.193,1.339793295
2AgClSe2-1-2-1_0_0_1-Iz-0.32_-0.32.vasp,1.247,1.339793295
2AgClSe2-1-2-1_0_0_1-Iz-0.32_0.32.vasp,1.235,1.339793295
2AgClSe2-1-2-1_0_0_1-Iz-0.34_-0.2.vasp,1.15,1.339793295
2AgClSe2-1-2-1_0_0_1-Iz-0.51_0.57.vasp,1.339,1.339793295
2AgClSe2-1-2-1_0_0_1-Iz-0.5_0.27.vasp,1.307,1.339793295
2AgClSe2-1-2-1_0_0_1-Iz-0.5_0.91.vasp,1.095,1.339793295
2AgClSe2-1-2-1_0_0_1-Iz-0.5_0.vasp,1.108,1.339793295
2AgClSe2-1-2-1_0_0_1-Iz-0.67_0.12.vasp,1.141,1.339793295
2AgClSe2-1-2-1_0_0_1-Iz-0.82_0.59.vasp,1.126,1.339793295
2AgClSe2-1-2-1_0_0_1-Iz-0_0.5.vasp,1.223,1.339793295
2AgClTe2-1-2--1_0_0_-1--0.09_-0.08.vasp,1.057,1.291367909
2AgClTe2-1-2--1_0_0_-1--0.1_-0.36.vasp,1.125,1.291367909
2AgClTe2-1-2--1_0_0_-1--0.23_0.4.vasp,1.069,1.291367909
2AgClTe2-1-2--1_0_0_-1--0.25_-0.84.vasp,1.085,1.291367909
2AgClTe2-1-2--1_0_0_-1--0.4_-0.38.vasp,0.922,1.291367909
2AgClTe2-1-2--1_0_0_-1--0.6_-0.67.vasp,0.934,1.291367909
2AgClTe2-1-2--1_0_0_-1--0.75_-0.19.vasp,0.928,1.291367909
2AgClTe2-1-2--1_0_0_-1--0.92_-0.97.vasp,0.999,1.291367909
2AgClTe2-1-2--1_0_0_-1--0.9_-0.65.vasp,1.141,1.291367909
2AgClTe2-1-2--1_0_0_-1-0.07_0.43.vasp,1.136,1.291367909
2AgClTe2-1-2--1_0_0_-1-0.12_0.21.vasp,1.081,1.291367909
2AgClTe2-1-2--1_0_0_-1-0.21_-0.06.vasp,0.914,1.291367909
2AgClTe2-1-2--1_0_0_-1-0.42_0.23.vasp,0.878,1.291367909
2AgClTe2-1-2--1_0_0_-1-0.5_0.5.vasp,0.894,1.291367909
2AgClTe2-1-2--1_0_0_-1-0.71_0.25.vasp,1.034,1.291367909
2AgClTe2-1-2--1_0_0_-1-Iz--0.1_-0.36.vasp,0.884,1.291367909
2AgClTe2-1-2--1_0_0_-1-Iz--0.1_0.24.vasp,0.921,1.291367909
2AgClTe2-1-2--1_0_0_-1-Iz--0.23_-0.52.vasp,1.04,1.291367909
2AgClTe2-1-2--1_0_0_-1-Iz--0.23_0.4.vasp,1.079,1.291367909
2AgClTe2-1-2--1_0_0_-1-Iz--0.25_-0.84.vasp,1.05,1.291367909
2AgClTe2-1-2--1_0_0_-1-Iz--0.25_0.73.vasp,0.909,1.291367909
2AgClTe2-1-2--1_0_0_-1-Iz--0.28_-0.39.vasp,0.873,1.291367909
2AgClTe2-1-2--1_0_0_-1-Iz--0.29_-0.37.vasp,0.862,1.291367909
2AgClTe2-1-2--1_0_0_-1-Iz--0.42_-0.06.vasp,0.904,1.291367909
2AgClTe2-1-2--1_0_0_-1-Iz--0.43_0.11.vasp,1.191,1.291367909
2AgClTe2-1-2--1_0_0_-1-Iz--0.4_-0.38.vasp,1.038,1.291367909
2AgClTe2-1-2--1_0_0_-1-Iz--0.4_0.26.vasp,1.218,1.291367909
2AgClTe2-1-2--1_0_0_-1-Iz--0.59_-0.35.vasp,1.151,1.291367909
2AgClTe2-1-2--1_0_0_-1-Iz--0.6_-0.67.vasp,1.258,1.291367909
2AgClTe2-1-2--1_0_0_-1-Iz--0.88_-0.32.vasp,1.089,1.291367909
2AgClTe2-1-2--1_0_0_-1-Iz--0.9_-0.65.vasp,0.922,1.291367909
2AgClTe2-1-2--1_0_0_-1-Iz-0.07_0.43.vasp,0.972,1.291367909
2AgClTe2-1-2--1_0_0_-1-Iz-0.1_0.53.vasp,1.06,1.291367909
2AgClTe2-1-2--1_0_0_-1-Iz-0.25_0.07.vasp,1.118,1.291367909
2AgClTe2-1-2--1_0_0_-1-Iz-0.42_0.23.vasp,1.261,1.291367909
2AgClTe2-1-2--1_0_0_-1-Iz-0.4_0.55.vasp,1.163,1.291367909
2AgClTe2-1-2--1_0_0_-1-Iz-0.57_-0.23.vasp,1.099,1.291367909
2AgClTe2-1-2--1_0_0_-1-Iz-0.5_0.5.vasp,1.178,1.291367909
2AgClTe2-1-2--1_0_0_-1-Iz-0.5_0.vasp,1.0,1.291367909
2AgClTe2-1-2--1_0_0_-1-Iz-0.71_0.25.vasp,1.129,1.291367909
2AgClTe2-1-2--1_0_0_-1-Iz-0_0.5.vasp,0.973,1.291367909
2AgClTe2-1-2-1_0_0_1--0.02_-0.32.vasp,1.163,1.291367909
2AgClTe2-1-2-1_0_0_1--0.02_0.32.vasp,1.213,1.291367909
2AgClTe2-1-2-1_0_0_1--0.15_-0.46.vasp,1.036,1.291367909
2AgClTe2-1-2-1_0_0_1--0.15_0.46.vasp,1.053,1.291367909
2AgClTe2-1-2-1_0_0_1--0.17_-0.78.vasp,1.129,1.291367909
2AgClTe2-1-2-1_0_0_1--0.17_0.78.vasp,1.086,1.291367909
2AgClTe2-1-2-1_0_0_1--0.32_-0.3.vasp,0.97,1.291367909
2AgClTe2-1-2-1_0_0_1--0.32_0.3.vasp,0.937,1.291367909
2AgClTe2-1-2-1_0_0_1--0.52_-0.59.vasp,0.894,1.291367909
2AgClTe2-1-2-1_0_0_1--0.82_-0.61.vasp,1.047,1.291367909
2AgClTe2-1-2-1_0_0_1--0.8_-0.29.vasp,1.043,1.291367909
2AgClTe2-1-2-1_0_0_1-0.18_0.61.vasp,1.02,1.291367909
2AgClTe2-1-2-1_0_0_1-0.2_0.29.vasp,1.077,1.291367909
2AgClTe2-1-2-1_0_0_1-0.33_0.13.vasp,0.91,1.291367909
2AgClTe2-1-2-1_0_0_1-0.48_0.59.vasp,0.931,1.291367909
2AgClTe2-1-2-1_0_0_1-0.5_0.27.vasp,0.863,1.291367909
2AgClTe2-1-2-1_0_0_1-0.5_0.5.vasp,0.956,1.291367909
2AgClTe2-1-2-1_0_0_1-0_0.5.vasp,1.155,1.291367909
2AgClTe2-1-2-1_0_0_1-0_0.vasp,1.014,1.291367909
2AgClTe2-1-2-1_0_0_1-Iz--0.02_-0.32.vasp,0.848,1.291367909
2AgClTe2-1-2-1_0_0_1-Iz--0.15_-0.46.vasp,0.935,1.291367909
2AgClTe2-1-2-1_0_0_1-Iz--0.15_0.46.vasp,1.024,1.291367909
2AgClTe2-1-2-1_0_0_1-Iz--0.17_-0.78.vasp,1.007,1.291367909
2AgClTe2-1-2-1_0_0_1-Iz--0.17_0.78.vasp,0.919,1.291367909
2AgClTe2-1-2-1_0_0_1-Iz--0.32_-0.3.vasp,1.015,1.291367909
2AgClTe2-1-2-1_0_0_1-Iz--0.32_0.3.vasp,1.092,1.291367909
2AgClTe2-1-2-1_0_0_1-Iz--0.3_-0.02.vasp,1.033,1.291367909
2AgClTe2-1-2-1_0_0_1-Iz--0.52_-0.59.vasp,1.172,1.291367909
2AgClTe2-1-2-1_0_0_1-Iz--0.5_-0.91.vasp,0.944,1.291367909
2AgClTe2-1-2-1_0_0_1-Iz--0.67_-0.13.vasp,1.034,1.291367909
2AgClTe2-1-2-1_0_0_1-Iz--0.82_-0.61.vasp,0.855,1.291367909
2AgClTe2-1-2-1_0_0_1-Iz--0.8_-0.29.vasp,1.035,1.291367909
2AgClTe2-1-2-1_0_0_1-Iz-0.18_0.61.vasp,1.055,1.291367909
2AgClTe2-1-2-1_0_0_1-Iz-0.2_0.29.vasp,0.875,1.291367909
2AgClTe2-1-2-1_0_0_1-Iz-0.33_0.13.vasp,1.082,1.291367909
2AgClTe2-1-2-1_0_0_1-Iz-0.5_0.27.vasp,1.15,1.291367909
2AgClTe2-1-2-1_0_0_1-Iz-0.5_0.5.vasp,1.218,1.291367909
2AgClTe2-1-2-1_0_0_1-Iz-0.5_0.vasp,0.914,1.291367909
2AgClTe2-1-2-1_0_0_1-Iz-0_0.5.vasp,0.909,1.291367909
2AgITe2-1-2--1_0_0_-1--0.27_0.34.vasp,1.036,1.024732963
2AgITe2-1-2--1_0_0_-1-0.02_0.25.vasp,1.061,1.024732963
2AgITe2-1-2--1_0_0_-1-0.02_0.35.vasp,1.049,1.024732963
2AgITe2-1-2--1_0_0_-1-0.08_0.15.vasp,1.024,1.024732963
2AgITe2-1-2--1_0_0_-1-0.17_-0.13.vasp,0.928,1.024732963
2AgITe2-1-2--1_0_0_-1-0.17_0.72.vasp,0.895,1.024732963
2AgITe2-1-2--1_0_0_-1-0.32_0.25.vasp,0.828,1.024732963
2AgITe2-1-2--1_0_0_-1-0.38_0.16.vasp,0.785,1.024732963
2AgITe2-1-2--1_0_0_-1-0.52_0.53.vasp,0.849,1.024732963
2AgITe2-1-2--1_0_0_-1-0.53_-0.31.vasp,0.896,1.024732963
2AgITe2-1-2--1_0_0_-1-0.67_0.06.vasp,0.92,1.024732963
2AgITe2-1-2--1_0_0_-1-0.67_0.16.vasp,0.979,1.024732963
2AgITe2-1-2--1_0_0_-1-0.82_0.54.vasp,1.051,1.024732963
2AgITe2-1-2--1_0_0_-1-0.96_0.91.vasp,0.933,1.024732963
2AgITe2-1-2--1_0_0_-1-Iz--0.18_0.2.vasp,0.875,1.024732963
2AgITe2-1-2--1_0_0_-1-Iz--0.27_0.34.vasp,0.942,1.024732963
2AgITe2-1-2--1_0_0_-1-Iz--0.33_-0.42.vasp,0.938,1.024732963
2AgITe2-1-2--1_0_0_-1-Iz--0.33_0.68.vasp,0.922,1.024732963
2AgITe2-1-2--1_0_0_-1-Iz--0.42_-0.13.vasp,0.929,1.024732963
2AgITe2-1-2--1_0_0_-1-Iz--0.48_0.05.vasp,1.047,1.024732963
2AgITe2-1-2--1_0_0_-1-Iz--0.48_0.21.vasp,1.092,1.024732963
2AgITe2-1-2--1_0_0_-1-Iz--0.62_-0.41.vasp,1.056,1.024732963
2AgITe2-1-2--1_0_0_-1-Iz--0.92_-0.4.vasp,0.962,1.024732963
2AgITe2-1-2--1_0_0_-1-Iz-0.02_0.35.vasp,0.904,1.024732963
2AgITe2-1-2--1_0_0_-1-Iz-0.02_0.49.vasp,0.942,1.024732963
2AgITe2-1-2--1_0_0_-1-Iz-0.08_0.15.vasp,0.826,1.024732963
2AgITe2-1-2--1_0_0_-1-Iz-0.17_0.02.vasp,0.864,1.024732963
2AgITe2-1-2--1_0_0_-1-Iz-0.17_0.72.vasp,0.979,1.024732963
2AgITe2-1-2--1_0_0_-1-Iz-0.32_0.25.vasp,1.117,1.024732963
2AgITe2-1-2--1_0_0_-1-Iz-0.32_0.5.vasp,1.059,1.024732963
2AgITe2-1-2--1_0_0_-1-Iz-0.38_0.16.vasp,1.131,1.024732963
2AgITe2-1-2--1_0_0_-1-Iz-0.46_0.87.vasp,0.964,1.024732963
2AgITe2-1-2--1_0_0_-1-Iz-0.52_0.53.vasp,1.065,1.024732963
2AgITe2-1-2--1_0_0_-1-Iz-0.53_-0.31.vasp,1.071,1.024732963
2AgITe2-1-2--1_0_0_-1-Iz-0.67_0.06.vasp,0.938,1.024732963
2AgITe2-1-2--1_0_0_-1-Iz-0.67_0.16.vasp,0.982,1.024732963
2AgITe2-1-2--1_0_0_-1-Iz-0.82_0.54.vasp,0.782,1.024732963
2AgITe2-1-2--1_0_0_1--0.77_-0.47.vasp,0.905,1.024732963
2AgITe2-1-2--1_0_0_1-0_0.5.vasp,1.105,1.024732963
2AgITe2-1-2--1_0_0_1-Iz--0.63_0.vasp,0.923,1.024732963
2AgITe2-1-2--1_0_0_1-Iz-0_0.5.vasp,0.892,1.024732963
2AgITe2-1-2-1_0_0_-1--0.29_0.68.vasp,0.922,1.024732963
2AgITe2-1-2-1_0_0_-1--0.65_-0.59.vasp,0.889,1.024732963
2AgITe2-1-2-1_0_0_-1-Iz-0.5_0.vasp,1.042,1.024732963
2AgITe2-1-2-1_0_0_1--0.15_0.47.vasp,1.024,1.024732963
2AgITe2-1-2-1_0_0_1--0.21_0.81.vasp,0.955,1.024732963
2AgITe2-1-2-1_0_0_1--0.36_0.33.vasp,0.833,1.024732963
2AgITe2-1-2-1_0_0_1--0.5_-0.28.vasp,0.874,1.024732963
2AgITe2-1-2-1_0_0_1--0.8_-0.28.vasp,0.992,1.024732963
2AgITe2-1-2-1_0_0_1-0.14_0.37.vasp,1.044,1.024732963
2AgITe2-1-2-1_0_0_1-0.15_-0.47.vasp,1.02,1.024732963
2AgITe2-1-2-1_0_0_1-0.29_0.15.vasp,0.845,1.024732963
2AgITe2-1-2-1_0_0_1-0.29_0.85.vasp,0.942,1.024732963
2AgITe2-1-2-1_0_0_1-0.2_0.28.vasp,0.989,1.024732963
2AgITe2-1-2-1_0_0_1-0.44_0.38.vasp,0.805,1.024732963
2AgITe2-1-2-1_0_0_1-0.44_0.62.vasp,0.851,1.024732963
2AgITe2-1-2-1_0_0_1-0.5_0.28.vasp,0.719,1.024732963
2AgITe2-1-2-1_0_0_1-0.5_0.5.vasp,0.859,1.024732963
2AgITe2-1-2-1_0_0_1-0.64_0.67.vasp,0.887,1.024732963
2AgITe2-1-2-1_0_0_1-0.79_0.19.vasp,0.917,1.024732963
2AgITe2-1-2-1_0_0_1-0.94_0.66.vasp,1.061,1.024732963
2AgITe2-1-2-1_0_0_1-0_0.5.vasp,1.051,1.024732963
2AgITe2-1-2-1_0_0_1-0_0.vasp,0.934,1.024732963
2AgITe2-1-2-1_0_0_1-Iz--0.06_0.34.vasp,0.858,1.024732963
2AgITe2-1-2-1_0_0_1-Iz--0.15_0.47.vasp,0.929,1.024732963
2AgITe2-1-2-1_0_0_1-Iz--0.21_0.81.vasp,0.873,1.024732963
2AgITe2-1-2-1_0_0_1-Iz--0.36_0.33.vasp,1.012,1.024732963
2AgITe2-1-2-1_0_0_1-Iz--0.3_-0.01.vasp,0.941,1.024732963
2AgITe2-1-2-1_0_0_1-Iz--0.65_0.19.vasp,1.002,1.024732963
2AgITe2-1-2-1_0_0_1-Iz--0.8_-0.28.vasp,0.932,1.024732963
2AgITe2-1-2-1_0_0_1-Iz-0.29_0.85.vasp,0.944,1.024732963
2AgITe2-1-2-1_0_0_1-Iz-0.2_0.28.vasp,0.846,1.024732963
2AgITe2-1-2-1_0_0_1-Iz-0.44_0.38.vasp,1.089,1.024732963
2AgITe2-1-2-1_0_0_1-Iz-0.44_0.62.vasp,1.07,1.024732963
2AgITe2-1-2-1_0_0_1-Iz-0.5_0.04.vasp,0.97,1.024732963
2AgITe2-1-2-1_0_0_1-Iz-0.5_0.28.vasp,1.065,1.024732963
2AgITe2-1-2-1_0_0_1-Iz-0.5_0.5.vasp,1.113,1.024732963
2AgITe2-1-2-1_0_0_1-Iz-0.94_0.66.vasp,0.761,1.024732963
2AgITe2-1-2-1_0_0_1-Iz-0_0.5.vasp,0.812,1.024732963
2AuBrTe2-1-2--1_0_0_-1--0.1_-0.38.vasp,0.768,1.013351165
2AuBrTe2-1-2--1_0_0_-1--0.27_0.35.vasp,0.709,1.013351165
2AuBrTe2-1-2--1_0_0_-1--0.28_-0.84.vasp,0.772,1.013351165
2AuBrTe2-1-2--1_0_0_-1--0.43_-0.41.vasp,0.629,1.013351165
2AuBrTe2-1-2--1_0_0_-1--0.6_-0.7.vasp,0.634,1.013351165
2AuBrTe2-1-2--1_0_0_-1--0.78_-0.23.vasp,0.652,1.013351165
2AuBrTe2-1-2--1_0_0_-1--0.92_-0.67.vasp,0.824,1.013351165
2AuBrTe2-1-2--1_0_0_-1--0.94_-0.99.vasp,0.632,1.013351165
2AuBrTe2-1-2--1_0_0_-1-0.09_0.18.vasp,0.785,1.013351165
2AuBrTe2-1-2--1_0_0_-1-0.41_0.21.vasp,0.607,1.013351165
2AuBrTe2-1-2--1_0_0_-1-0.5_0.5.vasp,0.612,1.013351165
2AuBrTe2-1-2--1_0_0_-1-0.73_0.24.vasp,0.717,1.013351165
2AuBrTe2-1-2--1_0_0_-1-Iz--0.1_-0.38.vasp,0.676,1.013351165
2AuBrTe2-1-2--1_0_0_-1-Iz--0.1_0.21.vasp,0.692,1.013351165
2AuBrTe2-1-2--1_0_0_-1-Iz--0.27_-0.4.vasp,0.601,1.013351165
2AuBrTe2-1-2--1_0_0_-1-Iz--0.27_-0.51.vasp,0.712,1.013351165
2AuBrTe2-1-2--1_0_0_-1-Iz--0.27_0.35.vasp,0.807,1.013351165
2AuBrTe2-1-2--1_0_0_-1-Iz--0.28_-0.84.vasp,0.838,1.013351165
2AuBrTe2-1-2--1_0_0_-1-Iz--0.28_0.68.vasp,0.641,1.013351165
2AuBrTe2-1-2--1_0_0_-1-Iz--0.42_0.25.vasp,0.9,1.013351165
2AuBrTe2-1-2--1_0_0_-1-Iz--0.43_-0.41.vasp,0.756,1.013351165
2AuBrTe2-1-2--1_0_0_-1-Iz--0.44_-0.08.vasp,0.568,1.013351165
2AuBrTe2-1-2--1_0_0_-1-Iz--0.45_0.06.vasp,0.777,1.013351165
2AuBrTe2-1-2--1_0_0_-1-Iz--0.59_-0.37.vasp,0.9,1.013351165
2AuBrTe2-1-2--1_0_0_-1-Iz--0.6_-0.7.vasp,0.898,1.013351165
2AuBrTe2-1-2--1_0_0_-1-Iz--0.92_-0.67.vasp,0.645,1.013351165
2AuBrTe2-1-2--1_0_0_-1-Iz-0.08_0.5.vasp,0.797,1.013351165
2AuBrTe2-1-2--1_0_0_-1-Iz-0.09_0.18.vasp,0.718,1.013351165
2AuBrTe2-1-2--1_0_0_-1-Iz-0.22_0.07.vasp,0.811,1.013351165
2AuBrTe2-1-2--1_0_0_-1-Iz-0.41_0.21.vasp,0.916,1.013351165
2AuBrTe2-1-2--1_0_0_-1-Iz-0.4_0.54.vasp,0.868,1.013351165
2AuBrTe2-1-2--1_0_0_-1-Iz-0.55_-0.22.vasp,0.854,1.013351165
2AuBrTe2-1-2--1_0_0_-1-Iz-0.5_0.5.vasp,0.815,1.013351165
2AuBrTe2-1-2--1_0_0_-1-Iz-0.5_0.vasp,0.677,1.013351165
2AuBrTe2-1-2--1_0_0_1-0.5_0.5.vasp,0.673,1.013351165
2AuBrTe2-1-2--1_0_0_1-0_0.5.vasp,0.869,1.013351165
2AuBrTe2-1-2--1_0_0_1-Iz-0.5_0.5.vasp,0.866,1.013351165
2AuBrTe2-1-2--1_0_0_1-Iz-0.5_0.vasp,0.658,1.013351165
2AuBrTe2-1-2--1_0_0_1-Iz-0_0.5.vasp,0.617,1.013351165
2AuBrTe2-1-2-1_0_0_-1-0.5_0.5.vasp,0.642,1.013351165
2AuBrTe2-1-2-1_0_0_-1-Iz-0.5_0.5.vasp,0.836,1.013351165
2AuBrTe2-1-2-1_0_0_-1-Iz-0.5_0.vasp,0.69,1.013351165
2AuBrTe2-1-2-1_0_0_1--0.01_-0.33.vasp,0.794,1.013351165
2AuBrTe2-1-2-1_0_0_1--0.01_0.33.vasp,0.917,1.013351165
2AuBrTe2-1-2-1_0_0_1--0.16_-0.76.vasp,0.791,1.013351165
2AuBrTe2-1-2-1_0_0_1--0.16_0.76.vasp,0.775,1.013351165
2AuBrTe2-1-2-1_0_0_1--0.33_-0.29.vasp,0.701,1.013351165
2AuBrTe2-1-2-1_0_0_1--0.33_0.29.vasp,0.627,1.013351165
2AuBrTe2-1-2-1_0_0_1--0.51_-0.58.vasp,0.63,1.013351165
2AuBrTe2-1-2-1_0_0_1--0.83_-0.62.vasp,0.778,1.013351165
2AuBrTe2-1-2-1_0_0_1-0.17_0.62.vasp,0.644,1.013351165
2AuBrTe2-1-2-1_0_0_1-0.18_-0.46.vasp,0.687,1.013351165
2AuBrTe2-1-2-1_0_0_1-0.18_0.47.vasp,0.745,1.013351165
2AuBrTe2-1-2-1_0_0_1-0.35_0.15.vasp,0.6,1.013351165
2AuBrTe2-1-2-1_0_0_1-0.49_0.58.vasp,0.603,1.013351165
2AuBrTe2-1-2-1_0_0_1-0.5_0.26.vasp,0.549,1.013351165
2AuBrTe2-1-2-1_0_0_1-0.5_0.5.vasp,0.648,1.013351165
2AuBrTe2-1-2-1_0_0_1-0_0.5.vasp,0.876,1.013351165
2AuBrTe2-1-2-1_0_0_1-0_0.vasp,0.661,1.013351165
2AuBrTe2-1-2-1_0_0_1-Iz--0.01_-0.33.vasp,0.663,1.013351165
2AuBrTe2-1-2-1_0_0_1-Iz--0.16_-0.76.vasp,0.759,1.013351165
2AuBrTe2-1-2-1_0_0_1-Iz--0.16_0.76.vasp,0.75,1.013351165
2AuBrTe2-1-2-1_0_0_1-Iz--0.33_-0.29.vasp,0.717,1.013351165
2AuBrTe2-1-2-1_0_0_1-Iz--0.33_0.29.vasp,0.811,1.013351165
2AuBrTe2-1-2-1_0_0_1-Iz--0.51_-0.58.vasp,0.818,1.013351165
2AuBrTe2-1-2-1_0_0_1-Iz--0.5_-0.91.vasp,0.648,1.013351165
2AuBrTe2-1-2-1_0_0_1-Iz--0.66_-0.15.vasp,0.732,1.013351165
2AuBrTe2-1-2-1_0_0_1-Iz--0.83_-0.62.vasp,0.542,1.013351165
2AuBrTe2-1-2-1_0_0_1-Iz-0.17_0.62.vasp,0.762,1.013351165
2AuBrTe2-1-2-1_0_0_1-Iz-0.18_-0.46.vasp,0.722,1.013351165
2AuBrTe2-1-2-1_0_0_1-Iz-0.18_0.47.vasp,0.587,1.013351165
2AuBrTe2-1-2-1_0_0_1-Iz-0.35_0.15.vasp,0.834,1.013351165
2AuBrTe2-1-2-1_0_0_1-Iz-0.5_0.26.vasp,0.867,1.013351165
2AuBrTe2-1-2-1_0_0_1-Iz-0.5_0.5.vasp,0.86,1.013351165
2AuBrTe2-1-2-1_0_0_1-Iz-0.5_0.vasp,0.612,1.013351165
2AuBrTe2-1-2-1_0_0_1-Iz-0_0.5.vasp,0.662,1.013351165
2AuClTe2-1-2--1_0_0_-1--0.06_-0.33.vasp,0.727,0.980988066
2AuClTe2-1-2--1_0_0_-1--0.07_-0.08.vasp,0.738,0.980988066
2AuClTe2-1-2--1_0_0_-1--0.24_-0.8.vasp,0.717,0.980988066
2AuClTe2-1-2--1_0_0_-1--0.25_0.39.vasp,0.671,0.980988066
2AuClTe2-1-2--1_0_0_-1--0.38_-0.37.vasp,0.584,0.980988066
2AuClTe2-1-2--1_0_0_-1--0.56_-0.66.vasp,0.611,0.980988066
2AuClTe2-1-2--1_0_0_-1--0.74_-0.19.vasp,0.565,0.980988066
2AuClTe2-1-2--1_0_0_-1--0.87_-0.95.vasp,0.559,0.980988066
2AuClTe2-1-2--1_0_0_-1--0.88_-0.62.vasp,0.802,0.980988066
2AuClTe2-1-2--1_0_0_-1-0.11_0.21.vasp,0.736,0.980988066
2AuClTe2-1-2--1_0_0_-1-0.25_-0.04.vasp,0.445,0.980988066
2AuClTe2-1-2--1_0_0_-1-0.43_0.25.vasp,0.591,0.980988066
2AuClTe2-1-2--1_0_0_-1-0.5_0.5.vasp,0.602,0.980988066
2AuClTe2-1-2--1_0_0_-1-0.75_0.29.vasp,0.666,0.980988066
2AuClTe2-1-2--1_0_0_-1-0_0.5.vasp,0.835,0.980988066
2AuClTe2-1-2--1_0_0_-1-Iz--0.06_-0.33.vasp,0.62,0.980988066
2AuClTe2-1-2--1_0_0_-1-Iz--0.06_0.24.vasp,0.694,0.980988066
2AuClTe2-1-2--1_0_0_-1-Iz--0.24_-0.8.vasp,0.807,0.980988066
2AuClTe2-1-2--1_0_0_-1-Iz--0.24_0.71.vasp,0.527,0.980988066
2AuClTe2-1-2--1_0_0_-1-Iz--0.25_-0.38.vasp,0.535,0.980988066
2AuClTe2-1-2--1_0_0_-1-Iz--0.25_-0.48.vasp,0.704,0.980988066
2AuClTe2-1-2--1_0_0_-1-Iz--0.25_0.39.vasp,0.843,0.980988066
2AuClTe2-1-2--1_0_0_-1-Iz--0.37_-0.04.vasp,0.543,0.980988066
2AuClTe2-1-2--1_0_0_-1-Iz--0.38_-0.37.vasp,0.666,0.980988066
2AuClTe2-1-2--1_0_0_-1-Iz--0.38_0.28.vasp,0.907,0.980988066
2AuClTe2-1-2--1_0_0_-1-Iz--0.43_0.1.vasp,0.723,0.980988066
2AuClTe2-1-2--1_0_0_-1-Iz--0.56_-0.66.vasp,0.896,0.980988066
2AuClTe2-1-2--1_0_0_-1-Iz--0.57_-0.34.vasp,0.823,0.980988066
2AuClTe2-1-2--1_0_0_-1-Iz--0.88_-0.62.vasp,0.569,0.980988066
2AuClTe2-1-2--1_0_0_-1-Iz--0.89_-0.3.vasp,0.756,0.980988066
2AuClTe2-1-2--1_0_0_-1-Iz-0.11_0.21.vasp,0.635,0.980988066
2AuClTe2-1-2--1_0_0_-1-Iz-0.12_0.53.vasp,0.759,0.980988066
2AuClTe2-1-2--1_0_0_-1-Iz-0.26_0.1.vasp,0.717,0.980988066
2AuClTe2-1-2--1_0_0_-1-Iz-0.43_0.25.vasp,0.867,0.980988066
2AuClTe2-1-2--1_0_0_-1-Iz-0.44_0.57.vasp,0.828,0.980988066
2AuClTe2-1-2--1_0_0_-1-Iz-0.57_-0.18.vasp,0.771,0.980988066
2AuClTe2-1-2--1_0_0_-1-Iz-0.5_0.5.vasp,0.818,0.980988066
2AuClTe2-1-2--1_0_0_-1-Iz-0.5_0.vasp,0.629,0.980988066
2AuClTe2-1-2--1_0_0_-1-Iz-0.75_0.29.vasp,0.861,0.980988066
2AuClTe2-1-2--1_0_0_-1-Iz-0_0.5.vasp,0.667,0.980988066
2AuClTe2-1-2-1_0_0_1--0.13_-0.76.vasp,0.779,0.980988066
2AuClTe2-1-2-1_0_0_1--0.13_0.76.vasp,0.717,0.980988066
2AuClTe2-1-2-1_0_0_1--0.31_-0.28.vasp,0.652,0.980988066
2AuClTe2-1-2-1_0_0_1--0.31_0.28.vasp,0.606,0.980988066
2AuClTe2-1-2-1_0_0_1--0.49_-0.58.vasp,0.647,0.980988066
2AuClTe2-1-2-1_0_0_1--0.5_-0.33.vasp,0.599,0.980988066
2AuClTe2-1-2-1_0_0_1--0.5_-0.58.vasp,0.647,0.980988066
2AuClTe2-1-2-1_0_0_1--0.5_-0.9.vasp,0.494,0.980988066
2AuClTe2-1-2-1_0_0_1--0.81_-0.62.vasp,0.704,0.980988066
2AuClTe2-1-2-1_0_0_1-0.01_-0.32.vasp,0.733,0.980988066
2AuClTe2-1-2-1_0_0_1-0.01_0.32.vasp,0.911,0.980988066
2AuClTe2-1-2-1_0_0_1-0.18_0.47.vasp,0.68,0.980988066
2AuClTe2-1-2-1_0_0_1-0.19_0.62.vasp,0.594,0.980988066
2AuClTe2-1-2-1_0_0_1-0.37_0.14.vasp,0.48,0.980988066
2AuClTe2-1-2-1_0_0_1-0.51_0.58.vasp,0.583,0.980988066
2AuClTe2-1-2-1_0_0_1-0.5_0.25.vasp,0.494,0.980988066
2AuClTe2-1-2-1_0_0_1-0.5_0.33.vasp,0.583,0.980988066
2AuClTe2-1-2-1_0_0_1-0.5_0.5.vasp,0.637,0.980988066
2AuClTe2-1-2-1_0_0_1-0_0.5.vasp,0.842,0.980988066
2AuClTe2-1-2-1_0_0_1-0_0.vasp,0.66,0.980988066
2AuClTe2-1-2-1_0_0_1-Iz--0.13_-0.76.vasp,0.702,0.980988066
2AuClTe2-1-2-1_0_0_1-Iz--0.13_0.76.vasp,0.65,0.980988066
2AuClTe2-1-2-1_0_0_1-Iz--0.31_-0.28.vasp,0.673,0.980988066
2AuClTe2-1-2-1_0_0_1-Iz--0.31_0.28.vasp,0.749,0.980988066
2AuClTe2-1-2-1_0_0_1-Iz--0.32_-0.04.vasp,0.59,0.980988066
2AuClTe2-1-2-1_0_0_1-Iz--0.32_0.04.vasp,0.595,0.980988066
2AuClTe2-1-2-1_0_0_1-Iz--0.49_-0.58.vasp,0.839,0.980988066
2AuClTe2-1-2-1_0_0_1-Iz--0.5_-0.9.vasp,0.572,0.980988066
2AuClTe2-1-2-1_0_0_1-Iz--0.63_-0.15.vasp,0.615,0.980988066
2AuClTe2-1-2-1_0_0_1-Iz--0.81_-0.62.vasp,0.508,0.980988066
2AuClTe2-1-2-1_0_0_1-Iz-0.01_-0.32.vasp,0.635,0.980988066
2AuClTe2-1-2-1_0_0_1-Iz-0.18_0.47.vasp,0.552,0.980988066
2AuClTe2-1-2-1_0_0_1-Iz-0.19_0.62.vasp,0.743,0.980988066
2AuClTe2-1-2-1_0_0_1-Iz-0.37_0.14.vasp,0.738,0.980988066
2AuClTe2-1-2-1_0_0_1-Iz-0.5_0.25.vasp,0.802,0.980988066
2AuClTe2-1-2-1_0_0_1-Iz-0.5_0.33.vasp,0.847,0.980988066
2AuClTe2-1-2-1_0_0_1-Iz-0.5_0.5.vasp,0.88,0.980988066
2AuClTe2-1-2-1_0_0_1-Iz-0.5_0.vasp,0.551,0.980988066
2AuClTe2-1-2-1_0_0_1-Iz-0_0.5.vasp,0.608,0.980988066
2BiCuS2-1-2--1_0_0_-1-Iz--0.5_-0.51.vasp,0.388,0.135579803
2BrCuTe2-1-2--1_0_0_-1-Iz-0.11_0.27.vasp,0.857,0.872780973
2BrCuTe2-1-2--1_0_0_-1-Iz-0.45_0.93.vasp,0.98,0.872780973
2BrCuTe2-1-2-1_0_0_1-Iz-0.17_0.34.vasp,0.857,0.872780973
2ClCuTe2-1-2--1_0_0_-1-0.17_0.62.vasp,0.83,0.853348805
2ClCuTe2-1-2--1_0_0_-1-Iz--0.21_0.62.vasp,0.825,0.853348805
2ClCuTe2-1-2--1_0_0_-1-Iz-0.17_0.3.vasp,0.827,0.853348805
2ClCuTe2-1-2--1_0_0_-1-Iz-0.17_0.31.vasp,0.825,0.853348805
2ClCuTe2-1-2--1_0_0_-1-Iz-0.48_0.96.vasp,0.87,0.853348805
2ClCuTe2-1-2-1_0_0_1--0.19_0.34.vasp,0.822,0.853348805
2ClCuTe2-1-2-1_0_0_1--0.5_0.vasp,0.871,0.853348805
2ClCuTe2-1-2-1_0_0_1-0.19_0.66.vasp,0.822,0.853348805
2CuISe2-1-2--1_0_0_-1-Iz--0.11_0.54.vasp,0.876,0.790795944
2CuISe2-1-2--1_0_0_-1-Iz--0.12_0.54.vasp,0.877,0.790795944
2CuISe2-1-2--1_0_0_-1-Iz-0.06_0.37.vasp,0.877,0.790795944
2CuISe2-1-2--1_0_0_-1-Iz-0.89_0.54.vasp,0.876,0.790795944
2CuSbSe2-1-2--1_0_0_-1-Iz--0.5_-0.45.vasp,0.349,0.182523029
2FNiS2-1-2--1_0_0_-1-0.84_0.92.vasp,0.0,0.0
2HNiO2-1-2--1_0_0_-1--0.49_-0.9.vasp,0.0,0.0
2INbO2-1-2--1_0_0_-1-0.5_0.33.vasp,1.136,1.188084462
2INbO2-1-2--1_0_0_-1-0.5_0.84.vasp,1.159,1.188084462
2INbO2-1-2--1_0_0_-1-0_0.34.vasp,1.165,1.188084462
2INbO2-1-2--1_0_0_-1-0_0.39.vasp,1.165,1.188084462
2INbO2-1-2--1_0_0_-1-0_0.78.vasp,1.177,1.188084462
2INbO2-1-2-1_0_0_1-0.5_-0.06.vasp,1.171,1.188084462
2INbO2-1-2-1_0_0_1-0.5_0.45.vasp,1.134,1.188084462
2INbO2-1-2-1_0_0_1-0_0.44.vasp,1.164,1.188084462
2INbO2-1-2-1_0_0_1-0_0.49.vasp,1.163,1.188084462
2INbO2-1-2-1_0_0_1-0_0.vasp,1.182,1.188084462
2NbOI2-1-2--1_0_0_-1-Iz--0.42_-0.13.vasp,0.952,1.023561275
2NbOI2-1-2--1_0_0_-1-Iz--0.42_-0.14.vasp,0.948,1.023561275
2NbOI2-1-2--1_0_0_-1-Iz-0.07_-0.42.vasp,0.988,1.023561275
2NbOI2-1-2--1_0_0_-1-Iz-0.07_0.16.vasp,0.983,1.023561275
2NbOI2-1-2--1_0_0_-1-Iz-0.5_0.5.vasp,0.944,1.023561275
2NbOI2-1-2--1_0_0_-1-Iz-0.5_0.vasp,0.986,1.023561275
2NbOI2-1-2--1_0_0_-1-Iz-0_0.5.vasp,0.982,1.023561275
2NbOI2-1-2--1_0_0_1-0.5_0.vasp,0.945,1.023561275
2NbOI2-1-2-1_0_0_1--0.05_-0.21.vasp,0.953,1.023561275
2NbOI2-1-2-1_0_0_1--0.06_0.29.vasp,0.962,1.023561275
2NbOI2-1-2-1_0_0_1--0.55_0.58.vasp,0.97,1.023561275
2NbOI2-1-2-1_0_0_1--0.55_0.vasp,0.969,1.023561275
2NbOI2-1-2-1_0_0_1--1.0_-0.42.vasp,0.978,1.023561275
2NbOI2-1-2-1_0_0_1--1.0_0.vasp,0.966,1.023561275
2NbOI2-1-2-1_0_0_1-0.01_-0.5.vasp,0.984,1.023561275
2NbOI2-1-2-1_0_0_1-0.49_0.29.vasp,0.971,1.023561275
2NbOI2-1-2-1_0_0_1-0.5_0.28.vasp,0.97,1.023561275
2NbOI2-1-2-1_0_0_1-0.5_0.5.vasp,0.97,1.023561275
2OTaI2-1-2--1_0_0_-1-Iz-0.5_0.5.vasp,0.795,0.860633078
2OTaI2-1-2--1_0_0_-1-Iz-0_-0.18.vasp,0.807,0.860633078
2OTaI2-1-2--1_0_0_-1-Iz-0_0.5.vasp,0.812,0.860633078
2OTaI2-1-2-1_0_0_1-0.5_-0.01.vasp,0.799,0.860633078
2OTaI2-1-2-1_0_0_1-0.5_-0.58.vasp,0.834,0.860633078
2OTaI2-1-2-1_0_0_1-0.5_0.28.vasp,0.807,0.860633078
2OTaI2-1-2-1_0_0_1-0.5_0.29.vasp,0.809,0.860633078
2OTaI2-1-2-1_0_0_1-0.5_0.5.vasp,0.834,0.860633078
2OTaI2-1-2-1_0_0_1-0_-0.29.vasp,0.801,0.860633078
2OTaI2-1-2-1_0_0_1-0_0.21.vasp,0.8,0.860633078
2OTaI2-1-2-1_0_0_1-0_0.5.vasp,0.811,0.860633078
2OTaI2-1-2-1_0_0_1-0_0.vasp,0.816,0.860633078
1AgBiP2Se6-1-2--1_0_0_-1-0.33_-0.33.vasp,0.913,1.10075913
1AgBiP2Se6-1-2--1_0_0_-1-0.62_-0.37.vasp,0.923,1.10075913
1AgBiP2Se6-1-2--1_0_0_-1-0.65_-0.34.vasp,0.921,1.10075913
1AgBiP2Se6-1-2--1_0_0_-1-0.66_-0.33.vasp,0.92,1.10075913
1AgBiP2Se6-1-2--1_0_0_-1-0.67_-0.67.vasp,0.87,1.10075913
1AgBiP2Se6-1-2--1_0_0_-1-0.79_0.58.vasp,0.907,1.10075913
1AgBiP2Se6-1-2--1_0_0_-1-0.97_-0.34.vasp,0.915,1.10075913
1AgBiP2Se6-1-2--1_0_0_-1-0_0.vasp,0.905,1.10075913
1AgBiP2Se6-1-2--1_0_0_-1-1.01_-0.35.vasp,0.917,1.10075913
1AgBiP2Se6-1-2--1_0_0_-1-Iz-0.33_-0.33.vasp,1.011,1.10075913
1AgBiP2Se6-1-2--1_0_0_-1-Iz-0.62_-0.37.vasp,1.012,1.10075913
1AgBiP2Se6-1-2--1_0_0_-1-Iz-0.67_-0.67.vasp,0.916,1.10075913
1AgBiP2Se6-1-2--1_0_0_-1-Iz-0.79_0.58.vasp,0.96,1.10075913
1AgBiP2Se6-1-2--1_0_0_-1-Iz-0.97_-0.34.vasp,0.994,1.10075913
1AgBiP2Se6-1-2--1_0_0_-1-Iz-0.99_-0.36.vasp,0.996,1.10075913
1AgBiP2Se6-1-2--1_0_0_-1-Iz-0.99_-0.37.vasp,0.995,1.10075913
1AgBiP2Se6-1-2--1_0_0_-1-Iz-0_0.vasp,0.977,1.10075913
1AgBiP2Se6-1-2-1_0_0_1-0.03_-0.66.vasp,0.891,1.10075913
1AgBiP2Se6-1-2-1_0_0_1-0.33_-0.33.vasp,0.995,1.10075913
1AgBiP2Se6-1-2-1_0_0_1-0.67_-0.67.vasp,0.931,1.10075913
1AgBiP2Se6-1-2-1_0_0_1-1.0_-1.0.vasp,0.843,1.10075913
1AgBiP2Se6-1-2-1_0_0_1-Iz-0.33_-0.33.vasp,1.012,1.10075913
1AgBiP2Se6-1-2-1_0_0_1-Iz-0.38_-0.63.vasp,0.949,1.10075913
1AgBiP2Se6-1-2-1_0_0_1-Iz-0.5_0.vasp,0.939,1.10075913
1AgBiP2Se6-1-2-1_0_0_1-Iz-1.0_-1.0.vasp,0.969,1.10075913
1AgGaP2Se6-1-2--1_0_0_-1--0.32_-0.3.vasp,0.673,0.909813544
1AgGaP2Se6-1-2--1_0_0_-1--0.33_-0.67.vasp,0.771,0.909813544
1AgGaP2Se6-1-2--1_0_0_-1--0.35_-0.35.vasp,0.684,0.909813544
1AgGaP2Se6-1-2--1_0_0_-1--0.36_-0.35.vasp,0.685,0.909813544
1AgGaP2Se6-1-2--1_0_0_-1--0.67_-0.33.vasp,0.752,0.909813544
1AgGaP2Se6-1-2--1_0_0_-1-0.5_0.vasp,0.744,0.909813544
1AgGaP2Se6-1-2--1_0_0_-1-0.79_0.58.vasp,0.726,0.909813544
1AgGaP2Se6-1-2--1_0_0_-1-0_-1.0.vasp,0.753,0.909813544
1AgGaP2Se6-1-2--1_0_0_-1-Iz--0.32_-0.3.vasp,0.679,0.909813544
1AgGaP2Se6-1-2--1_0_0_-1-Iz--0.33_-0.67.vasp,0.722,0.909813544
1AgGaP2Se6-1-2--1_0_0_-1-Iz--0.67_-0.33.vasp,0.676,0.909813544
1AgGaP2Se6-1-2--1_0_0_-1-Iz--0.7_-0.68.vasp,0.761,0.909813544
1AgGaP2Se6-1-2--1_0_0_-1-Iz-0.5_0.vasp,0.759,0.909813544
1AgGaP2Se6-1-2--1_0_0_-1-Iz-0.79_0.58.vasp,0.74,0.909813544
1AgGaP2Se6-1-2--1_0_0_-1-Iz-0_-1.0.vasp,0.704,0.909813544
1AgGaP2Se6-1-2-1_0_0_1--0.32_-0.32.vasp,0.655,0.909813544
1AgGaP2Se6-1-2-1_0_0_1--0.3_-0.32.vasp,0.657,0.909813544
1AgGaP2Se6-1-2-1_0_0_1--0.67_-0.33.vasp,0.747,0.909813544
1AgGaP2Se6-1-2-1_0_0_1--0.68_-0.7.vasp,0.763,0.909813544
1AgGaP2Se6-1-2-1_0_0_1--1.0_0.vasp,0.655,0.909813544
1AgGaP2Se6-1-2-1_0_0_1-0.5_0.vasp,0.718,0.909813544
1AgGaP2Se6-1-2-1_0_0_1-0.79_0.58.vasp,0.749,0.909813544
1AgGaP2Se6-1-2-1_0_0_1-Iz--0.67_-0.33.vasp,0.781,0.909813544
1AgGaP2Se6-1-2-1_0_0_1-Iz--0.68_-0.68.vasp,0.682,0.909813544
1AgGaP2Se6-1-2-1_0_0_1-Iz--0.68_-0.7.vasp,0.683,0.909813544
1AgGaP2Se6-1-2-1_0_0_1-Iz--1.0_0.vasp,0.737,0.909813544
1AgGaP2Se6-1-2-1_0_0_1-Iz-0.5_0.vasp,0.694,0.909813544
1AgGaP2Se6-1-2-1_0_0_1-Iz-0.79_0.58.vasp,0.741,0.909813544
1AgInP2Se6-1-2--1_0_0_-1--0.32_-1.0.vasp,0.735,0.863046695
1AgInP2Se6-1-2--1_0_0_-1--0.63_-0.64.vasp,0.751,0.863046695
1AgInP2Se6-1-2--1_0_0_-1--0.94_-0.96.vasp,0.679,0.863046695
1AgInP2Se6-1-2--1_0_0_-1--0.95_-0.97.vasp,0.677,0.863046695
1AgInP2Se6-1-2--1_0_0_-1--0.98_-0.3.vasp,0.731,0.863046695
1AgInP2Se6-1-2--1_0_0_-1--0.98_-1.0.vasp,0.677,0.863046695
1AgInP2Se6-1-2--1_0_0_-1-0.29_0.58.vasp,0.703,0.863046695
1AgInP2Se6-1-2--1_0_0_-1-0.79_0.58.vasp,0.699,0.863046695
1AgInP2Se6-1-2--1_0_0_-1-Iz--0.32_-1.0.vasp,0.691,0.863046695
1AgInP2Se6-1-2--1_0_0_-1-Iz--0.3_-0.96.vasp,0.69,0.863046695
1AgInP2Se6-1-2--1_0_0_-1-Iz--0.63_-0.64.vasp,0.691,0.863046695
1AgInP2Se6-1-2--1_0_0_-1-Iz--0.64_-0.63.vasp,0.691,0.863046695
1AgInP2Se6-1-2--1_0_0_-1-Iz--0.95_-0.96.vasp,0.691,0.863046695
1AgInP2Se6-1-2--1_0_0_-1-Iz--0.96_-0.96.vasp,0.69,0.863046695
1AgInP2Se6-1-2--1_0_0_-1-Iz--0.97_-0.3.vasp,0.681,0.863046695
1AgInP2Se6-1-2--1_0_0_-1-Iz--0.98_-0.3.vasp,0.681,0.863046695
1AgInP2Se6-1-2--1_0_0_-1-Iz--0.98_-0.65.vasp,0.739,0.863046695
1AgInP2Se6-1-2--1_0_0_-1-Iz--0.98_-1.0.vasp,0.689,0.863046695
1AgInP2Se6-1-2--1_0_0_-1-Iz-0.29_0.58.vasp,0.716,0.863046695
1AgInP2Se6-1-2--1_0_0_-1-Iz-0.5_0.vasp,0.721,0.863046695
1AgInP2Se6-1-2--1_0_0_-1-Iz-0.79_0.58.vasp,0.712,0.863046695
1AgInP2Se6-1-2--1_1_0_1-0.79_0.58.vasp,0.708,0.863046695
1AgInP2Se6-1-2--1_1_0_1-Iz-0.79_0.58.vasp,0.714,0.863046695
1AgInP2Se6-1-2-1_-1_0_-1-0.29_0.58.vasp,0.7,0.863046695
1AgInP2Se6-1-2-1_-1_0_-1-0.79_0.58.vasp,0.726,0.863046695
1AgInP2Se6-1-2-1_-1_0_-1-Iz-0.29_0.58.vasp,0.725,0.863046695
1AgInP2Se6-1-2-1_-1_0_-1-Iz-0.79_0.58.vasp,0.725,0.863046695
1AgInP2Se6-1-2-1_0_0_1--0.33_-0.66.vasp,0.711,0.863046695
1AgInP2Se6-1-2-1_0_0_1--0.35_-0.7.vasp,0.709,0.863046695
1AgInP2Se6-1-2-1_0_0_1--0.66_0.vasp,0.663,0.863046695
1AgInP2Se6-1-2-1_0_0_1--0.68_0.vasp,0.664,0.863046695
1AgInP2Se6-1-2-1_0_0_1-0.79_0.58.vasp,0.712,0.863046695
1AgInP2Se6-1-2-1_0_0_1-0_-0.35.vasp,0.737,0.863046695
1AgInP2Se6-1-2-1_0_0_1-0_0.vasp,0.615,0.863046695
1AgInP2Se6-1-2-1_0_0_1-Iz--0.35_-0.7.vasp,0.744,0.863046695
1AgInP2Se6-1-2-1_0_0_1-Iz--0.66_0.vasp,0.674,0.863046695
1AgInP2Se6-1-2-1_0_0_1-Iz--0.68_0.vasp,0.676,0.863046695
1AgInP2Se6-1-2-1_0_0_1-Iz-0.5_0.vasp,0.685,0.863046695
1AgInP2Se6-1-2-1_0_0_1-Iz-0.79_0.58.vasp,0.707,0.863046695
1AgInP2Se6-1-2-1_0_0_1-Iz-0_0.vasp,0.704,0.863046695
1AgScP2Se6-1-2--1_0_0_-1--0.33_-0.67.vasp,1.608,1.633963703
1AgScP2Se6-1-2--1_0_0_-1--0.36_-0.36.vasp,1.542,1.633963703
1AgScP2Se6-1-2--1_0_0_-1--0.67_-0.33.vasp,1.6,1.633963703
1AgScP2Se6-1-2--1_0_0_-1--1.0_-1.0.vasp,1.576,1.633963703
1AgScP2Se6-1-2--1_0_0_-1-0.5_0.vasp,1.538,1.633963703
1AgScP2Se6-1-2--1_0_0_-1-Iz--0.33_-0.32.vasp,1.523,1.633963703
1AgScP2Se6-1-2--1_0_0_-1-Iz--0.33_-0.67.vasp,1.597,1.633963703
1AgScP2Se6-1-2--1_0_0_-1-Iz--0.34_-0.32.vasp,1.523,1.633963703
1AgScP2Se6-1-2--1_0_0_-1-Iz--0.36_-0.01.vasp,1.597,1.633963703
1AgScP2Se6-1-2--1_0_0_-1-Iz--0.36_-0.36.vasp,1.521,1.633963703
1AgScP2Se6-1-2--1_0_0_-1-Iz--0.67_-0.33.vasp,1.612,1.633963703
1AgScP2Se6-1-2--1_0_0_-1-Iz--1.0_-1.0.vasp,1.533,1.633963703
1AgScP2Se6-1-2-1_0_0_1--0.33_-0.67.vasp,1.579,1.633963703
1AgScP2Se6-1-2-1_0_0_1--0.64_-0.64.vasp,1.574,1.633963703
1AgScP2Se6-1-2-1_0_0_1--0.64_-0.99.vasp,1.501,1.633963703
1AgScP2Se6-1-2-1_0_0_1-0_0.vasp,1.507,1.633963703
1AgScP2Se6-1-2-1_0_0_1-Iz--0.33_-0.67.vasp,1.603,1.633963703
1AgScP2Se6-1-2-1_0_0_1-Iz--0.64_-0.64.vasp,1.536,1.633963703
1AgScP2Se6-1-2-1_0_0_1-Iz-0.5_0.vasp,1.531,1.633963703
1AgScP2Se6-1-2-1_0_0_1-Iz-0_0.vasp,1.539,1.633963703
1AgVP2Se6-1-2--1_0_0_-1--0.04_-0.02.vasp,1.156,0.35018613
1AgVP2Se6-1-2--1_0_0_-1--0.41_0.31.vasp,1.161,0.35018613
1AgVP2Se6-1-2--1_0_0_-1--0.4_0.31.vasp,1.161,0.35018613
1AgVP2Se6-1-2--1_0_0_-1-0.25_-0.39.vasp,1.148,0.35018613
1AgVP2Se6-1-2--1_0_0_-1-0.6_-0.69.vasp,1.161,0.35018613
1AgVP2Se6-1-2--1_0_0_-1-Iz--0.05_-0.03.vasp,1.081,0.35018613
1AgVP2Se6-1-2--1_0_0_-1-Iz-0.25_-0.39.vasp,1.204,0.35018613
1AgVP2Se6-1-2--1_0_0_-1-Iz-0.6_-0.02.vasp,1.224,0.35018613
1AgVP2Se6-1-2--1_0_0_-1-Iz-0.6_-0.69.vasp,1.152,0.35018613
1AgVP2Se6-1-2--1_0_0_-1-Iz-0.95_-0.37.vasp,1.159,0.35018613
1AgVP2Se6-1-2--1_0_0_-1-Iz-0.95_0.63.vasp,1.159,0.35018613
1AgVP2Se6-1-2-1_0_0_1-0.69_-0.66.vasp,1.202,0.35018613
1AgVP2Se6-1-2-1_0_0_1-Iz--0.34_0.99.vasp,1.158,0.35018613
1AgVP2Se6-1-2-1_0_0_1-Iz-0.31_0.32.vasp,1.094,0.35018613
1AgVP2Se6-1-2-1_0_0_1-Iz-0.67_-0.01.vasp,1.158,0.35018613
1AgVP2Se6-1-2-1_0_0_1-Iz-0.99_0.66.vasp,1.16,0.35018613
1AgVP2Se6-1-2-1_0_0_1-Iz-1.0_-0.34.vasp,1.16,0.35018613
1BiCuP2Se6-1-2--1_0_0_-1-0.34_-0.65.vasp,0.984,1.008688339
1BiCuP2Se6-1-2--1_0_0_-1-0.66_0.vasp,0.984,1.008688339
1BiCuP2Se6-1-2-1_0_0_1-0.68_-0.32.vasp,0.97,1.008688339
1CuInP2S6-1-2--1_0_0_-1-Iz--0.33_-0.67.vasp,1.537,1.545629466
1CuInP2S6-1-2--1_0_0_-1-Iz--0.33_-0.99.vasp,1.554,1.545629466
1CuInP2S6-1-2--1_0_0_-1-Iz--0.66_-0.33.vasp,1.491,1.545629466
1CuInP2S6-1-2--1_0_0_-1-Iz--1.0_-1.0.vasp,1.536,1.545629466
1CuInP2S6-1-2-1_0_0_1-Iz--0.68_0.vasp,1.516,1.545629466
1CuInP2S6-1-2-1_0_0_1-Iz-0.67_0.vasp,1.516,1.545629466
1CuInP2Se6-1-2--1_0_0_-1-Iz--0.33_-0.67.vasp,0.801,0.908036911
1CuInP2Se6-1-2--1_0_0_-1-Iz--0.33_-0.99.vasp,0.856,0.908036911
1CuInP2Se6-1-2--1_0_0_-1-Iz--0.66_-0.33.vasp,0.823,0.908036911
1CuInP2Se6-1-2--1_0_0_-1-Iz--1.0_-1.0.vasp,0.828,0.908036911
1CuInP2Se6-1-2-1_0_0_1--0.33_-0.67.vasp,0.709,0.908036911
1CuInP2Se6-1-2-1_0_0_1-Iz--0.68_0.vasp,0.845,0.908036911
1CuInP2Se6-1-2-1_0_0_1-Iz-0.32_0.vasp,0.846,0.908036911
2AlSiTe3-1-2--1_0_0_-1--0.05_-0.32.vasp,1.061,1.114525593
2AlSiTe3-1-2--1_0_0_-1--0.05_-0.96.vasp,1.03,1.114525593
2AlSiTe3-1-2--1_0_0_-1--0.33_-0.96.vasp,1.034,1.114525593
2AlSiTe3-1-2--1_0_0_-1-0.5_0.vasp,1.035,1.114525593
2AlSiTe3-1-2--1_0_0_-1-Iz-0.29_0.58.vasp,1.061,1.114525593
2AlSiTe3-1-2--1_0_0_-1-Iz-0.5_0.vasp,1.01,1.114525593
2AlSiTe3-1-2-1_0_0_1--0.67_-0.67.vasp,0.987,1.114525593
2AlSiTe3-1-2-1_0_0_1--0.69_-0.67.vasp,0.989,1.114525593
2AlSiTe3-1-2-1_0_0_1--0.71_-0.36.vasp,1.05,1.114525593
2AlSiTe3-1-2-1_0_0_1--0.71_0.vasp,1.089,1.114525593
2AlSiTe3-1-2-1_0_0_1--1.0_0.vasp,1.008,1.114525593
2AlSiTe3-1-2-1_0_0_1-Iz-0.79_0.58.vasp,1.057,1.114525593
2BiPS3-1-2--1_0_0_-1--0.05_-0.39.vasp,0.563,0.655290156
2BiPS3-1-2--1_0_0_-1--0.27_-0.93.vasp,0.579,0.655290156
2BiPS3-1-2--1_0_0_-1--0.29_-0.94.vasp,0.581,0.655290156
2BiPS3-1-2--1_0_0_-1--0.31_-0.36.vasp,0.536,0.655290156
2BiPS3-1-2--1_0_0_-1--0.31_-0.66.vasp,0.505,0.655290156
2BiPS3-1-2--1_0_0_-1--0.31_-0.94.vasp,0.579,0.655290156
2BiPS3-1-2--1_0_0_-1--0.42_-0.13.vasp,0.56,0.655290156
2BiPS3-1-2--1_0_0_-1--0.62_-0.7.vasp,0.538,0.655290156
2BiPS3-1-2--1_0_0_-1--0.67_-0.01.vasp,0.531,0.655290156
2BiPS3-1-2--1_0_0_-1--0.67_-0.35.vasp,0.542,0.655290156
2BiPS3-1-2--1_0_0_-1--0.67_0.04.vasp,0.511,0.655290156
2BiPS3-1-2--1_0_0_-1--0.67_0.vasp,0.527,0.655290156
2BiPS3-1-2--1_0_0_-1--0.7_-0.08.vasp,0.562,0.655290156
2BiPS3-1-2--1_0_0_-1--0.98_-0.65.vasp,0.453,0.655290156
2BiPS3-1-2--1_0_0_-1--0.99_-0.04.vasp,0.497,0.655290156
2BiPS3-1-2--1_0_0_-1--1.0_-0.67.vasp,0.457,0.655290156
2BiPS3-1-2--1_0_0_-1-0.01_-0.25.vasp,0.574,0.655290156
2BiPS3-1-2--1_0_0_-1-0.06_-0.32.vasp,0.603,0.655290156
2BiPS3-1-2--1_0_0_-1-0.23_-0.44.vasp,0.544,0.655290156
2BiPS3-1-2--1_0_0_-1-0.27_0.3.vasp,0.521,0.655290156
2BiPS3-1-2--1_0_0_-1-0.32_-0.68.vasp,0.537,0.655290156
2BiPS3-1-2--1_0_0_-1-0.37_-0.56.vasp,0.572,0.655290156
2BiPS3-1-2--1_0_0_-1-0.37_-0.84.vasp,0.489,0.655290156
2BiPS3-1-2--1_0_0_-1-0.5_0.vasp,0.55,0.655290156
2BiPS3-1-2--1_0_0_-1-0.63_-0.3.vasp,0.557,0.655290156
2BiPS3-1-2--1_0_0_-1-0.69_-0.56.vasp,0.514,0.655290156
2BiPS3-1-2--1_0_0_-1-0.78_0.57.vasp,0.514,0.655290156
2BiPS3-1-2--1_0_0_-1-0.89_0.25.vasp,0.508,0.655290156
2BiPS3-1-2--1_0_0_-1-0_-0.32.vasp,0.593,0.655290156
2BiPS3-1-2--1_0_0_-1-Iz--0.05_-0.39.vasp,0.633,0.655290156
2BiPS3-1-2--1_0_0_-1-Iz--0.31_-0.36.vasp,0.628,0.655290156
2BiPS3-1-2--1_0_0_-1-Iz--0.31_-0.66.vasp,0.63,0.655290156
2BiPS3-1-2--1_0_0_-1-Iz--0.31_-0.94.vasp,0.639,0.655290156
2BiPS3-1-2--1_0_0_-1-Iz--0.34_-0.98.vasp,0.638,0.655290156
2BiPS3-1-2--1_0_0_-1-Iz--0.42_-0.13.vasp,0.633,0.655290156
2BiPS3-1-2--1_0_0_-1-Iz--0.62_-0.7.vasp,0.631,0.655290156
2BiPS3-1-2--1_0_0_-1-Iz--0.67_-0.35.vasp,0.636,0.655290156
2BiPS3-1-2--1_0_0_-1-Iz--0.67_0.04.vasp,0.635,0.655290156
2BiPS3-1-2--1_0_0_-1-Iz--0.7_-0.08.vasp,0.637,0.655290156
2BiPS3-1-2--1_0_0_-1-Iz--0.98_-0.65.vasp,0.633,0.655290156
2BiPS3-1-2--1_0_0_-1-Iz--0.99_-0.04.vasp,0.633,0.655290156
2BiPS3-1-2--1_0_0_-1-Iz-0.01_-0.25.vasp,0.639,0.655290156
2BiPS3-1-2--1_0_0_-1-Iz-0.06_-0.32.vasp,0.64,0.655290156
2BiPS3-1-2--1_0_0_-1-Iz-0.23_-0.44.vasp,0.636,0.655290156
2BiPS3-1-2--1_0_0_-1-Iz-0.27_0.3.vasp,0.632,0.655290156
2BiPS3-1-2--1_0_0_-1-Iz-0.37_-0.56.vasp,0.632,0.655290156
2BiPS3-1-2--1_0_0_-1-Iz-0.37_-0.6.vasp,0.631,0.655290156
2BiPS3-1-2--1_0_0_-1-Iz-0.37_-0.84.vasp,0.633,0.655290156
2BiPS3-1-2--1_0_0_-1-Iz-0.5_0.vasp,0.635,0.655290156
2BiPS3-1-2--1_0_0_-1-Iz-0.63_-0.3.vasp,0.629,0.655290156
2BiPS3-1-2--1_0_0_-1-Iz-0.68_-0.63.vasp,0.628,0.655290156
2BiPS3-1-2--1_0_0_-1-Iz-0.69_-0.56.vasp,0.628,0.655290156
2BiPS3-1-2--1_0_0_-1-Iz-0.78_0.57.vasp,0.63,0.655290156
2BiPS3-1-2--1_0_0_-1-Iz-0.89_0.25.vasp,0.634,0.655290156
2BiPS3-1-2--1_1_0_1--0.07_0.59.vasp,0.587,0.655290156
2BiPS3-1-2--1_1_0_1--0.1_-0.14.vasp,0.543,0.655290156
2BiPS3-1-2--1_1_0_1--0.26_0.04.vasp,0.612,0.655290156
2BiPS3-1-2--1_1_0_1--0.29_-0.58.vasp,0.514,0.655290156
2BiPS3-1-2--1_1_0_1--0.32_-0.27.vasp,0.569,0.655290156
2BiPS3-1-2--1_1_0_1--0.32_-0.28.vasp,0.564,0.655290156
2BiPS3-1-2--1_1_0_1--0.32_-0.29.vasp,0.56,0.655290156
2BiPS3-1-2--1_1_0_1--0.34_-0.69.vasp,0.508,0.655290156
2BiPS3-1-2--1_1_0_1--0.35_-0.38.vasp,0.536,0.655290156
2BiPS3-1-2--1_1_0_1--0.35_0.01.vasp,0.594,0.655290156
2BiPS3-1-2--1_1_0_1--0.36_0.05.vasp,0.564,0.655290156
2BiPS3-1-2--1_1_0_1--0.39_-0.1.vasp,0.597,0.655290156
2BiPS3-1-2--1_1_0_1--0.58_0.vasp,0.482,0.655290156
2BiPS3-1-2--1_1_0_1--0.64_-0.96.vasp,0.511,0.655290156
2BiPS3-1-2--1_1_0_1--0.65_-0.97.vasp,0.51,0.655290156
2BiPS3-1-2--1_1_0_1--0.66_-0.38.vasp,0.492,0.655290156
2BiPS3-1-2--1_1_0_1--0.66_-0.66.vasp,0.583,0.655290156
2BiPS3-1-2--1_1_0_1--0.68_-0.64.vasp,0.571,0.655290156
2BiPS3-1-2--1_1_0_1--0.94_-0.34.vasp,0.585,0.655290156
2BiPS3-1-2--1_1_0_1--0.97_-0.68.vasp,0.505,0.655290156
2BiPS3-1-2--1_1_0_1--0.97_-1.0.vasp,0.54,0.655290156
2BiPS3-1-2--1_1_0_1--1.0_-0.34.vasp,0.607,0.655290156
2BiPS3-1-2--1_1_0_1-0.02_-0.62.vasp,0.5,0.655290156
2BiPS3-1-2--1_1_0_1-0.04_-0.58.vasp,0.5,0.655290156
2BiPS3-1-2--1_1_0_1-0.04_-0.86.vasp,0.548,0.655290156
2BiPS3-1-2--1_1_0_1-0.33_-0.26.vasp,0.498,0.655290156
2BiPS3-1-2--1_1_0_1-0.55_0.55.vasp,0.521,0.655290156
2BiPS3-1-2--1_1_0_1-0.78_0.57.vasp,0.545,0.655290156
2BiPS3-1-2--1_1_0_1-0_-0.27.vasp,0.603,0.655290156
2BiPS3-1-2--1_1_0_1-Iz--0.1_-0.14.vasp,0.618,0.655290156
2BiPS3-1-2--1_1_0_1-Iz--0.32_-0.27.vasp,0.615,0.655290156
2BiPS3-1-2--1_1_0_1-Iz--0.33_-1.0.vasp,0.639,0.655290156
2BiPS3-1-2--1_1_0_1-Iz--0.34_-0.69.vasp,0.638,0.655290156
2BiPS3-1-2--1_1_0_1-Iz--0.35_-0.38.vasp,0.625,0.655290156
2BiPS3-1-2--1_1_0_1-Iz--0.35_-1.0.vasp,0.638,0.655290156
2BiPS3-1-2--1_1_0_1-Iz--0.36_-0.68.vasp,0.639,0.655290156
2BiPS3-1-2--1_1_0_1-Iz--0.39_-0.1.vasp,0.611,0.655290156
2BiPS3-1-2--1_1_0_1-Iz--0.58_0.vasp,0.635,0.655290156
2BiPS3-1-2--1_1_0_1-Iz--0.64_-0.96.vasp,0.63,0.655290156
2BiPS3-1-2--1_1_0_1-Iz--0.68_-0.64.vasp,0.598,0.655290156
2BiPS3-1-2--1_1_0_1-Iz--0.97_-1.0.vasp,0.635,0.655290156
2BiPS3-1-2--1_1_0_1-Iz-0.29_0.58.vasp,0.623,0.655290156
2BiPS3-1-2--1_1_0_1-Iz-0.55_0.55.vasp,0.63,0.655290156
2BiPS3-1-2--1_1_0_1-Iz-0.78_0.57.vasp,0.611,0.655290156
2BiPS3-1-2-1_-1_0_-1--0.01_-0.02.vasp,0.541,0.655290156
2BiPS3-1-2-1_-1_0_-1--0.02_-0.04.vasp,0.542,0.655290156
2BiPS3-1-2-1_-1_0_-1--0.02_-0.36.vasp,0.584,0.655290156
2BiPS3-1-2-1_-1_0_-1-0.5_0.vasp,0.551,0.655290156
2BiPS3-1-2-1_-1_0_-1--0.04_-0.7.vasp,0.519,0.655290156
2BiPS3-1-2-1_-1_0_-1--0.28_-0.25.vasp,0.515,0.655290156
2BiPS3-1-2-1_-1_0_-1--0.31_-0.39.vasp,0.513,0.655290156
2BiPS3-1-2-1_-1_0_-1--0.31_0.05.vasp,0.563,0.655290156
2BiPS3-1-2-1_-1_0_-1--0.32_-0.66.vasp,0.518,0.655290156
2BiPS3-1-2-1_-1_0_-1--0.32_0.04.vasp,0.567,0.655290156
2BiPS3-1-2-1_-1_0_-1--0.35_-0.08.vasp,0.552,0.655290156
2BiPS3-1-2-1_-1_0_-1--0.36_-0.68.vasp,0.515,0.655290156
2BiPS3-1-2-1_-1_0_-1--0.37_-0.7.vasp,0.519,0.655290156
2BiPS3-1-2-1_-1_0_-1--0.64_-0.65.vasp,0.526,0.655290156
2BiPS3-1-2-1_-1_0_-1--0.65_-0.35.vasp,0.614,0.655290156
2BiPS3-1-2-1_-1_0_-1--0.68_-0.36.vasp,0.615,0.655290156
2BiPS3-1-2-1_-1_0_-1--0.6_-0.94.vasp,0.519,0.655290156
2BiPS3-1-2-1_-1_0_-1-0.02_0.26.vasp,0.523,0.655290156
2BiPS3-1-2-1_-1_0_-1-0.08_-0.26.vasp,0.585,0.655290156
2BiPS3-1-2-1_-1_0_-1-0.08_-0.56.vasp,0.543,0.655290156
2BiPS3-1-2-1_-1_0_-1-0.08_-0.84.vasp,0.52,0.655290156
2BiPS3-1-2-1_-1_0_-1-0.24_-0.74.vasp,0.524,0.655290156
2BiPS3-1-2-1_-1_0_-1-0.27_-0.01.vasp,0.516,0.655290156
2BiPS3-1-2-1_-1_0_-1-0.4_-0.56.vasp,0.574,0.655290156
2BiPS3-1-2-1_-1_0_-1-0.63_-0.6.vasp,0.494,0.655290156
2BiPS3-1-2-1_-1_0_-1-0.78_0.57.vasp,0.517,0.655290156
2BiPS3-1-2-1_-1_0_-1-Iz--0.02_-0.04.vasp,0.637,0.655290156
2BiPS3-1-2-1_-1_0_-1-Iz--0.02_-0.36.vasp,0.598,0.655290156
2BiPS3-1-2-1_-1_0_-1-Iz--0.28_-0.25.vasp,0.586,0.655290156
2BiPS3-1-2-1_-1_0_-1-Iz--0.32_-0.66.vasp,0.634,0.655290156
2BiPS3-1-2-1_-1_0_-1-Iz--0.35_-0.08.vasp,0.631,0.655290156
2BiPS3-1-2-1_-1_0_-1-Iz--0.64_-0.65.vasp,0.621,0.655290156
2BiPS3-1-2-1_-1_0_-1-Iz--0.65_-0.35.vasp,0.634,0.655290156
2BiPS3-1-2-1_-1_0_-1-Iz--0.6_-0.94.vasp,0.616,0.655290156
2BiPS3-1-2-1_-1_0_-1-Iz-0.08_-0.56.vasp,0.623,0.655290156
2BiPS3-1-2-1_-1_0_-1-Iz-0.08_-0.84.vasp,0.632,0.655290156
2BiPS3-1-2-1_-1_0_-1-Iz-0.24_-0.74.vasp,0.627,0.655290156
2BiPS3-1-2-1_-1_0_-1-Iz-0.5_0.vasp,0.638,0.655290156
2BiPS3-1-2-1_-1_0_-1-Iz-0.78_0.57.vasp,0.635,0.655290156
2BiPS3-1-2-1_0_0_1--0.03_-0.73.vasp,0.52,0.655290156
2BiPS3-1-2-1_0_0_1--0.05_0.35.vasp,0.515,0.655290156
2BiPS3-1-2-1_0_0_1--0.26_-0.27.vasp,0.525,0.655290156
2BiPS3-1-2-1_0_0_1--0.29_-0.96.vasp,0.549,0.655290156
2BiPS3-1-2-1_0_0_1--0.32_-0.69.vasp,0.512,0.655290156
2BiPS3-1-2-1_0_0_1--0.37_-0.34.vasp,0.508,0.655290156
2BiPS3-1-2-1_0_0_1--0.39_-0.14.vasp,0.569,0.655290156
2BiPS3-1-2-1_0_0_1--0.62_0.05.vasp,0.518,0.655290156
2BiPS3-1-2-1_0_0_1--0.68_-0.1.vasp,0.513,0.655290156
2BiPS3-1-2-1_0_0_1--0.68_-0.38.vasp,0.518,0.655290156
2BiPS3-1-2-1_0_0_1--0.68_-0.68.vasp,0.538,0.655290156
2BiPS3-1-2-1_0_0_1--0.94_-0.64.vasp,0.527,0.655290156
2BiPS3-1-2-1_0_0_1-0.03_-0.27.vasp,0.563,0.655290156
2BiPS3-1-2-1_0_0_1-0.31_-0.24.vasp,0.526,0.655290156
2BiPS3-1-2-1_0_0_1-0.39_-0.28.vasp,0.54,0.655290156
2BiPS3-1-2-1_0_0_1-0.39_-0.58.vasp,0.498,0.655290156
2BiPS3-1-2-1_0_0_1-0.39_-0.86.vasp,0.525,0.655290156
2BiPS3-1-2-1_0_0_1-0.57_0.3.vasp,0.503,0.655290156
2BiPS3-1-2-1_0_0_1-0.5_0.vasp,0.525,0.655290156
2BiPS3-1-2-1_0_0_1-0.62_-0.05.vasp,0.577,0.655290156
2BiPS3-1-2-1_0_0_1-0.65_0.02.vasp,0.562,0.655290156
2BiPS3-1-2-1_0_0_1-0.72_-0.57.vasp,0.538,0.655290156
2BiPS3-1-2-1_0_0_1-0.78_0.57.vasp,0.561,0.655290156
2BiPS3-1-2-1_0_0_1-0_-0.32.vasp,0.571,0.655290156
2BiPS3-1-2-1_0_0_1-0_-0.38.vasp,0.567,0.655290156
2BiPS3-1-2-1_0_0_1-0_-0.96.vasp,0.563,0.655290156
2BiPS3-1-2-1_0_0_1-0_-1.0.vasp,0.556,0.655290156
2BiPS3-1-2-1_0_0_1-Iz--0.29_-0.96.vasp,0.606,0.655290156
2BiPS3-1-2-1_0_0_1-Iz--0.32_-0.69.vasp,0.629,0.655290156
2BiPS3-1-2-1_0_0_1-Iz--0.35_-0.03.vasp,0.588,0.655290156
2BiPS3-1-2-1_0_0_1-Iz--0.39_-0.14.vasp,0.588,0.655290156
2BiPS3-1-2-1_0_0_1-Iz--0.62_0.05.vasp,0.586,0.655290156
2BiPS3-1-2-1_0_0_1-Iz--0.68_-0.68.vasp,0.622,0.655290156
2BiPS3-1-2-1_0_0_1-Iz--0.69_-0.69.vasp,0.621,0.655290156
2BiPS3-1-2-1_0_0_1-Iz-0.03_-0.27.vasp,0.594,0.655290156
2BiPS3-1-2-1_0_0_1-Iz-0.28_-0.43.vasp,0.616,0.655290156
2BiPS3-1-2-1_0_0_1-Iz-0.39_-0.58.vasp,0.626,0.655290156
2BiPS3-1-2-1_0_0_1-Iz-0.57_0.3.vasp,0.629,0.655290156
2BiPS3-1-2-1_0_0_1-Iz-0.5_0.vasp,0.633,0.655290156
2BiPS3-1-2-1_0_0_1-Iz-0.78_0.57.vasp,0.596,0.655290156
2BiPS3-1-2-1_0_0_1-Iz-0_-0.38.vasp,0.584,0.655290156
2BiPS3-1-2-1_0_0_1-Iz-0_-1.0.vasp,0.614,0.655290156
2CdPS3-1-2--1_0_0_-1--0.65_-0.98.vasp,1.763,1.886664797
2CdPS3-1-2--1_0_0_-1--0.66_-1.01.vasp,1.762,1.886664797
2CdPS3-1-2--1_0_0_-1--0.67_-0.33.vasp,1.784,1.886664797
2CdPS3-1-2--1_0_0_-1--1.0_0.vasp,1.814,1.886664797
2CdPS3-1-2--1_0_0_-1-0.5_0.vasp,1.775,1.886664797
2CdPS3-1-2--1_0_0_-1-0.79_0.58.vasp,1.789,1.886664797
2CdPS3-1-2-1_0_0_1--0.32_0.01.vasp,1.769,1.886664797
2CdPS3-1-2-1_0_0_1--0.33_-0.67.vasp,1.788,1.886664797
2CdPS3-1-2-1_0_0_1--0.33_0.vasp,1.769,1.886664797
2CdPS3-1-2-1_0_0_1--0.35_-0.02.vasp,1.768,1.886664797
2CdPS3-1-2-1_0_0_1--0.98_-0.65.vasp,1.802,1.886664797
2CdPS3-1-2-1_0_0_1-0.5_0.vasp,1.794,1.886664797
2CdPS3-1-2-1_0_0_1-0.79_0.58.vasp,1.789,1.886664797
2CdPS3-1-2-1_0_0_1-0_-1.0.vasp,1.722,1.886664797
2CdPSe3-1-2--1_0_0_-1--0.65_-0.99.vasp,1.105,1.270951582
2CdPSe3-1-2--1_0_0_-1--0.66_-1.01.vasp,1.107,1.270951582
2CdPSe3-1-2--1_0_0_-1--0.67_-0.33.vasp,1.157,1.270951582
2CdPSe3-1-2--1_0_0_-1--1.0_0.vasp,1.174,1.270951582
2CdPSe3-1-2--1_0_0_-1-0.5_0.vasp,1.122,1.270951582
2CdPSe3-1-2--1_0_0_-1-0.79_0.58.vasp,1.132,1.270951582
2CdPSe3-1-2-1_0_0_1--0.32_0.vasp,1.111,1.270951582
2CdPSe3-1-2-1_0_0_1--0.33_-0.67.vasp,1.139,1.270951582
2CdPSe3-1-2-1_0_0_1--0.35_-0.01.vasp,1.11,1.270951582
2CdPSe3-1-2-1_0_0_1--0.99_-0.65.vasp,1.167,1.270951582
2CdPSe3-1-2-1_0_0_1-0.5_0.vasp,1.146,1.270951582
2CdPSe3-1-2-1_0_0_1-0.79_0.58.vasp,1.144,1.270951582
2CdPSe3-1-2-1_0_0_1-0_-1.0.vasp,1.073,1.270951582
2ClKO3-1-2--1_0_0_-1--0.49_0.28.vasp,5.393,5.441482161
2ClKO3-1-2--1_0_0_-1-0.37_0.vasp,5.368,5.441482161
2ClKO3-1-2--1_0_0_-1-0.54_-0.5.vasp,5.398,5.441482161
2ClKO3-1-2-1_0_0_1-0.31_0.vasp,5.379,5.441482161
2ClKO3-1-2-1_0_0_1-0.52_-0.5.vasp,5.194,5.441482161
2ClKO3-1-2-1_0_0_1-0.5_-0.28.vasp,5.314,5.441482161
2ClKO3-1-2-1_0_0_1-0.69_0.vasp,5.224,5.441482161
2CrSiTe3-1-2--1_0_0_-1--0.33_-0.71.vasp,0.219,0.271555374
2CrSiTe3-1-2-1_0_0_1--0.33_-0.67.vasp,0.269,0.271555374
2CrSiTe3-1-2-1_0_0_1--0.33_0.vasp,0.228,0.271555374
2CrSiTe3-1-2-1_0_0_1-0_0.vasp,0.249,0.271555374
2CrSiTe3-1-2-1_0_0_1-Iz-0.33_0.vasp,0.219,0.271555374
2FeTaTe3-1-2--1_0_0_-1-0_0.27.vasp,0.0,0.0
2FeTaTe3-1-2-1_0_0_1--0.5_-0.9.vasp,0.0,0.0
2FeTaTe3-1-2-1_0_0_1--0.5_0.09.vasp,0.0,0.0
2FeTaTe3-1-2-1_0_0_1-0.5_0.28.vasp,0.0,0.0
2FeTaTe3-1-2-1_0_0_1-0_-0.28.vasp,0.0,0.0
2GaInS3-1-2--1_0_0_-1-Iz--0.5_-0.25.vasp,1.856,1.981285709
2GaInS3-1-2--1_0_0_-1-Iz--0.5_-0.5.vasp,1.733,1.981285709
2GaInS3-1-2--1_0_0_-1-Iz--0.5_-0.79.vasp,1.729,1.981285709
2GaInS3-1-2--1_0_0_-1-Iz-0.5_-0.01.vasp,1.854,1.981285709
2GaInS3-1-2--1_0_0_-1-Iz-0_-0.29.vasp,1.795,1.981285709
2GaInS3-1-2--1_0_0_-1-Iz-0_-0.75.vasp,1.769,1.981285709
2GaInS3-1-2--1_0_0_-1-Iz-0_-1.0.vasp,1.712,1.981285709
2GaInS3-1-2--1_0_0_-1-Iz-0_-1.03.vasp,1.729,1.981285709
2GaInS3-1-2--1_0_0_-1-Iz-0_-1.05.vasp,1.736,1.981285709
2GaInS3-1-2--1_0_0_-1-Iz-0_-1.06.vasp,1.738,1.981285709
2GaInS3-1-2--1_0_0_-1-Iz-0_0.49.vasp,1.832,1.981285709
2GaInS3-1-2-1_0_0_1--0.5_-0.15.vasp,1.724,1.981285709
2GaInS3-1-2-1_0_0_1--0.5_-0.5.vasp,1.816,1.981285709
2GaInS3-1-2-1_0_0_1--0.5_-0.74.vasp,1.752,1.981285709
2GaInS3-1-2-1_0_0_1-0.5_0.01.vasp,1.762,1.981285709
2GaInS3-1-2-1_0_0_1-0.5_0.04.vasp,1.759,1.981285709
2GaInS3-1-2-1_0_0_1-0.5_0.vasp,1.763,1.981285709
2GaInS3-1-2-1_0_0_1-0_-0.24.vasp,1.774,1.981285709
2GaInS3-1-2-1_0_0_1-0_-0.65.vasp,1.71,1.981285709
2GaInS3-1-2-1_0_0_1-0_0.54.vasp,1.708,1.981285709
2GaInS3-1-2-1_0_0_1-0_0.vasp,1.872,1.981285709
2GePS3-1-2--1_0_0_-1--0.64_-0.98.vasp,1.345,1.405653655
2GePS3-1-2--1_0_0_-1--0.66_-1.01.vasp,1.347,1.405653655
2GePS3-1-2--1_0_0_-1--0.67_-0.33.vasp,1.303,1.405653655
2GePS3-1-2--1_0_0_-1--0.67_-1.01.vasp,1.346,1.405653655
2GePS3-1-2--1_0_0_-1-0.5_0.vasp,1.348,1.405653655
2GePS3-1-2--1_0_0_-1-0.79_0.58.vasp,1.37,1.405653655
2GePS3-1-2-1_0_0_1--0.31_0.01.vasp,1.294,1.405653655
2GePS3-1-2-1_0_0_1--0.32_0.vasp,1.294,1.405653655
2GePS3-1-2-1_0_0_1--0.33_-0.67.vasp,1.4,1.405653655
2GePS3-1-2-1_0_0_1--0.36_-0.02.vasp,1.304,1.405653655
2GePS3-1-2-1_0_0_1--0.98_-0.64.vasp,1.358,1.405653655
2GePS3-1-2-1_0_0_1-0.5_0.vasp,1.33,1.405653655
2GePS3-1-2-1_0_0_1-0.79_0.58.vasp,1.372,1.405653655
2GePS3-1-2-1_0_0_1-0_0.vasp,1.282,1.405653655
2GeZnO3-1-2-1_0_0_1--0.67_-0.33.vasp,2.563,2.744861933
2KNO3-1-2--1_0_0_-1--0.65_0.vasp,3.126,3.166400739
2KNO3-1-2--1_0_0_-1--0.74_-0.02.vasp,3.132,3.166400739
2KNO3-1-2--1_0_0_-1--0.74_0.01.vasp,3.132,3.166400739
2KNO3-1-2--1_0_0_-1--0.75_-0.8.vasp,3.121,3.166400739
2KNO3-1-2--1_0_0_-1--0.83_-0.3.vasp,3.07,3.166400739
2KNO3-1-2-1_0_0_1--0.51_-0.7.vasp,3.071,3.166400739
2KNO3-1-2-1_0_0_1--0.59_-0.2.vasp,3.063,3.166400739
2KNO3-1-2-1_0_0_1--0.69_-1.0.vasp,3.022,3.166400739
2KNO3-1-2-1_0_0_1-0.69_0.vasp,3.05,3.166400739
2MgPS3-1-2--1_0_0_-1-0.33_-0.33.vasp,2.749,2.795758376
2MgPS3-1-2--1_0_0_-1-0.33_-0.66.vasp,2.744,2.795758376
2MgPS3-1-2--1_0_0_-1-0_0.vasp,2.795,2.795758376
2MgPS3-1-2-1_0_0_1--0.32_0.vasp,2.747,2.795758376
2MgPS3-1-2-1_0_0_1--0.33_0.vasp,2.747,2.795758376
2MgPS3-1-2-1_0_0_1-0.33_-0.33.vasp,2.794,2.795758376
2MgPS3-1-2-1_0_0_1-0_0.32.vasp,2.773,2.795758376
2MgPS3-1-2-1_0_0_1-0_0.vasp,2.704,2.795758376
2MgPSe3-1-2-1_-1_1_0-0.33_-0.33.vasp,1.988,2.048689256
2MgPSe3-1-2-1_-1_1_0-0.33_-0.66.vasp,1.978,2.048689256
2MgPSe3-1-2-1_-1_1_0-0.34_-0.67.vasp,1.977,2.048689256
2MgPSe3-1-2-1_-1_1_0-1.0_0.vasp,2.041,2.048689256
2MgPSe3-1-2-1_0_0_1-0.33_-0.66.vasp,2.025,2.048689256
2MgPSe3-1-2-1_0_0_1-0.33_0.vasp,1.956,2.048689256
2MgPSe3-1-2-1_0_0_1-0.67_-0.67.vasp,2.04,2.048689256
2MgPSe3-1-2-1_0_0_1-1.0_0.vasp,1.922,2.048689256
2MnPS3-1-2--1_0_0_-1-0.33_0.69.vasp,1.21,0.107955035
2MnPS3-1-2--1_0_0_-1-0_-0.97.vasp,1.239,0.107955035
2MnPS3-1-2--1_0_0_-1-Iz-0.33_0.69.vasp,1.261,0.107955035
2MnPS3-1-2-1_0_0_1-0.33_-0.33.vasp,1.262,0.107955035
2MnPS3-1-2-1_0_0_1-0.33_-0.67.vasp,1.261,0.107955035
2MnPS3-1-2-1_0_0_1-0.67_0.vasp,1.26,0.107955035
2MnPS3-1-2-1_0_0_1-0_0.vasp,1.249,0.107955035
2MnPSe3-1-2-1_-1_1_0-1.0_-0.67.vasp,0.73,0.100465095
2MnPSe3-1-2-1_0_0_1-0.33_-0.33.vasp,0.743,0.100465095
2MnPSe3-1-2-1_0_0_1-1.0_0.vasp,0.726,0.100465095
2NiPSe3-1-2--1_0_0_-1--0.34_0.vasp,0.765,0.0
2NiPSe3-1-2-1_0_0_1--0.33_-0.67.vasp,0.783,0.0
2NiPSe3-1-2-1_0_0_1--1.0_0.vasp,0.748,0.0
2PPdSe3-1-2--1_0_0_-1--0.32_0.02.vasp,0.0,0.0
2PPdSe3-1-2--1_0_0_-1--0.35_-0.01.vasp,0.0,0.0
2PPdSe3-1-2--1_0_0_-1--0.67_-0.33.vasp,0.0,0.0
2PPdSe3-1-2--1_0_0_-1--1.0_0.vasp,0.016,0.0
2PPdSe3-1-2--1_0_0_-1-0.5_0.vasp,0.0,0.0
2PPdSe3-1-2--1_0_0_-1-0.79_0.58.vasp,0.0,0.0
2PPdSe3-1-2-1_0_0_1--0.33_-0.67.vasp,0.0,0.0
2PPdSe3-1-2-1_0_0_1-0.32_-0.68.vasp,0.0,0.0
2PPdSe3-1-2-1_0_0_1-0.5_0.vasp,0.0,0.0
2PPdSe3-1-2-1_0_0_1-0.68_-0.32.vasp,0.0,0.0
2PPdSe3-1-2-1_0_0_1-0.79_0.58.vasp,0.0,0.0
2PPdSe3-1-2-1_0_0_1-0_-1.0.vasp,0.0,0.0
2PScS3-1-2--1_0_0_-1--0.31_0.03.vasp,0.591,0.826639635
2PScS3-1-2--1_0_0_-1--0.64_-0.97.vasp,0.664,0.826639635
2PScS3-1-2--1_0_0_-1--0.67_-0.33.vasp,0.614,0.826639635
2PScS3-1-2--1_0_0_-1--1.0_-1.0.vasp,0.565,0.826639635
2PScS3-1-2--1_0_0_-1-0.5_0.vasp,0.66,0.826639635
2PScS3-1-2--1_0_0_-1-0.79_0.58.vasp,0.566,0.826639635
2PScS3-1-2--1_0_0_-1-Iz--0.31_0.03.vasp,0.668,0.826639635
2PScS3-1-2--1_0_0_-1-Iz--0.64_-0.97.vasp,0.69,0.826639635
2PScS3-1-2--1_0_0_-1-Iz--0.67_-0.33.vasp,0.538,0.826639635
2PScS3-1-2--1_0_0_-1-Iz--1.0_-1.0.vasp,0.751,0.826639635
2PScS3-1-2--1_0_0_-1-Iz-0.5_0.vasp,0.74,0.826639635
2PScS3-1-2--1_0_0_-1-Iz-0.79_0.58.vasp,0.745,0.826639635
2PScS3-1-2-1_0_0_1--0.03_-0.69.vasp,0.589,0.826639635
2PScS3-1-2-1_0_0_1--0.33_-0.67.vasp,0.598,0.826639635
2PScS3-1-2-1_0_0_1--0.36_-0.03.vasp,0.65,0.826639635
2PScS3-1-2-1_0_0_1-0.5_0.vasp,0.566,0.826639635
2PScS3-1-2-1_0_0_1-0.79_0.58.vasp,0.616,0.826639635
2PScS3-1-2-1_0_0_1-0_0.vasp,0.643,0.826639635
2PScS3-1-2-1_0_0_1-Iz--0.33_-0.67.vasp,0.793,0.826639635
2PScS3-1-2-1_0_0_1-Iz--0.34_0.vasp,0.689,0.826639635
2PScS3-1-2-1_0_0_1-Iz--0.36_-0.03.vasp,0.692,0.826639635
2PScS3-1-2-1_0_0_1-Iz-0.5_0.vasp,0.801,0.826639635
2PScS3-1-2-1_0_0_1-Iz-0.79_0.58.vasp,0.77,0.826639635
2PScS3-1-2-1_0_0_1-Iz-0_0.vasp,0.539,0.826639635
2PScSe3-1-2--1_0_0_-1--0.65_-0.98.vasp,0.482,0.68379613
2PScSe3-1-2--1_0_0_-1--0.67_-0.33.vasp,0.429,0.68379613
2PScSe3-1-2--1_0_0_-1--1.0_-1.0.vasp,0.419,0.68379613
2PScSe3-1-2--1_0_0_-1-0.5_0.vasp,0.487,0.68379613
2PScSe3-1-2--1_0_0_-1-0.79_0.58.vasp,0.402,0.68379613
2PScSe3-1-2--1_0_0_-1-Iz--0.65_-0.98.vasp,0.597,0.68379613
2PScSe3-1-2--1_0_0_-1-Iz--0.67_-0.33.vasp,0.475,0.68379613
2PScSe3-1-2--1_0_0_-1-Iz--0.97_-0.3.vasp,0.545,0.68379613
2PScSe3-1-2--1_0_0_-1-Iz--1.0_-1.0.vasp,0.632,0.68379613
2PScSe3-1-2--1_0_0_-1-Iz-0.5_0.vasp,0.611,0.68379613
2PScSe3-1-2--1_0_0_-1-Iz-0.79_0.58.vasp,0.611,0.68379613
2PScSe3-1-2-1_0_0_1--0.03_-0.7.vasp,0.428,0.68379613
2PScSe3-1-2-1_0_0_1-0.5_0.vasp,0.401,0.68379613
2PScSe3-1-2-1_0_0_1-0.79_0.58.vasp,0.45,0.68379613
2PScSe3-1-2-1_0_0_1-0_0.vasp,0.428,0.68379613
2PScSe3-1-2-1_0_0_1-Iz--0.33_-0.67.vasp,0.655,0.68379613
2PScSe3-1-2-1_0_0_1-Iz--0.34_0.vasp,0.577,0.68379613
2PScSe3-1-2-1_0_0_1-Iz--0.35_-0.02.vasp,0.573,0.68379613
2PScSe3-1-2-1_0_0_1-Iz-0.5_0.vasp,0.628,0.68379613
2PScSe3-1-2-1_0_0_1-Iz-0_0.vasp,0.534,0.68379613
2PZnSe3-1-2--1_0_0_-1--0.67_-0.33.vasp,1.216,1.306753573
2PZnSe3-1-2--1_0_0_-1--0.67_0.vasp,1.183,1.306753573
2PZnSe3-1-2--1_0_0_-1--1.0_-1.0.vasp,1.235,1.306753573
2PZnSe3-1-2--1_0_0_-1-0.5_0.vasp,1.197,1.306753573
2PZnSe3-1-2--1_0_0_-1-0.79_0.58.vasp,1.204,1.306753573
2PZnSe3-1-2-1_0_0_1--0.33_-0.67.vasp,1.211,1.306753573
2PZnSe3-1-2-1_0_0_1--0.33_-1.0.vasp,1.188,1.306753573
2PZnSe3-1-2-1_0_0_1-0.5_0.vasp,1.213,1.306753573
2PZnSe3-1-2-1_0_0_1-0.66_-0.34.vasp,1.227,1.306753573
2PZnSe3-1-2-1_0_0_1-0.79_0.58.vasp,1.213,1.306753573
2PZnSe3-1-2-1_0_0_1-0_0.vasp,1.142,1.306753573
2PZrS3-1-2--1_0_0_-1--0.06_-0.43.vasp,0.693,0.759479919
2PZrS3-1-2--1_0_0_-1--0.26_0.1.vasp,0.615,0.759479919
2PZrS3-1-2--1_0_0_-1--0.31_-0.35.vasp,0.658,0.759479919
2PZrS3-1-2--1_0_0_-1--0.41_-0.77.vasp,0.691,0.759479919
2PZrS3-1-2--1_0_0_-1--0.46_-0.18.vasp,0.661,0.759479919
2PZrS3-1-2--1_0_0_-1--0.67_-0.33.vasp,0.626,0.759479919
2PZrS3-1-2--1_0_0_-1--0.67_-0.69.vasp,0.673,0.759479919
2PZrS3-1-2--1_0_0_-1--0.72_-0.1.vasp,0.714,0.759479919
2PZrS3-1-2--1_0_0_-1--0.97_-0.02.vasp,0.711,0.759479919
2PZrS3-1-2--1_0_0_-1--0.97_-0.66.vasp,0.676,0.759479919
2PZrS3-1-2--1_0_0_-1--1.0_-0.66.vasp,0.665,0.759479919
2PZrS3-1-2--1_0_0_-1-0.28_0.56.vasp,0.637,0.759479919
2PZrS3-1-2--1_0_0_-1-0.5_0.vasp,0.739,0.759479919
2PZrS3-1-2--1_0_0_-1-0.78_0.56.vasp,0.671,0.759479919
2PZrS3-1-2--1_0_0_-1-Iz-0.28_0.56.vasp,0.647,0.759479919
2PZrS3-1-2--1_0_0_-1-Iz-0.5_0.vasp,0.702,0.759479919
2PZrS3-1-2--1_0_0_-1-Iz-0.78_0.56.vasp,0.699,0.759479919
2PZrS3-1-2--1_1_0_1-0.28_0.56.vasp,0.754,0.759479919
2PZrS3-1-2--1_1_0_1-0.5_0.vasp,0.757,0.759479919
2PZrS3-1-2--1_1_0_1-0.78_0.56.vasp,0.757,0.759479919
2PZrS3-1-2--1_1_0_1-Iz--0.07_-0.44.vasp,0.728,0.759479919
2PZrS3-1-2--1_1_0_1-Iz--0.08_-0.09.vasp,0.729,0.759479919
2PZrS3-1-2--1_1_0_1-Iz--0.32_-0.23.vasp,0.767,0.759479919
2PZrS3-1-2--1_1_0_1-Iz--0.32_-0.36.vasp,0.732,0.759479919
2PZrS3-1-2--1_1_0_1-Iz--0.33_-0.02.vasp,0.733,0.759479919
2PZrS3-1-2--1_1_0_1-Iz--0.33_-0.68.vasp,0.752,0.759479919
2PZrS3-1-2--1_1_0_1-Iz--0.35_-0.69.vasp,0.755,0.759479919
2PZrS3-1-2--1_1_0_1-Iz--0.42_-0.84.vasp,0.757,0.759479919
2PZrS3-1-2--1_1_0_1-Iz--0.63_-0.92.vasp,0.754,0.759479919
2PZrS3-1-2--1_1_0_1-Iz--0.68_-0.77.vasp,0.753,0.759479919
2PZrS3-1-2--1_1_0_1-Iz--0.73_-0.41.vasp,0.735,0.759479919
2PZrS3-1-2--1_1_0_1-Iz--0.96_-1.0.vasp,0.759,0.759479919
2PZrS3-1-2--1_1_0_1-Iz--0.98_-0.31.vasp,0.734,0.759479919
2PZrS3-1-2--1_1_0_1-Iz--0.98_-0.33.vasp,0.735,0.759479919
2PZrS3-1-2--1_1_0_1-Iz-0.5_0.vasp,0.759,0.759479919
2PZrS3-1-2--1_1_0_1-Iz-0.78_0.56.vasp,0.755,0.759479919
2PZrS3-1-2-1_-1_0_-1-0.5_0.vasp,0.755,0.759479919
2PZrS3-1-2-1_-1_0_-1-Iz--0.01_-0.02.vasp,0.772,0.759479919
2PZrS3-1-2-1_-1_0_-1-Iz--0.07_-0.77.vasp,0.739,0.759479919
2PZrS3-1-2-1_-1_0_-1-Iz--0.09_-0.18.vasp,0.765,0.759479919
2PZrS3-1-2-1_-1_0_-1-Iz--0.31_-0.67.vasp,0.758,0.759479919
2PZrS3-1-2-1_-1_0_-1-Iz--0.34_-0.1.vasp,0.723,0.759479919
2PZrS3-1-2-1_-1_0_-1-Iz--0.63_-0.33.vasp,0.766,0.759479919
2PZrS3-1-2-1_-1_0_-1-Iz--0.64_-1.01.vasp,0.733,0.759479919
2PZrS3-1-2-1_-1_0_-1-Iz--0.65_-0.66.vasp,0.727,0.759479919
2PZrS3-1-2-1_-1_0_-1-Iz-0.01_0.43.vasp,0.722,0.759479919
2PZrS3-1-2-1_-1_0_-1-Iz-0.28_0.56.vasp,0.767,0.759479919
2PZrS3-1-2-1_-1_0_-1-Iz-0.36_0.1.vasp,0.735,0.759479919
2PZrS3-1-2-1_-1_0_-1-Iz-0.5_0.vasp,0.75,0.759479919
2PZrS3-1-2-1_-1_0_-1-Iz-0.76_0.51.vasp,0.755,0.759479919
2PZrS3-1-2-1_-1_0_-1-Iz-0_-0.35.vasp,0.735,0.759479919
2PZrS3-1-2-1_-1_0_-1-Iz-1.06_0.07.vasp,0.763,0.759479919
2PZrS3-1-2-1_0_0_1--0.05_-0.77.vasp,0.714,0.759479919
2PZrS3-1-2-1_0_0_1--0.25_-0.92.vasp,0.663,0.759479919
2PZrS3-1-2-1_0_0_1--0.31_-0.33.vasp,0.67,0.759479919
2PZrS3-1-2-1_0_0_1--0.31_-0.69.vasp,0.644,0.759479919
2PZrS3-1-2-1_0_0_1--0.39_-0.09.vasp,0.722,0.759479919
2PZrS3-1-2-1_0_0_1--0.4_-0.43.vasp,0.644,0.759479919
2PZrS3-1-2-1_0_0_1--0.64_-0.02.vasp,0.726,0.759479919
2PZrS3-1-2-1_0_0_1--0.66_-0.36.vasp,0.669,0.759479919
2PZrS3-1-2-1_0_0_1--0.66_-0.67.vasp,0.647,0.759479919
2PZrS3-1-2-1_0_0_1-0.05_-0.23.vasp,0.658,0.759479919
2PZrS3-1-2-1_0_0_1-0.2_-0.84.vasp,0.652,0.759479919
2PZrS3-1-2-1_0_0_1-0.36_-0.28.vasp,0.639,0.759479919
2PZrS3-1-2-1_0_0_1-0.37_-0.27.vasp,0.641,0.759479919
2PZrS3-1-2-1_0_0_1-0.39_0.09.vasp,0.733,0.759479919
2PZrS3-1-2-1_0_0_1-0.41_-0.25.vasp,0.665,0.759479919
2PZrS3-1-2-1_0_0_1-0.4_-0.57.vasp,0.627,0.759479919
2PZrS3-1-2-1_0_0_1-0.5_0.vasp,0.721,0.759479919
2PZrS3-1-2-1_0_0_1-0.75_-0.56.vasp,0.658,0.759479919
2PZrS3-1-2-1_0_0_1-0.78_0.56.vasp,0.683,0.759479919
2PZrS3-1-2-1_0_0_1-0.8_-0.16.vasp,0.677,0.759479919
2PZrS3-1-2-1_0_0_1-0_-0.36.vasp,0.657,0.759479919
2PZrS3-1-2-1_0_0_1-0_-1.0.vasp,0.604,0.759479919
2PZrS3-1-2-1_0_0_1-0_0.36.vasp,0.717,0.759479919
2PZrS3-1-2-1_0_0_1-Iz-0.5_0.vasp,0.663,0.759479919
2PZrS3-1-2-1_0_0_1-Iz-0.78_0.56.vasp,0.702,0.759479919
2PZrSe3-1-2--1_0_0_-1--0.06_-0.42.vasp,0.34,0.393564301
2PZrSe3-1-2--1_0_0_-1--0.07_0.25.vasp,0.365,0.393564301
2PZrSe3-1-2--1_0_0_-1--0.32_-0.35.vasp,0.335,0.393564301
2PZrSe3-1-2--1_0_0_-1--0.3_-0.34.vasp,0.331,0.393564301
2PZrSe3-1-2--1_0_0_-1--0.41_-0.76.vasp,0.343,0.393564301
2PZrSe3-1-2--1_0_0_-1--0.46_-0.17.vasp,0.331,0.393564301
2PZrSe3-1-2--1_0_0_-1--0.67_-0.33.vasp,0.292,0.393564301
2PZrSe3-1-2--1_0_0_-1--0.72_-0.1.vasp,0.381,0.393564301
2PZrSe3-1-2--1_0_0_-1--0.97_-0.67.vasp,0.377,0.393564301
2PZrSe3-1-2--1_0_0_-1--0.98_-0.02.vasp,0.357,0.393564301
2PZrSe3-1-2--1_0_0_-1--0.99_-0.67.vasp,0.378,0.393564301
2PZrSe3-1-2--1_0_0_-1-0.28_0.56.vasp,0.303,0.393564301
2PZrSe3-1-2--1_0_0_-1-0.33_0.vasp,0.325,0.393564301
2PZrSe3-1-2--1_0_0_-1-0.35_-0.01.vasp,0.326,0.393564301
2PZrSe3-1-2--1_0_0_-1-0.5_0.vasp,0.343,0.393564301
2PZrSe3-1-2--1_0_0_-1-0.78_0.56.vasp,0.333,0.393564301
2PZrSe3-1-2--1_0_0_-1-Iz-0.28_0.56.vasp,0.324,0.393564301
2PZrSe3-1-2--1_0_0_-1-Iz-0.5_0.vasp,0.358,0.393564301
2PZrSe3-1-2--1_0_0_-1-Iz-0.78_0.56.vasp,0.34,0.393564301
2PZrSe3-1-2--1_1_0_1-0.28_0.56.vasp,0.388,0.393564301
2PZrSe3-1-2--1_1_0_1-0.5_0.vasp,0.387,0.393564301
2PZrSe3-1-2--1_1_0_1-0.78_0.56.vasp,0.387,0.393564301
2PZrSe3-1-2--1_1_0_1-Iz--0.07_-0.09.vasp,0.386,0.393564301
2PZrSe3-1-2--1_1_0_1-Iz--0.31_-0.35.vasp,0.374,0.393564301
2PZrSe3-1-2--1_1_0_1-Iz--0.32_-0.24.vasp,0.392,0.393564301
2PZrSe3-1-2--1_1_0_1-Iz--0.33_-0.01.vasp,0.368,0.393564301
2PZrSe3-1-2--1_1_0_1-Iz--0.34_-0.66.vasp,0.37,0.393564301
2PZrSe3-1-2--1_1_0_1-Iz--0.35_-0.69.vasp,0.372,0.393564301
2PZrSe3-1-2--1_1_0_1-Iz--0.42_-0.84.vasp,0.376,0.393564301
2PZrSe3-1-2--1_1_0_1-Iz--0.63_-0.93.vasp,0.378,0.393564301
2PZrSe3-1-2--1_1_0_1-Iz--0.68_-0.76.vasp,0.372,0.393564301
2PZrSe3-1-2--1_1_0_1-Iz--0.97_-1.0.vasp,0.389,0.393564301
2PZrSe3-1-2--1_1_0_1-Iz-0.04_-0.32.vasp,0.39,0.393564301
2PZrSe3-1-2--1_1_0_1-Iz-0.26_-0.41.vasp,0.382,0.393564301
2PZrSe3-1-2--1_1_0_1-Iz-0.5_0.vasp,0.387,0.393564301
2PZrSe3-1-2--1_1_0_1-Iz-0.78_0.56.vasp,0.383,0.393564301
2PZrSe3-1-2--1_1_0_1-Iz-0_-0.34.vasp,0.389,0.393564301
2PZrSe3-1-2-1_-1_0_-1-0.5_0.vasp,0.392,0.393564301
2PZrSe3-1-2-1_-1_0_-1-Iz--0.01_-0.02.vasp,0.4,0.393564301
2PZrSe3-1-2-1_-1_0_-1-Iz--0.08_-0.17.vasp,0.394,0.393564301
2PZrSe3-1-2-1_-1_0_-1-Iz--0.32_-0.68.vasp,0.381,0.393564301
2PZrSe3-1-2-1_-1_0_-1-Iz--0.34_-0.1.vasp,0.369,0.393564301
2PZrSe3-1-2-1_-1_0_-1-Iz--0.63_-0.33.vasp,0.393,0.393564301
2PZrSe3-1-2-1_-1_0_-1-Iz--0.65_-1.01.vasp,0.375,0.393564301
2PZrSe3-1-2-1_-1_0_-1-Iz--0.66_-0.67.vasp,0.354,0.393564301
2PZrSe3-1-2-1_-1_0_-1-Iz-0.01_-0.35.vasp,0.374,0.393564301
2PZrSe3-1-2-1_-1_0_-1-Iz-0.01_0.43.vasp,0.339,0.393564301
2PZrSe3-1-2-1_-1_0_-1-Iz-0.07_0.08.vasp,0.397,0.393564301
2PZrSe3-1-2-1_-1_0_-1-Iz-0.28_0.56.vasp,0.395,0.393564301
2PZrSe3-1-2-1_-1_0_-1-Iz-0.35_0.09.vasp,0.368,0.393564301
2PZrSe3-1-2-1_-1_0_-1-Iz-0.5_0.vasp,0.38,0.393564301
2PZrSe3-1-2-1_-1_0_-1-Iz-0.75_0.5.vasp,0.385,0.393564301
2PZrSe3-1-2-1_0_0_1--0.05_-0.76.vasp,0.352,0.393564301
2PZrSe3-1-2-1_0_0_1--0.26_-0.93.vasp,0.326,0.393564301
2PZrSe3-1-2-1_0_0_1--0.29_-0.93.vasp,0.323,0.393564301
2PZrSe3-1-2-1_0_0_1--0.31_-0.34.vasp,0.334,0.393564301
2PZrSe3-1-2-1_0_0_1--0.31_-0.69.vasp,0.322,0.393564301
2PZrSe3-1-2-1_0_0_1--0.39_-0.09.vasp,0.349,0.393564301
2PZrSe3-1-2-1_0_0_1--0.65_-0.01.vasp,0.357,0.393564301
2PZrSe3-1-2-1_0_0_1--0.65_-0.35.vasp,0.309,0.393564301
2PZrSe3-1-2-1_0_0_1--0.66_-0.68.vasp,0.379,0.393564301
2PZrSe3-1-2-1_0_0_1-0.05_-0.24.vasp,0.325,0.393564301
2PZrSe3-1-2-1_0_0_1-0.21_-0.84.vasp,0.348,0.393564301
2PZrSe3-1-2-1_0_0_1-0.26_-0.42.vasp,0.322,0.393564301
2PZrSe3-1-2-1_0_0_1-0.36_-0.27.vasp,0.301,0.393564301
2PZrSe3-1-2-1_0_0_1-0.36_-0.28.vasp,0.299,0.393564301
2PZrSe3-1-2-1_0_0_1-0.39_-0.58.vasp,0.364,0.393564301
2PZrSe3-1-2-1_0_0_1-0.39_0.09.vasp,0.362,0.393564301
2PZrSe3-1-2-1_0_0_1-0.4_-0.25.vasp,0.319,0.393564301
2PZrSe3-1-2-1_0_0_1-0.5_0.vasp,0.356,0.393564301
2PZrSe3-1-2-1_0_0_1-0.6_-0.42.vasp,0.309,0.393564301
2PZrSe3-1-2-1_0_0_1-0.74_-0.58.vasp,0.327,0.393564301
2PZrSe3-1-2-1_0_0_1-0.78_0.56.vasp,0.349,0.393564301
2PZrSe3-1-2-1_0_0_1-0.79_-0.16.vasp,0.337,0.393564301
2PZrSe3-1-2-1_0_0_1-0_-0.35.vasp,0.344,0.393564301
2PZrSe3-1-2-1_0_0_1-0_-1.0.vasp,0.291,0.393564301
2PZrSe3-1-2-1_0_0_1-0_0.33.vasp,0.353,0.393564301
2PZrSe3-1-2-1_0_0_1-Iz-0.5_0.vasp,0.325,0.393564301
2PZrSe3-1-2-1_0_0_1-Iz-0.78_0.56.vasp,0.332,0.393564301
2PdSeO3-1-2--1_0_0_-1-0.16_0.16.vasp,0.623,0.635989861
2PdSeO3-1-2--1_0_0_-1-0.16_0.66.vasp,0.621,0.635989861
2PdSeO3-1-2--1_0_0_-1-0.27_0.05.vasp,0.618,0.635989861
2PdSeO3-1-2--1_0_0_-1-0.52_-0.7.vasp,0.609,0.635989861
2PdSeO3-1-2-1_0_0_1--0.14_-0.36.vasp,0.617,0.635989861
2PdSeO3-1-2-1_0_0_1--0.32_-0.82.vasp,0.627,0.635989861
2PdSeO3-1-2-1_0_0_1-0.43_-0.68.vasp,0.623,0.635989861
2PdSeO3-2-2--1_0_0_-1--0.27_0.04.vasp,0.889,1.120449121
2PdSeO3-2-2--1_0_0_-1-0.99_0.vasp,1.085,1.120449121
2PdSeO3-2-2-1_0_0_1--0.26_-0.04.vasp,1.103,1.120449121
2PdSeO3-2-2-1_0_0_1-0.04_0.vasp,1.087,1.120449121
2PdSeO3-2-2-1_0_0_1-0.05_0.vasp,1.086,1.120449121
2PdSeO3-2-2-1_0_0_1-0.26_0.04.vasp,1.091,1.120449121
2PdSeO3-2-2-1_0_0_1-0.5_-0.25.vasp,1.118,1.120449121
2PdSeO3-2-2-1_0_0_1-0_0.vasp,1.092,1.120449121
2SbTlO3-1-2--1_0_0_-1--0.33_-0.67.vasp,2.39,2.827946698
2SbTlO3-1-2--1_0_0_-1--0.34_-0.46.vasp,2.68,2.827946698
2SbTlO3-1-2--1_0_0_-1-0.27_-0.46.vasp,2.726,2.827946698
2SbTlO3-1-2--1_0_0_-1-0.79_0.58.vasp,2.691,2.827946698
2SbTlO3-1-2--1_0_0_-1-Iz--0.33_-0.67.vasp,2.39,2.827946698
2SbTlO3-1-2--1_0_0_-1-Iz-0.5_0.vasp,2.65,2.827946698
2SbTlO3-1-2-1_0_0_1--0.67_-0.33.vasp,2.083,2.827946698
2SbTlO3-1-2-1_0_0_1-Iz--0.67_-0.33.vasp,2.082,2.827946698
1CoZrBr6-1-2--1_0_0_-1--0.29_-0.05.vasp,2.026,0.387656614
1CoZrBr6-1-2--1_0_0_-1-Iz--0.55_0.32.vasp,2.028,0.387656614
1CoZrBr6-1-2--1_0_0_-1-Iz--0.56_0.32.vasp,2.029,0.387656614
1CoZrBr6-1-2-1_0_0_1--0.65_0.35.vasp,2.026,0.387656614
1FeHfBr6-1-2--1_0_0_-1-Iz--0.27_0.27.vasp,2.274,0.93819039
1FeHfBr6-1-2--1_0_0_-1-Iz-0.4_-0.4.vasp,2.276,0.93819039
1FeZrBr6-1-2--1_0_0_-1-0.28_0.86.vasp,1.903,0.870978876
1FeZrBr6-1-2--1_0_0_-1-Iz--0.4_0.2.vasp,1.908,0.870978876
1FeZrBr6-1-2--1_0_0_-1-Iz-0.27_0.53.vasp,1.913,0.870978876
1FeZrBr6-1-2--1_0_0_-1-Iz-0.93_0.86.vasp,1.903,0.870978876
1FeZrBr6-1-2-1_0_0_1-0.68_0.68.vasp,1.903,0.870978876
1FeZrBr6-1-2-1_0_0_1-0_0.vasp,1.897,0.870978876
1FeZrBr6-1-2-1_0_0_1-Iz-0.32_0.01.vasp,1.9,0.870978876
1FeZrBr6-1-2-1_0_0_1-Iz-0.68_0.vasp,1.9,0.870978876
1HfMnI6-1-2--1_0_0_-1-0.21_0.75.vasp,1.603,1.35910832
1HfMnI6-1-2--1_0_0_-1-0.54_0.42.vasp,1.603,1.35910832
1HfMnI6-1-2--1_0_0_-1-Iz--0.46_0.09.vasp,1.615,1.35910832
1HfMnI6-1-2--1_0_0_-1-Iz-0.21_0.42.vasp,1.614,1.35910832
1HfMnI6-1-2--1_0_0_-1-Iz-0.21_0.74.vasp,1.613,1.35910832
1HfMnI6-1-2--1_0_0_-1-Iz-0.88_0.75.vasp,1.614,1.35910832
1HfMnI6-1-2-1_0_0_1-0.33_0.vasp,1.61,1.35910832
1HfMnI6-1-2-1_0_0_1-0.67_0.33.vasp,1.609,1.35910832
1HfMnI6-1-2-1_0_0_1-0.67_0.67.vasp,1.61,1.35910832
1HfMnI6-1-2-1_0_0_1-0_0.vasp,1.603,1.35910832
1HfMnI6-1-2-1_0_0_1-Iz-0.32_0.vasp,1.603,1.35910832
1HfMnI6-1-2-1_0_0_1-Iz-0.67_0.vasp,1.602,1.35910832
1HfMnI6-1-2-1_0_0_1-Iz-0.99_0.67.vasp,1.602,1.35910832
1HfNiBr6-1-2--1_0_0_-1-0.59_0.53.vasp,2.517,1.355200966
1HfNiBr6-1-2--1_0_0_-1-Iz--0.4_0.21.vasp,2.541,1.355200966
1HfNiBr6-1-2--1_0_0_-1-Iz-0.27_0.54.vasp,2.516,1.355200966
1HfNiBr6-1-2--1_0_0_-1-Iz-0.27_0.86.vasp,2.529,1.355200966
1HfNiBr6-1-2--1_0_0_-1-Iz-0.59_0.53.vasp,2.529,1.355200966
1HfNiBr6-1-2--1_0_0_-1-Iz-0.94_0.87.vasp,2.522,1.355200966
1HfNiBr6-1-2-1_0_0_1-0.32_0.vasp,2.526,1.355200966
1HfNiBr6-1-2-1_0_0_1-0.67_0.33.vasp,2.529,1.355200966
1HfNiBr6-1-2-1_0_0_1-0_0.vasp,2.514,1.355200966
1HfNiBr6-1-2-1_0_0_1-Iz-0.32_0.vasp,2.517,1.355200966
1HfNiBr6-1-2-1_0_0_1-Iz-0.67_0.vasp,2.517,1.355200966
1HfNiCl6-1-2--1_0_0_-1-0.34_-0.65.vasp,3.234,1.619943554
1HfNiCl6-1-2--1_0_0_-1-0.34_-0.66.vasp,3.234,1.619943554
1HfNiCl6-1-2--1_0_0_-1-0.98_0.66.vasp,3.235,1.619943554
1HfNiCl6-1-2--1_0_0_-1-Iz-0.33_-0.33.vasp,3.244,1.619943554
1HfNiCl6-1-2--1_0_0_-1-Iz-0.34_-0.66.vasp,3.245,1.619943554
1HfNiCl6-1-2--1_0_0_-1-Iz-0.66_-0.66.vasp,3.237,1.619943554
1HfNiCl6-1-2--1_0_0_-1-Iz-0.66_0.02.vasp,3.245,1.619943554
1HfNiCl6-1-2--1_0_0_-1-Iz-0.98_0.66.vasp,3.244,1.619943554
1HfNiCl6-1-2--1_0_0_-1-Iz-1.0_-1.0.vasp,3.238,1.619943554
1HfNiCl6-1-2-1_0_0_1--0.32_0.vasp,3.243,1.619943554
1HfNiCl6-1-2-1_0_0_1-0.33_-0.33.vasp,3.233,1.619943554
1HfNiCl6-1-2-1_0_0_1-0_0.vasp,3.239,1.619943554
1HfNiCl6-1-2-1_0_0_1-Iz-0.67_-0.33.vasp,3.234,1.619943554
1MnZrBr6-1-2--1_0_0_-1--0.59_0.26.vasp,2.287,1.643135496
1MnZrBr6-1-2--1_0_0_-1-0.42_-0.06.vasp,2.287,1.643135496
1MnZrBr6-1-2--1_0_0_-1-Iz--0.26_0.26.vasp,2.29,1.643135496
1MnZrBr6-1-2--1_0_0_-1-Iz--0.59_0.26.vasp,2.287,1.643135496
1MnZrBr6-1-2--1_0_0_-1-Iz--0.93_0.93.vasp,2.284,1.643135496
1MnZrBr6-1-2--1_0_0_-1-Iz-0.4_-0.4.vasp,2.292,1.643135496
1MnZrBr6-1-2-1_0_0_1--0.67_0.67.vasp,2.285,1.643135496
1MnZrBr6-1-2-1_0_0_1-0.01_0.68.vasp,2.285,1.643135496
1MnZrBr6-1-2-1_0_0_1-0.68_0.vasp,2.285,1.643135496
1MnZrBr6-1-2-1_0_0_1-0_0.68.vasp,2.285,1.643135496
1MnZrBr6-1-2-1_0_0_1-0_0.vasp,2.284,1.643135496
1MnZrBr6-1-2-1_0_0_1-Iz--0.32_0.67.vasp,2.286,1.643135496
1NiZrBr6-1-2--1_0_0_-1-0.28_-0.14.vasp,2.408,1.30106017
1NiZrBr6-1-2--1_0_0_-1-0.28_0.87.vasp,2.407,1.30106017
1NiZrBr6-1-2--1_0_0_-1-0.59_0.54.vasp,2.405,1.30106017
1NiZrBr6-1-2--1_0_0_-1-Iz--0.4_0.21.vasp,2.424,1.30106017
1NiZrBr6-1-2--1_0_0_-1-Iz-0.27_0.54.vasp,2.412,1.30106017
1NiZrBr6-1-2--1_0_0_-1-Iz-0.27_0.86.vasp,2.413,1.30106017
1NiZrBr6-1-2--1_0_0_-1-Iz-0.94_0.87.vasp,2.406,1.30106017
1NiZrBr6-1-2-1_0_0_1-0.32_0.vasp,2.409,1.30106017
1NiZrBr6-1-2-1_0_0_1-0.67_0.33.vasp,2.422,1.30106017
1NiZrBr6-1-2-1_0_0_1-0_0.vasp,2.391,1.30106017
1NiZrBr6-1-2-1_0_0_1-Iz-0.68_0.68.vasp,2.404,1.30106017
1NiZrBr6-1-2-1_0_0_1-Iz-0.68_0.vasp,2.404,1.30106017
1NiZrCl6-1-2--1_0_0_-1-0.99_0.66.vasp,3.138,1.598122571
1NiZrCl6-1-2--1_0_0_-1-Iz-0.33_-0.33.vasp,3.148,1.598122571
1NiZrCl6-1-2--1_0_0_-1-Iz-0.34_-0.66.vasp,3.148,1.598122571
1NiZrCl6-1-2--1_0_0_-1-Iz-0.66_-0.66.vasp,3.146,1.598122571
1NiZrCl6-1-2--1_0_0_-1-Iz-0.66_0.01.vasp,3.148,1.598122571
1NiZrCl6-1-2--1_0_0_-1-Iz-0.99_0.66.vasp,3.147,1.598122571
1NiZrCl6-1-2--1_0_0_-1-Iz-1.0_-1.0.vasp,3.141,1.598122571
1NiZrCl6-1-2-1_0_0_1-0.33_-0.33.vasp,3.136,1.598122571
1NiZrCl6-1-2-1_0_0_1-0.68_0.vasp,3.147,1.598122571
1NiZrCl6-1-2-1_0_0_1-0_0.vasp,3.144,1.598122571
1NiZrCl6-1-2-1_0_0_1-Iz-0.32_0.vasp,3.138,1.598122571
1NiZrCl6-1-2-1_0_0_1-Iz-0.68_-0.32.vasp,3.139,1.598122571
1NiZrCl6-1-2-1_0_0_1-Iz-0.68_0.68.vasp,3.138,1.598122571
1CdClHO-1-2--1_0_0_-1-Iz--0.33_0.33.vasp,2.295,2.516984536
1CdClHO-1-2-1_0_0_1-Iz--0.33_0.33.vasp,2.272,2.516984536
2CNNaS-1-2--1_0_0_-1-Iz--0.5_-0.28.vasp,4.112,4.120610117
2CNNaS-1-2--1_0_0_-1-Iz-0.5_0.vasp,3.984,4.120610117
2CNNaS-1-2-1_0_0_1-0_-0.27.vasp,3.773,4.120610117
2CNNaS-1-2-1_0_0_1-0_-1.0.vasp,4.035,4.120610117
2ClCuHgSe-1-2--1_0_0_-1-Iz-0.49_0.36.vasp,0.811,0.833374158
2ClCuHgSe-1-2--1_0_0_-1-Iz-0_0.23.vasp,0.827,0.833374158
2ClCuHgSe-1-2--1_0_0_-1-Iz-0_0.89.vasp,0.884,0.833374158
2ClCuHgSe-1-2-1_0_0_1-0.49_0.69.vasp,0.841,0.833374158
2ClCuHgSe-1-2-1_0_0_1-0_0.83.vasp,0.772,0.833374158
2IMnSbSe2-1-2-1_0_0_1--0.5_-0.81.vasp,0.432,0.054083505
